<?xml version="1.0" encoding="UTF-8"?>
<section-data-set>
  <blue-channel nil="true"/>
  <delegate>false</delegate>
  <expression>true</expression>
  <failed>false</failed>
  <failed-facet>734881840</failed-facet>
  <green-channel nil="true"/>
  <id>78591080</id>
  <name nil="true"/>
  <qc-date>2007-10-10T08:13:38Z</qc-date>
  <red-channel nil="true"/>
  <reference-space-id>9</reference-space-id>
  <rnaseq-design-id nil="true"/>
  <section-thickness>25.0</section-thickness>
  <specimen-id>78087625</specimen-id>
  <sphinx-id>22824</sphinx-id>
  <storage-directory>/external/mouse/prod41/image_series_78591080/</storage-directory>
  <weight>5030</weight>
  <products>
    <product>
      <abbreviation>MouseDiv</abbreviation>
      <description>High-resolution ISH data detailing the expression of approximately 50 well-known drug target genes and 12 additional genes throughout the adult male mouse brain in seven different mouse strains and in adult female C57BL/6J mice.</description>
      <id type="integer">16</id>
      <name>Mouse Strains</name>
      <product-name-facet type="integer">635972493</product-name-facet>
      <resource>Mouse Strains Study</resource>
      <species>Mouse</species>
      <species-name-facet type="integer">1861523945</species-name-facet>
      <tags>Diversity</tags>
    </product>
  </products>
  <specimen>
    <cell-prep-sample-id type="integer" nil="true"/>
    <cell-reporter-id type="integer" nil="true"/>
    <cortex-layer-id type="integer" nil="true"/>
    <data nil="true"/>
    <donor-id type="integer">13785</donor-id>
    <ephys-result-id type="integer" nil="true"/>
    <external-specimen-name nil="true"/>
    <failed-facet type="integer">734881840</failed-facet>
    <hemisphere>(none)</hemisphere>
    <id type="integer">78087625</id>
    <is-cell-specimen type="boolean">false</is-cell-specimen>
    <is-ish type="boolean">false</is-ish>
    <name>321-0715</name>
    <parent-id type="integer" nil="true"/>
    <parent-x-coord type="integer" nil="true"/>
    <parent-y-coord type="integer" nil="true"/>
    <parent-z-coord type="integer" nil="true"/>
    <pinned-radius type="float" nil="true"/>
    <rna-integrity-number type="float" nil="true"/>
    <specimen-id-path>/78087625/</specimen-id-path>
    <sphinx-id type="integer">26621</sphinx-id>
    <structure-id type="integer" nil="true"/>
    <tissue-ph type="float" nil="true"/>
    <treatment-id type="integer" nil="true"/>
    <weight type="integer">9000</weight>
    <donor>
      <age-id type="integer">15</age-id>
      <chemotherapy nil="true"/>
      <condition-description nil="true"/>
      <data nil="true"/>
      <date-of-birth type="datetime" nil="true"/>
      <donor-condition-description-facet type="integer" nil="true"/>
      <donor-race-only-facet type="integer" nil="true"/>
      <donor-sex-facet type="integer">4122955671</donor-sex-facet>
      <donor-strain-facet type="integer">3421765595</donor-strain-facet>
      <donor-strain-only-facet type="integer">3421765595</donor-strain-only-facet>
      <egfr-amplification nil="true"/>
      <extent-of-resection nil="true"/>
      <external-donor-name nil="true"/>
      <full-genotype nil="true"/>
      <handedness>unknown</handedness>
      <id type="integer">13785</id>
      <initial-kps nil="true"/>
      <mgmt-ihc type="integer" nil="true"/>
      <mgmt-methylation nil="true"/>
      <molecular-subtype nil="true"/>
      <multifocal nil="true"/>
      <name>321-0715</name>
      <organism-id type="integer">2</organism-id>
      <pmi type="float">0.0</pmi>
      <primary-tissue-source>AIBS</primary-tissue-source>
      <pten-deletion nil="true"/>
      <race-only nil="true"/>
      <radiation-therapy nil="true"/>
      <recurrence-by-six-months nil="true"/>
      <sex>M</sex>
      <sex-full-name>Male</sex-full-name>
      <sleep-state nil="true"/>
      <smoker nil="true"/>
      <strain>CAST/EiJ</strain>
      <strain-only>CAST/EiJ</strain-only>
      <survival-days type="integer" nil="true"/>
      <tags>321-0715 unknown</tags>
      <theiler-stage nil="true"/>
      <time-to-progression-or-recurrence nil="true"/>
      <transgenic-mouse-id type="integer" nil="true"/>
      <tumor-status nil="true"/>
      <weight-grams type="float">13.3</weight-grams>
    </donor>
  </specimen>
  <alignment3d>
    <id type="integer">171968573</id>
    <trv>0.00995611,0.0220385,0.900686,-0.0651683,0.982445,-0.0233361,-0.909497,-0.0713541,0.0115814,952.593,1652.75,12407.0</trv>
    <tvr>0.0119978,-0.0797012,-1.09367,0.0271491,1.01201,-0.0722169,1.10947,-0.0238815,0.0138563,13689.4,-802.473,-1189.32</tvr>
  </alignment3d>
  <section-images>
    <section-image>
      <annotated type="boolean">false</annotated>
      <axes nil="true"/>
      <bits-per-component type="integer">8</bits-per-component>
      <data-set-id type="integer">78591080</data-set-id>
      <expression type="boolean" nil="true"/>
      <expression-path>/external/mouse/prod36/0302011661/0302011661_1_expression.aff</expression-path>
      <failed type="boolean">false</failed>
      <height type="integer">4737</height>
      <id type="integer">78573240</id>
      <image-height type="integer">4737</image-height>
      <image-type>Primary</image-type>
      <image-width type="integer">5137</image-width>
      <isi-experiment-id type="integer" nil="true"/>
      <lims1-id type="integer">78573240</lims1-id>
      <number-of-components type="integer">3</number-of-components>
      <ophys-experiment-id type="integer" nil="true"/>
      <path>/external/aibssan/production21/stitch10/0302011661/0302011661_1_zoom.aff</path>
      <projection-function nil="true"/>
      <resolution type="float">1.049</resolution>
      <section-number type="integer">1</section-number>
      <specimen-id type="integer" nil="true"/>
      <structure-id type="integer" nil="true"/>
      <tier-count type="integer">6</tier-count>
      <width type="integer">5137</width>
      <x type="integer">0</x>
      <y type="integer">0</y>
      <alignment2d>
        <id type="integer">171969351</id>
        <tvs>0.953289,0.0,0.0,0.953289,-3404.41,-2423.83</tvs>
        <tsv>1.049,0.0,0.0,1.049,3571.22,2542.6</tsv>
      </alignment2d>
    </section-image>
    <section-image>
      <annotated type="boolean">false</annotated>
      <axes nil="true"/>
      <bits-per-component type="integer">8</bits-per-component>
      <data-set-id type="integer">78591080</data-set-id>
      <expression type="boolean" nil="true"/>
      <expression-path>/external/mouse/prod36/0302011661/0302011661_9_expression.aff</expression-path>
      <failed type="boolean">false</failed>
      <height type="integer">5345</height>
      <id type="integer">78573242</id>
      <image-height type="integer">5345</image-height>
      <image-type>Primary</image-type>
      <image-width type="integer">5185</image-width>
      <isi-experiment-id type="integer" nil="true"/>
      <lims1-id type="integer">78573242</lims1-id>
      <number-of-components type="integer">3</number-of-components>
      <ophys-experiment-id type="integer" nil="true"/>
      <path>/external/aibssan/production21/stitch10/0302011661/0302011661_2_zoom.aff</path>
      <projection-function nil="true"/>
      <resolution type="float">1.049</resolution>
      <section-number type="integer">9</section-number>
      <specimen-id type="integer" nil="true"/>
      <structure-id type="integer" nil="true"/>
      <tier-count type="integer">6</tier-count>
      <width type="integer">5185</width>
      <x type="integer">0</x>
      <y type="integer">0</y>
      <alignment2d>
        <id type="integer">171969353</id>
        <tvs>0.953285,0.00278091,-0.00278091,0.953285,-3410.91,-2720.16</tvs>
        <tsv>1.049,-0.00306012,0.00306012,1.049,3569.71,2863.87</tsv>
      </alignment2d>
    </section-image>
    <section-image>
      <annotated type="boolean">false</annotated>
      <axes nil="true"/>
      <bits-per-component type="integer">8</bits-per-component>
      <data-set-id type="integer">78591080</data-set-id>
      <expression type="boolean" nil="true"/>
      <expression-path>/external/mouse/prod36/0302011661/0302011661_17_expression.aff</expression-path>
      <failed type="boolean">false</failed>
      <height type="integer">5777</height>
      <id type="integer">78573244</id>
      <image-height type="integer">5777</image-height>
      <image-type>Primary</image-type>
      <image-width type="integer">5649</image-width>
      <isi-experiment-id type="integer" nil="true"/>
      <lims1-id type="integer">78573244</lims1-id>
      <number-of-components type="integer">3</number-of-components>
      <ophys-experiment-id type="integer" nil="true"/>
      <path>/external/aibssan/production21/stitch10/0302011661/0302011661_3_zoom.aff</path>
      <projection-function nil="true"/>
      <resolution type="float">1.049</resolution>
      <section-number type="integer">17</section-number>
      <specimen-id type="integer" nil="true"/>
      <structure-id type="integer" nil="true"/>
      <tier-count type="integer">6</tier-count>
      <width type="integer">5649</width>
      <x type="integer">0</x>
      <y type="integer">0</y>
      <alignment2d>
        <id type="integer">171969355</id>
        <tvs>0.953281,-0.00374812,0.00374812,0.953281,-3027.67,-2070.14</tvs>
        <tsv>1.04899,0.00412444,-0.00412444,1.04899,3184.54,2159.07</tsv>
      </alignment2d>
    </section-image>
    <section-image>
      <annotated type="boolean">false</annotated>
      <axes nil="true"/>
      <bits-per-component type="integer">8</bits-per-component>
      <data-set-id type="integer">78591080</data-set-id>
      <expression type="boolean" nil="true"/>
      <expression-path>/external/mouse/prod36/0302011661/0302011661_25_expression.aff</expression-path>
      <failed type="boolean">false</failed>
      <height type="integer">6065</height>
      <id type="integer">78573246</id>
      <image-height type="integer">6065</image-height>
      <image-type>Primary</image-type>
      <image-width type="integer">6225</image-width>
      <isi-experiment-id type="integer" nil="true"/>
      <lims1-id type="integer">78573246</lims1-id>
      <number-of-components type="integer">3</number-of-components>
      <ophys-experiment-id type="integer" nil="true"/>
      <path>/external/aibssan/production21/stitch10/0302011661/0302011661_4_zoom.aff</path>
      <projection-function nil="true"/>
      <resolution type="float">1.049</resolution>
      <section-number type="integer">25</section-number>
      <specimen-id type="integer" nil="true"/>
      <structure-id type="integer" nil="true"/>
      <tier-count type="integer">6</tier-count>
      <width type="integer">6225</width>
      <x type="integer">0</x>
      <y type="integer">0</y>
      <alignment2d>
        <id type="integer">171969357</id>
        <tvs>0.953289,0.000809807,-0.000809807,0.953289,-2736.0,-1866.1</tvs>
        <tsv>1.049,-0.000891112,0.000891112,1.049,2868.4,1959.97</tsv>
      </alignment2d>
    </section-image>
    <section-image>
      <annotated type="boolean">false</annotated>
      <axes nil="true"/>
      <bits-per-component type="integer">8</bits-per-component>
      <data-set-id type="integer">78591080</data-set-id>
      <expression type="boolean" nil="true"/>
      <expression-path>/external/mouse/prod36/0302021708/0302021708_33_expression.aff</expression-path>
      <failed type="boolean">false</failed>
      <height type="integer">5985</height>
      <id type="integer">78573250</id>
      <image-height type="integer">5985</image-height>
      <image-type>Primary</image-type>
      <image-width type="integer">6737</image-width>
      <isi-experiment-id type="integer" nil="true"/>
      <lims1-id type="integer">78573250</lims1-id>
      <number-of-components type="integer">3</number-of-components>
      <ophys-experiment-id type="integer" nil="true"/>
      <path>/external/aibssan/production21/stitch10/0302021708/0302021708_1_zoom.aff</path>
      <projection-function nil="true"/>
      <resolution type="float">1.049</resolution>
      <section-number type="integer">33</section-number>
      <specimen-id type="integer" nil="true"/>
      <structure-id type="integer" nil="true"/>
      <tier-count type="integer">6</tier-count>
      <width type="integer">6737</width>
      <x type="integer">0</x>
      <y type="integer">0</y>
      <alignment2d>
        <id type="integer">171969359</id>
        <tvs>0.953288,0.00107583,-0.00107583,0.953288,-2578.38,-1926.69</tvs>
        <tsv>1.049,-0.00118385,0.00118385,1.049,2702.44,2024.15</tsv>
      </alignment2d>
    </section-image>
    <section-image>
      <annotated type="boolean">false</annotated>
      <axes nil="true"/>
      <bits-per-component type="integer">8</bits-per-component>
      <data-set-id type="integer">78591080</data-set-id>
      <expression type="boolean" nil="true"/>
      <expression-path>/external/mouse/prod36/0302021708/0302021708_41_expression.aff</expression-path>
      <failed type="boolean">false</failed>
      <height type="integer">6177</height>
      <id type="integer">78573252</id>
      <image-height type="integer">6177</image-height>
      <image-type>Primary</image-type>
      <image-width type="integer">7745</image-width>
      <isi-experiment-id type="integer" nil="true"/>
      <lims1-id type="integer">78573252</lims1-id>
      <number-of-components type="integer">3</number-of-components>
      <ophys-experiment-id type="integer" nil="true"/>
      <path>/external/aibssan/production21/stitch10/0302021708/0302021708_2_zoom.aff</path>
      <projection-function nil="true"/>
      <resolution type="float">1.049</resolution>
      <section-number type="integer">41</section-number>
      <specimen-id type="integer" nil="true"/>
      <structure-id type="integer" nil="true"/>
      <tier-count type="integer">6</tier-count>
      <width type="integer">7745</width>
      <x type="integer">0</x>
      <y type="integer">0</y>
      <alignment2d>
        <id type="integer">171969361</id>
        <tvs>0.953286,-0.00226891,0.00226891,0.953286,-2054.96,-1897.6</tvs>
        <tsv>1.049,0.00249672,-0.00249672,1.049,2160.39,1985.44</tsv>
      </alignment2d>
    </section-image>
    <section-image>
      <annotated type="boolean">false</annotated>
      <axes nil="true"/>
      <bits-per-component type="integer">8</bits-per-component>
      <data-set-id type="integer">78591080</data-set-id>
      <expression type="boolean" nil="true"/>
      <expression-path>/external/mouse/prod36/0302021708/0302021708_49_expression.aff</expression-path>
      <failed type="boolean">false</failed>
      <height type="integer">6321</height>
      <id type="integer">78573254</id>
      <image-height type="integer">6321</image-height>
      <image-type>Primary</image-type>
      <image-width type="integer">8033</image-width>
      <isi-experiment-id type="integer" nil="true"/>
      <lims1-id type="integer">78573254</lims1-id>
      <number-of-components type="integer">3</number-of-components>
      <ophys-experiment-id type="integer" nil="true"/>
      <path>/external/aibssan/production21/stitch10/0302021708/0302021708_3_zoom.aff</path>
      <projection-function nil="true"/>
      <resolution type="float">1.049</resolution>
      <section-number type="integer">49</section-number>
      <specimen-id type="integer" nil="true"/>
      <structure-id type="integer" nil="true"/>
      <tier-count type="integer">6</tier-count>
      <width type="integer">8033</width>
      <x type="integer">0</x>
      <y type="integer">0</y>
      <alignment2d>
        <id type="integer">171969363</id>
        <tvs>0.953288,0.00153841,-0.00153841,0.953288,-1910.54,-1764.76</tvs>
        <tsv>1.049,-0.00169287,0.00169287,1.049,2001.17,1854.46</tsv>
      </alignment2d>
    </section-image>
    <section-image>
      <annotated type="boolean">false</annotated>
      <axes nil="true"/>
      <bits-per-component type="integer">8</bits-per-component>
      <data-set-id type="integer">78591080</data-set-id>
      <expression type="boolean" nil="true"/>
      <expression-path>/external/mouse/prod36/0302021708/0302021708_57_expression.aff</expression-path>
      <failed type="boolean">false</failed>
      <height type="integer">5745</height>
      <id type="integer">78573256</id>
      <image-height type="integer">5745</image-height>
      <image-type>Primary</image-type>
      <image-width type="integer">8401</image-width>
      <isi-experiment-id type="integer" nil="true"/>
      <lims1-id type="integer">78573256</lims1-id>
      <number-of-components type="integer">3</number-of-components>
      <ophys-experiment-id type="integer" nil="true"/>
      <path>/external/aibssan/production21/stitch10/0302021708/0302021708_4_zoom.aff</path>
      <projection-function nil="true"/>
      <resolution type="float">1.049</resolution>
      <section-number type="integer">57</section-number>
      <specimen-id type="integer" nil="true"/>
      <structure-id type="integer" nil="true"/>
      <tier-count type="integer">7</tier-count>
      <width type="integer">8401</width>
      <x type="integer">0</x>
      <y type="integer">0</y>
      <alignment2d>
        <id type="integer">171969365</id>
        <tvs>0.953286,0.0023152,-0.0023152,0.953286,-1812.6,-1718.93</tvs>
        <tsv>1.049,-0.00254765,0.00254765,1.049,1897.03,1807.77</tsv>
      </alignment2d>
    </section-image>
    <section-image>
      <annotated type="boolean">false</annotated>
      <axes nil="true"/>
      <bits-per-component type="integer">8</bits-per-component>
      <data-set-id type="integer">78591080</data-set-id>
      <expression type="boolean" nil="true"/>
      <expression-path>/external/mouse/prod36/0302031788/0302031788_65_expression.aff</expression-path>
      <failed type="boolean">false</failed>
      <height type="integer">6513</height>
      <id type="integer">78573260</id>
      <image-height type="integer">6513</image-height>
      <image-type>Primary</image-type>
      <image-width type="integer">8817</image-width>
      <isi-experiment-id type="integer" nil="true"/>
      <lims1-id type="integer">78573260</lims1-id>
      <number-of-components type="integer">3</number-of-components>
      <ophys-experiment-id type="integer" nil="true"/>
      <path>/external/aibssan/production21/stitch10/0302031788/0302031788_1_zoom.aff</path>
      <projection-function nil="true"/>
      <resolution type="float">1.049</resolution>
      <section-number type="integer">65</section-number>
      <specimen-id type="integer" nil="true"/>
      <structure-id type="integer" nil="true"/>
      <tier-count type="integer">7</tier-count>
      <width type="integer">8817</width>
      <x type="integer">0</x>
      <y type="integer">0</y>
      <alignment2d>
        <id type="integer">171969367</id>
        <tvs>0.953288,0.00135558,-0.00135558,0.953288,-1297.24,-1673.42</tvs>
        <tsv>1.049,-0.00149168,0.00149168,1.049,1358.31,1757.35</tsv>
      </alignment2d>
    </section-image>
    <section-image>
      <annotated type="boolean">false</annotated>
      <axes nil="true"/>
      <bits-per-component type="integer">8</bits-per-component>
      <data-set-id type="integer">78591080</data-set-id>
      <expression type="boolean" nil="true"/>
      <expression-path>/external/mouse/prod36/0302031788/0302031788_73_expression.aff</expression-path>
      <failed type="boolean">false</failed>
      <height type="integer">6689</height>
      <id type="integer">78573262</id>
      <image-height type="integer">6689</image-height>
      <image-type>Primary</image-type>
      <image-width type="integer">8833</image-width>
      <isi-experiment-id type="integer" nil="true"/>
      <lims1-id type="integer">78573262</lims1-id>
      <number-of-components type="integer">3</number-of-components>
      <ophys-experiment-id type="integer" nil="true"/>
      <path>/external/aibssan/production21/stitch10/0302031788/0302031788_2_zoom.aff</path>
      <projection-function nil="true"/>
      <resolution type="float">1.049</resolution>
      <section-number type="integer">73</section-number>
      <specimen-id type="integer" nil="true"/>
      <structure-id type="integer" nil="true"/>
      <tier-count type="integer">7</tier-count>
      <width type="integer">8833</width>
      <x type="integer">0</x>
      <y type="integer">0</y>
      <alignment2d>
        <id type="integer">171969369</id>
        <tvs>0.953176,0.0146883,-0.0146883,0.953176,-1306.5,-1515.39</tvs>
        <tsv>1.04888,-0.016163,0.016163,1.04888,1345.86,1610.57</tsv>
      </alignment2d>
    </section-image>
    <section-image>
      <annotated type="boolean">false</annotated>
      <axes nil="true"/>
      <bits-per-component type="integer">8</bits-per-component>
      <data-set-id type="integer">78591080</data-set-id>
      <expression type="boolean" nil="true"/>
      <expression-path>/external/mouse/prod36/0302031788/0302031788_81_expression.aff</expression-path>
      <failed type="boolean">false</failed>
      <height type="integer">6577</height>
      <id type="integer">78573264</id>
      <image-height type="integer">6577</image-height>
      <image-type>Primary</image-type>
      <image-width type="integer">8529</image-width>
      <isi-experiment-id type="integer" nil="true"/>
      <lims1-id type="integer">78573264</lims1-id>
      <number-of-components type="integer">3</number-of-components>
      <ophys-experiment-id type="integer" nil="true"/>
      <path>/external/aibssan/production21/stitch10/0302031788/0302031788_3_zoom.aff</path>
      <projection-function nil="true"/>
      <resolution type="float">1.049</resolution>
      <section-number type="integer">81</section-number>
      <specimen-id type="integer" nil="true"/>
      <structure-id type="integer" nil="true"/>
      <tier-count type="integer">7</tier-count>
      <width type="integer">8529</width>
      <x type="integer">0</x>
      <y type="integer">0</y>
      <alignment2d>
        <id type="integer">171969371</id>
        <tvs>0.953247,0.00888726,-0.00888726,0.953247,-1460.35,-1718.56</tvs>
        <tsv>1.04895,-0.00977955,0.00977955,1.04895,1515.03,1816.97</tsv>
      </alignment2d>
    </section-image>
    <section-image>
      <annotated type="boolean">false</annotated>
      <axes nil="true"/>
      <bits-per-component type="integer">8</bits-per-component>
      <data-set-id type="integer">78591080</data-set-id>
      <expression type="boolean" nil="true"/>
      <expression-path>/external/mouse/prod36/0302031788/0302031788_89_expression.aff</expression-path>
      <failed type="boolean">false</failed>
      <height type="integer">6561</height>
      <id type="integer">78573266</id>
      <image-height type="integer">6561</image-height>
      <image-type>Primary</image-type>
      <image-width type="integer">8433</image-width>
      <isi-experiment-id type="integer" nil="true"/>
      <lims1-id type="integer">78573266</lims1-id>
      <number-of-components type="integer">3</number-of-components>
      <ophys-experiment-id type="integer" nil="true"/>
      <path>/external/aibssan/production21/stitch10/0302031788/0302031788_4_zoom.aff</path>
      <projection-function nil="true"/>
      <resolution type="float">1.049</resolution>
      <section-number type="integer">89</section-number>
      <specimen-id type="integer" nil="true"/>
      <structure-id type="integer" nil="true"/>
      <tier-count type="integer">7</tier-count>
      <width type="integer">8433</width>
      <x type="integer">0</x>
      <y type="integer">0</y>
      <alignment2d>
        <id type="integer">171969373</id>
        <tvs>0.953289,0.000543715,-0.000543715,0.953289,-1611.36,-1840.27</tvs>
        <tsv>1.049,-0.000598305,0.000598305,1.049,1689.22,1931.4</tsv>
      </alignment2d>
    </section-image>
    <section-image>
      <annotated type="boolean">false</annotated>
      <axes nil="true"/>
      <bits-per-component type="integer">8</bits-per-component>
      <data-set-id type="integer">78591080</data-set-id>
      <expression type="boolean" nil="true"/>
      <expression-path>/external/mouse/prod36/0302041728/0302041728_97_expression.aff</expression-path>
      <failed type="boolean">false</failed>
      <height type="integer">6593</height>
      <id type="integer">78573270</id>
      <image-height type="integer">6593</image-height>
      <image-type>Primary</image-type>
      <image-width type="integer">8193</image-width>
      <isi-experiment-id type="integer" nil="true"/>
      <lims1-id type="integer">78573270</lims1-id>
      <number-of-components type="integer">3</number-of-components>
      <ophys-experiment-id type="integer" nil="true"/>
      <path>/external/aibssan/production21/stitch10/0302041728/0302041728_1_zoom.aff</path>
      <projection-function nil="true"/>
      <resolution type="float">1.049</resolution>
      <section-number type="integer">97</section-number>
      <specimen-id type="integer" nil="true"/>
      <structure-id type="integer" nil="true"/>
      <tier-count type="integer">7</tier-count>
      <width type="integer">8193</width>
      <x type="integer">0</x>
      <y type="integer">0</y>
      <alignment2d>
        <id type="integer">171969375</id>
        <tvs>0.953261,0.00731035,-0.00731035,0.953261,-2023.47,-1858.21</tvs>
        <tsv>1.04897,-0.00804432,0.00804432,1.04897,2107.61,1965.48</tsv>
      </alignment2d>
    </section-image>
    <section-image>
      <annotated type="boolean">false</annotated>
      <axes nil="true"/>
      <bits-per-component type="integer">8</bits-per-component>
      <data-set-id type="integer">78591080</data-set-id>
      <expression type="boolean" nil="true"/>
      <expression-path>/external/mouse/prod36/0302041728/0302041728_105_expression.aff</expression-path>
      <failed type="boolean">false</failed>
      <height type="integer">6753</height>
      <id type="integer">78573272</id>
      <image-height type="integer">6753</image-height>
      <image-type>Primary</image-type>
      <image-width type="integer">7985</image-width>
      <isi-experiment-id type="integer" nil="true"/>
      <lims1-id type="integer">78573272</lims1-id>
      <number-of-components type="integer">3</number-of-components>
      <ophys-experiment-id type="integer" nil="true"/>
      <path>/external/aibssan/production21/stitch10/0302041728/0302041728_2_zoom.aff</path>
      <projection-function nil="true"/>
      <resolution type="float">1.049</resolution>
      <section-number type="integer">105</section-number>
      <specimen-id type="integer" nil="true"/>
      <structure-id type="integer" nil="true"/>
      <tier-count type="integer">6</tier-count>
      <width type="integer">7985</width>
      <x type="integer">0</x>
      <y type="integer">0</y>
      <alignment2d>
        <id type="integer">171969377</id>
        <tvs>0.953212,0.012105,-0.012105,0.953212,-2124.71,-1719.59</tvs>
        <tsv>1.04892,-0.0133203,0.0133203,1.04892,2205.74,1832.0</tsv>
      </alignment2d>
    </section-image>
    <section-image>
      <annotated type="boolean">false</annotated>
      <axes nil="true"/>
      <bits-per-component type="integer">8</bits-per-component>
      <data-set-id type="integer">78591080</data-set-id>
      <expression type="boolean" nil="true"/>
      <expression-path>/external/mouse/prod36/0302041728/0302041728_113_expression.aff</expression-path>
      <failed type="boolean">false</failed>
      <height type="integer">6337</height>
      <id type="integer">78573274</id>
      <image-height type="integer">6337</image-height>
      <image-type>Primary</image-type>
      <image-width type="integer">7649</image-width>
      <isi-experiment-id type="integer" nil="true"/>
      <lims1-id type="integer">78573274</lims1-id>
      <number-of-components type="integer">3</number-of-components>
      <ophys-experiment-id type="integer" nil="true"/>
      <path>/external/aibssan/production21/stitch10/0302041728/0302041728_3_zoom.aff</path>
      <projection-function nil="true"/>
      <resolution type="float">1.049</resolution>
      <section-number type="integer">113</section-number>
      <specimen-id type="integer" nil="true"/>
      <structure-id type="integer" nil="true"/>
      <tier-count type="integer">6</tier-count>
      <width type="integer">7649</width>
      <x type="integer">0</x>
      <y type="integer">0</y>
      <alignment2d>
        <id type="integer">171969379</id>
        <tvs>0.953272,0.00567507,-0.00567507,0.953272,-1996.21,-1833.49</tvs>
        <tsv>1.04898,-0.00624485,0.00624485,1.04898,2082.54,1935.77</tsv>
      </alignment2d>
    </section-image>
    <section-image>
      <annotated type="boolean">false</annotated>
      <axes nil="true"/>
      <bits-per-component type="integer">8</bits-per-component>
      <data-set-id type="integer">78591080</data-set-id>
      <expression type="boolean" nil="true"/>
      <expression-path>/external/mouse/prod36/0302041728/0302041728_121_expression.aff</expression-path>
      <failed type="boolean">false</failed>
      <height type="integer">6881</height>
      <id type="integer">78573276</id>
      <image-height type="integer">6881</image-height>
      <image-type>Primary</image-type>
      <image-width type="integer">8321</image-width>
      <isi-experiment-id type="integer" nil="true"/>
      <lims1-id type="integer">78573276</lims1-id>
      <number-of-components type="integer">3</number-of-components>
      <ophys-experiment-id type="integer" nil="true"/>
      <path>/external/aibssan/production21/stitch10/0302041728/0302041728_4_zoom.aff</path>
      <projection-function nil="true"/>
      <resolution type="float">1.049</resolution>
      <section-number type="integer">121</section-number>
      <specimen-id type="integer" nil="true"/>
      <structure-id type="integer" nil="true"/>
      <tier-count type="integer">7</tier-count>
      <width type="integer">8321</width>
      <x type="integer">0</x>
      <y type="integer">0</y>
      <alignment2d>
        <id type="integer">171969381</id>
        <tvs>0.95324,0.00969354,-0.00969354,0.95324,-1913.25,-1382.99</tvs>
        <tsv>1.04895,-0.0106668,0.0106668,1.04895,1992.14,1471.09</tsv>
      </alignment2d>
    </section-image>
    <section-image>
      <annotated type="boolean">false</annotated>
      <axes nil="true"/>
      <bits-per-component type="integer">8</bits-per-component>
      <data-set-id type="integer">78591080</data-set-id>
      <expression type="boolean" nil="true"/>
      <expression-path>/external/mouse/prod36/0302052123/0302052123_129_expression.aff</expression-path>
      <failed type="boolean">false</failed>
      <height type="integer">6305</height>
      <id type="integer">78573280</id>
      <image-height type="integer">6305</image-height>
      <image-type>Primary</image-type>
      <image-width type="integer">8817</image-width>
      <isi-experiment-id type="integer" nil="true"/>
      <lims1-id type="integer">78573280</lims1-id>
      <number-of-components type="integer">3</number-of-components>
      <ophys-experiment-id type="integer" nil="true"/>
      <path>/external/aibssan/production21/stitch10/0302052123/0302052123_1_zoom.aff</path>
      <projection-function nil="true"/>
      <resolution type="float">1.049</resolution>
      <section-number type="integer">129</section-number>
      <specimen-id type="integer" nil="true"/>
      <structure-id type="integer" nil="true"/>
      <tier-count type="integer">7</tier-count>
      <width type="integer">8817</width>
      <x type="integer">0</x>
      <y type="integer">0</y>
      <alignment2d>
        <id type="integer">171969383</id>
        <tvs>0.953288,-0.00145436,0.00145436,0.953288,-1610.86,-1793.49</tvs>
        <tsv>1.049,0.00160038,-0.00160038,1.049,1692.66,1878.79</tsv>
      </alignment2d>
    </section-image>
    <section-image>
      <annotated type="boolean">false</annotated>
      <axes nil="true"/>
      <bits-per-component type="integer">8</bits-per-component>
      <data-set-id type="integer">78591080</data-set-id>
      <expression type="boolean" nil="true"/>
      <expression-path>/external/mouse/prod36/0302052123/0302052123_137_expression.aff</expression-path>
      <failed type="boolean">false</failed>
      <height type="integer">5905</height>
      <id type="integer">78573282</id>
      <image-height type="integer">5905</image-height>
      <image-type>Primary</image-type>
      <image-width type="integer">9137</image-width>
      <isi-experiment-id type="integer" nil="true"/>
      <lims1-id type="integer">78573282</lims1-id>
      <number-of-components type="integer">3</number-of-components>
      <ophys-experiment-id type="integer" nil="true"/>
      <path>/external/aibssan/production21/stitch10/0302052123/0302052123_2_zoom.aff</path>
      <projection-function nil="true"/>
      <resolution type="float">1.049</resolution>
      <section-number type="integer">137</section-number>
      <specimen-id type="integer" nil="true"/>
      <structure-id type="integer" nil="true"/>
      <tier-count type="integer">7</tier-count>
      <width type="integer">9137</width>
      <x type="integer">0</x>
      <y type="integer">0</y>
      <alignment2d>
        <id type="integer">171969385</id>
        <tvs>0.953289,-0.000468177,0.000468177,0.953289,-1441.59,-1938.66</tvs>
        <tsv>1.049,0.000515183,-0.000515183,1.049,1513.23,2032.91</tsv>
      </alignment2d>
    </section-image>
    <section-image>
      <annotated type="boolean">false</annotated>
      <axes nil="true"/>
      <bits-per-component type="integer">8</bits-per-component>
      <data-set-id type="integer">78591080</data-set-id>
      <expression type="boolean" nil="true"/>
      <expression-path>/external/mouse/prod36/0302052123/0302052123_145_expression.aff</expression-path>
      <failed type="boolean">false</failed>
      <height type="integer">5841</height>
      <id type="integer">78573284</id>
      <image-height type="integer">5841</image-height>
      <image-type>Primary</image-type>
      <image-width type="integer">9265</image-width>
      <isi-experiment-id type="integer" nil="true"/>
      <lims1-id type="integer">78573284</lims1-id>
      <number-of-components type="integer">3</number-of-components>
      <ophys-experiment-id type="integer" nil="true"/>
      <path>/external/aibssan/production21/stitch10/0302052123/0302052123_3_zoom.aff</path>
      <projection-function nil="true"/>
      <resolution type="float">1.049</resolution>
      <section-number type="integer">145</section-number>
      <specimen-id type="integer" nil="true"/>
      <structure-id type="integer" nil="true"/>
      <tier-count type="integer">7</tier-count>
      <width type="integer">9265</width>
      <x type="integer">0</x>
      <y type="integer">0</y>
      <alignment2d>
        <id type="integer">171969387</id>
        <tvs>0.953265,0.00680883,-0.00680883,0.953265,-1432.03,-1797.46</tvs>
        <tsv>1.04897,-0.00749244,0.00749244,1.04897,1488.69,1896.22</tsv>
      </alignment2d>
    </section-image>
    <section-image>
      <annotated type="boolean">false</annotated>
      <axes nil="true"/>
      <bits-per-component type="integer">8</bits-per-component>
      <data-set-id type="integer">78591080</data-set-id>
      <expression type="boolean" nil="true"/>
      <expression-path>/external/mouse/prod36/0302052123/0302052123_153_expression.aff</expression-path>
      <failed type="boolean">false</failed>
      <height type="integer">6337</height>
      <id type="integer">78573286</id>
      <image-height type="integer">6337</image-height>
      <image-type>Primary</image-type>
      <image-width type="integer">9345</image-width>
      <isi-experiment-id type="integer" nil="true"/>
      <lims1-id type="integer">78573286</lims1-id>
      <number-of-components type="integer">3</number-of-components>
      <ophys-experiment-id type="integer" nil="true"/>
      <path>/external/aibssan/production21/stitch10/0302052123/0302052123_4_zoom.aff</path>
      <projection-function nil="true"/>
      <resolution type="float">1.049</resolution>
      <section-number type="integer">153</section-number>
      <specimen-id type="integer" nil="true"/>
      <structure-id type="integer" nil="true"/>
      <tier-count type="integer">7</tier-count>
      <width type="integer">9345</width>
      <x type="integer">0</x>
      <y type="integer">0</y>
      <alignment2d>
        <id type="integer">171969389</id>
        <tvs>0.953272,0.00560646,-0.00560646,0.953272,-1352.3,-1491.07</tvs>
        <tsv>1.04898,-0.00616935,0.00616935,1.04898,1409.34,1572.45</tsv>
      </alignment2d>
    </section-image>
    <section-image>
      <annotated type="boolean">false</annotated>
      <axes nil="true"/>
      <bits-per-component type="integer">8</bits-per-component>
      <data-set-id type="integer">78591080</data-set-id>
      <expression type="boolean" nil="true"/>
      <expression-path>/external/mouse/prod36/0302061876/0302061876_161_expression.aff</expression-path>
      <failed type="boolean">false</failed>
      <height type="integer">6897</height>
      <id type="integer">78573290</id>
      <image-height type="integer">6897</image-height>
      <image-type>Primary</image-type>
      <image-width type="integer">9569</image-width>
      <isi-experiment-id type="integer" nil="true"/>
      <lims1-id type="integer">78573290</lims1-id>
      <number-of-components type="integer">3</number-of-components>
      <ophys-experiment-id type="integer" nil="true"/>
      <path>/external/aibssan/production21/stitch9/0302061876/0302061876_1_zoom.aff</path>
      <projection-function nil="true"/>
      <resolution type="float">1.049</resolution>
      <section-number type="integer">161</section-number>
      <specimen-id type="integer" nil="true"/>
      <structure-id type="integer" nil="true"/>
      <tier-count type="integer">7</tier-count>
      <width type="integer">9569</width>
      <x type="integer">0</x>
      <y type="integer">0</y>
      <alignment2d>
        <id type="integer">171969391</id>
        <tvs>0.95325,0.00860294,-0.00860294,0.95325,-1267.32,-1089.45</tvs>
        <tsv>1.04896,-0.00946668,0.00946668,1.04896,1319.05,1154.79</tsv>
      </alignment2d>
    </section-image>
    <section-image>
      <annotated type="boolean">false</annotated>
      <axes nil="true"/>
      <bits-per-component type="integer">8</bits-per-component>
      <data-set-id type="integer">78591080</data-set-id>
      <expression type="boolean" nil="true"/>
      <expression-path>/external/mouse/prod36/0302061876/0302061876_169_expression.aff</expression-path>
      <failed type="boolean">false</failed>
      <height type="integer">7089</height>
      <id type="integer">78573292</id>
      <image-height type="integer">7089</image-height>
      <image-type>Primary</image-type>
      <image-width type="integer">9569</image-width>
      <isi-experiment-id type="integer" nil="true"/>
      <lims1-id type="integer">78573292</lims1-id>
      <number-of-components type="integer">3</number-of-components>
      <ophys-experiment-id type="integer" nil="true"/>
      <path>/external/aibssan/production21/stitch9/0302061876/0302061876_2_zoom.aff</path>
      <projection-function nil="true"/>
      <resolution type="float">1.049</resolution>
      <section-number type="integer">169</section-number>
      <specimen-id type="integer" nil="true"/>
      <structure-id type="integer" nil="true"/>
      <tier-count type="integer">7</tier-count>
      <width type="integer">9569</width>
      <x type="integer">0</x>
      <y type="integer">0</y>
      <alignment2d>
        <id type="integer">171969393</id>
        <tvs>0.953267,0.00643805,-0.00643805,0.953267,-1248.7,-1033.47</tvs>
        <tsv>1.04898,-0.00708444,0.00708444,1.04898,1302.53,1092.93</tsv>
      </alignment2d>
    </section-image>
    <section-image>
      <annotated type="boolean">false</annotated>
      <axes nil="true"/>
      <bits-per-component type="integer">8</bits-per-component>
      <data-set-id type="integer">78591080</data-set-id>
      <expression type="boolean" nil="true"/>
      <expression-path>/external/mouse/prod36/0302061876/0302061876_177_expression.aff</expression-path>
      <failed type="boolean">false</failed>
      <height type="integer">6897</height>
      <id type="integer">78573294</id>
      <image-height type="integer">6897</image-height>
      <image-type>Primary</image-type>
      <image-width type="integer">9729</image-width>
      <isi-experiment-id type="integer" nil="true"/>
      <lims1-id type="integer">78573294</lims1-id>
      <number-of-components type="integer">3</number-of-components>
      <ophys-experiment-id type="integer" nil="true"/>
      <path>/external/aibssan/production21/stitch9/0302061876/0302061876_3_zoom.aff</path>
      <projection-function nil="true"/>
      <resolution type="float">1.049</resolution>
      <section-number type="integer">177</section-number>
      <specimen-id type="integer" nil="true"/>
      <structure-id type="integer" nil="true"/>
      <tier-count type="integer">7</tier-count>
      <width type="integer">9729</width>
      <x type="integer">0</x>
      <y type="integer">0</y>
      <alignment2d>
        <id type="integer">171969395</id>
        <tvs>0.953132,0.0172834,-0.0172834,0.953132,-1182.25,-843.85</tvs>
        <tsv>1.04883,-0.0190187,0.0190187,1.04883,1223.93,907.538</tsv>
      </alignment2d>
    </section-image>
    <section-image>
      <annotated type="boolean">false</annotated>
      <axes nil="true"/>
      <bits-per-component type="integer">8</bits-per-component>
      <data-set-id type="integer">78591080</data-set-id>
      <expression type="boolean" nil="true"/>
      <expression-path>/external/mouse/prod36/0302061876/0302061876_185_expression.aff</expression-path>
      <failed type="boolean">false</failed>
      <height type="integer">7169</height>
      <id type="integer">78573296</id>
      <image-height type="integer">7169</image-height>
      <image-type>Primary</image-type>
      <image-width type="integer">9761</image-width>
      <isi-experiment-id type="integer" nil="true"/>
      <lims1-id type="integer">78573296</lims1-id>
      <number-of-components type="integer">3</number-of-components>
      <ophys-experiment-id type="integer" nil="true"/>
      <path>/external/aibssan/production21/stitch9/0302061876/0302061876_4_zoom.aff</path>
      <projection-function nil="true"/>
      <resolution type="float">1.049</resolution>
      <section-number type="integer">185</section-number>
      <specimen-id type="integer" nil="true"/>
      <structure-id type="integer" nil="true"/>
      <tier-count type="integer">7</tier-count>
      <width type="integer">9761</width>
      <x type="integer">0</x>
      <y type="integer">0</y>
      <alignment2d>
        <id type="integer">171969397</id>
        <tvs>0.953195,-0.0133542,0.0133542,0.953195,-1075.25,-1178.23</tvs>
        <tsv>1.0489,0.014695,-0.014695,1.0489,1145.14,1220.04</tsv>
      </alignment2d>
    </section-image>
    <section-image>
      <annotated type="boolean">false</annotated>
      <axes nil="true"/>
      <bits-per-component type="integer">8</bits-per-component>
      <data-set-id type="integer">78591080</data-set-id>
      <expression type="boolean" nil="true"/>
      <expression-path>/external/mouse/prod36/0302071988/0302071988_193_expression.aff</expression-path>
      <failed type="boolean">false</failed>
      <height type="integer">7457</height>
      <id type="integer">78573300</id>
      <image-height type="integer">7457</image-height>
      <image-type>Primary</image-type>
      <image-width type="integer">9857</image-width>
      <isi-experiment-id type="integer" nil="true"/>
      <lims1-id type="integer">78573300</lims1-id>
      <number-of-components type="integer">3</number-of-components>
      <ophys-experiment-id type="integer" nil="true"/>
      <path>/external/aibssan/production23/stitch1/0302071988/0302071988_1_zoom.aff</path>
      <projection-function nil="true"/>
      <resolution type="float">1.049</resolution>
      <section-number type="integer">193</section-number>
      <specimen-id type="integer" nil="true"/>
      <structure-id type="integer" nil="true"/>
      <tier-count type="integer">7</tier-count>
      <width type="integer">9857</width>
      <x type="integer">0</x>
      <y type="integer">0</y>
      <alignment2d>
        <id type="integer">171969399</id>
        <tvs>0.953195,-0.0133446,0.0133446,0.953195,-1014.38,-940.976</tvs>
        <tsv>1.0489,0.0146844,-0.0146844,1.0489,1077.8,972.092</tsv>
      </alignment2d>
    </section-image>
    <section-image>
      <annotated type="boolean">false</annotated>
      <axes nil="true"/>
      <bits-per-component type="integer">8</bits-per-component>
      <data-set-id type="integer">78591080</data-set-id>
      <expression type="boolean" nil="true"/>
      <expression-path>/external/mouse/prod36/0302071988/0302071988_201_expression.aff</expression-path>
      <failed type="boolean">false</failed>
      <height type="integer">10433</height>
      <id type="integer">78573302</id>
      <image-height type="integer">10433</image-height>
      <image-type>Primary</image-type>
      <image-width type="integer">15601</image-width>
      <isi-experiment-id type="integer" nil="true"/>
      <lims1-id type="integer">78573302</lims1-id>
      <number-of-components type="integer">3</number-of-components>
      <ophys-experiment-id type="integer" nil="true"/>
      <path>/external/aibssan/production23/stitch1/0302071988/0302071988_2_zoom.aff</path>
      <projection-function nil="true"/>
      <resolution type="float">1.049</resolution>
      <section-number type="integer">201</section-number>
      <specimen-id type="integer" nil="true"/>
      <structure-id type="integer" nil="true"/>
      <tier-count type="integer">7</tier-count>
      <width type="integer">15601</width>
      <x type="integer">0</x>
      <y type="integer">0</y>
      <alignment2d>
        <id type="integer">171969401</id>
        <tvs>0.952939,-0.0258152,0.0258152,0.952939,-898.751,1238.95</tvs>
        <tsv>1.04862,0.0284071,-0.0284071,1.04862,907.249,-1324.72</tsv>
      </alignment2d>
    </section-image>
    <section-image>
      <annotated type="boolean">false</annotated>
      <axes nil="true"/>
      <bits-per-component type="integer">8</bits-per-component>
      <data-set-id type="integer">78591080</data-set-id>
      <expression type="boolean" nil="true"/>
      <expression-path>/external/mouse/prod36/0302071988/0302071988_209_expression.aff</expression-path>
      <failed type="boolean">false</failed>
      <height type="integer">10433</height>
      <id type="integer">78573304</id>
      <image-height type="integer">10433</image-height>
      <image-type>Primary</image-type>
      <image-width type="integer">15553</image-width>
      <isi-experiment-id type="integer" nil="true"/>
      <lims1-id type="integer">78573304</lims1-id>
      <number-of-components type="integer">3</number-of-components>
      <ophys-experiment-id type="integer" nil="true"/>
      <path>/external/aibssan/production23/stitch1/0302071988/0302071988_3_zoom.aff</path>
      <projection-function nil="true"/>
      <resolution type="float">1.049</resolution>
      <section-number type="integer">209</section-number>
      <specimen-id type="integer" nil="true"/>
      <structure-id type="integer" nil="true"/>
      <tier-count type="integer">7</tier-count>
      <width type="integer">15553</width>
      <x type="integer">0</x>
      <y type="integer">0</y>
      <alignment2d>
        <id type="integer">171969403</id>
        <tvs>0.952743,-0.0322593,0.0322593,0.952743,-924.412,186.177</tvs>
        <tsv>1.0484,0.0354981,-0.0354981,1.0484,962.544,-228.002</tsv>
      </alignment2d>
    </section-image>
    <section-image>
      <annotated type="boolean">false</annotated>
      <axes nil="true"/>
      <bits-per-component type="integer">8</bits-per-component>
      <data-set-id type="integer">78591080</data-set-id>
      <expression type="boolean" nil="true"/>
      <expression-path>/external/mouse/prod36/0302071988/0302071988_217_expression.aff</expression-path>
      <failed type="boolean">false</failed>
      <height type="integer">10449</height>
      <id type="integer">78573306</id>
      <image-height type="integer">10449</image-height>
      <image-type>Primary</image-type>
      <image-width type="integer">15377</image-width>
      <isi-experiment-id type="integer" nil="true"/>
      <lims1-id type="integer">78573306</lims1-id>
      <number-of-components type="integer">3</number-of-components>
      <ophys-experiment-id type="integer" nil="true"/>
      <path>/external/aibssan/production23/stitch1/0302071988/0302071988_4_zoom.aff</path>
      <projection-function nil="true"/>
      <resolution type="float">1.049</resolution>
      <section-number type="integer">217</section-number>
      <specimen-id type="integer" nil="true"/>
      <structure-id type="integer" nil="true"/>
      <tier-count type="integer">7</tier-count>
      <width type="integer">15377</width>
      <x type="integer">0</x>
      <y type="integer">0</y>
      <alignment2d>
        <id type="integer">171969405</id>
        <tvs>0.952806,-0.0303496,0.0303496,0.952806,-911.132,1325.26</tvs>
        <tsv>1.04847,0.0333967,-0.0333967,1.04847,911.034,-1419.92</tsv>
      </alignment2d>
    </section-image>
    <section-image>
      <annotated type="boolean">false</annotated>
      <axes nil="true"/>
      <bits-per-component type="integer">8</bits-per-component>
      <data-set-id type="integer">78591080</data-set-id>
      <expression type="boolean" nil="true"/>
      <expression-path>/external/mouse/prod36/0302081878/0302081878_225_expression.aff</expression-path>
      <failed type="boolean">false</failed>
      <height type="integer">7729</height>
      <id type="integer">78573310</id>
      <image-height type="integer">7729</image-height>
      <image-type>Primary</image-type>
      <image-width type="integer">9745</image-width>
      <isi-experiment-id type="integer" nil="true"/>
      <lims1-id type="integer">78573310</lims1-id>
      <number-of-components type="integer">3</number-of-components>
      <ophys-experiment-id type="integer" nil="true"/>
      <path>/external/aibssan/production21/stitch10/0302081878/0302081878_1_zoom.aff</path>
      <projection-function nil="true"/>
      <resolution type="float">1.049</resolution>
      <section-number type="integer">225</section-number>
      <specimen-id type="integer" nil="true"/>
      <structure-id type="integer" nil="true"/>
      <tier-count type="integer">7</tier-count>
      <width type="integer">9745</width>
      <x type="integer">0</x>
      <y type="integer">0</y>
      <alignment2d>
        <id type="integer">171969407</id>
        <tvs>0.95304,-0.0217591,0.0217591,0.95304,-1035.56,-1026.7</tvs>
        <tsv>1.04873,0.0239437,-0.0239437,1.04873,1110.6,1051.93</tsv>
      </alignment2d>
    </section-image>
    <section-image>
      <annotated type="boolean">false</annotated>
      <axes nil="true"/>
      <bits-per-component type="integer">8</bits-per-component>
      <data-set-id type="integer">78591080</data-set-id>
      <expression type="boolean" nil="true"/>
      <expression-path>/external/mouse/prod36/0302081878/0302081878_233_expression.aff</expression-path>
      <failed type="boolean">false</failed>
      <height type="integer">7825</height>
      <id type="integer">78573312</id>
      <image-height type="integer">7825</image-height>
      <image-type>Primary</image-type>
      <image-width type="integer">9681</image-width>
      <isi-experiment-id type="integer" nil="true"/>
      <lims1-id type="integer">78573312</lims1-id>
      <number-of-components type="integer">3</number-of-components>
      <ophys-experiment-id type="integer" nil="true"/>
      <path>/external/aibssan/production21/stitch10/0302081878/0302081878_2_zoom.aff</path>
      <projection-function nil="true"/>
      <resolution type="float">1.049</resolution>
      <section-number type="integer">233</section-number>
      <specimen-id type="integer" nil="true"/>
      <structure-id type="integer" nil="true"/>
      <tier-count type="integer">7</tier-count>
      <width type="integer">9681</width>
      <x type="integer">0</x>
      <y type="integer">0</y>
      <alignment2d>
        <id type="integer">171969409</id>
        <tvs>0.953175,-0.0147381,0.0147381,0.953175,-1059.6,-963.441</tvs>
        <tsv>1.04887,0.0162179,-0.0162179,1.04887,1127.01,993.344</tsv>
      </alignment2d>
    </section-image>
    <section-image>
      <annotated type="boolean">false</annotated>
      <axes nil="true"/>
      <bits-per-component type="integer">8</bits-per-component>
      <data-set-id type="integer">78591080</data-set-id>
      <expression type="boolean" nil="true"/>
      <expression-path>/external/mouse/prod36/0302081878/0302081878_241_expression.aff</expression-path>
      <failed type="boolean">false</failed>
      <height type="integer">7185</height>
      <id type="integer">78573314</id>
      <image-height type="integer">7185</image-height>
      <image-type>Primary</image-type>
      <image-width type="integer">9585</image-width>
      <isi-experiment-id type="integer" nil="true"/>
      <lims1-id type="integer">78573314</lims1-id>
      <number-of-components type="integer">3</number-of-components>
      <ophys-experiment-id type="integer" nil="true"/>
      <path>/external/aibssan/production21/stitch10/0302081878/0302081878_3_zoom.aff</path>
      <projection-function nil="true"/>
      <resolution type="float">1.049</resolution>
      <section-number type="integer">241</section-number>
      <specimen-id type="integer" nil="true"/>
      <structure-id type="integer" nil="true"/>
      <tier-count type="integer">7</tier-count>
      <width type="integer">9585</width>
      <x type="integer">0</x>
      <y type="integer">0</y>
      <alignment2d>
        <id type="integer">171969411</id>
        <tvs>0.953221,-0.0113422,0.0113422,0.953221,-1098.7,-1377.44</tvs>
        <tsv>1.04893,0.0124809,-0.0124809,1.04893,1169.65,1431.12</tsv>
      </alignment2d>
    </section-image>
    <section-image>
      <annotated type="boolean">false</annotated>
      <axes nil="true"/>
      <bits-per-component type="integer">8</bits-per-component>
      <data-set-id type="integer">78591080</data-set-id>
      <expression type="boolean" nil="true"/>
      <expression-path>/external/mouse/prod36/0302081878/0302081878_249_expression.aff</expression-path>
      <failed type="boolean">false</failed>
      <height type="integer">7553</height>
      <id type="integer">78573316</id>
      <image-height type="integer">7553</image-height>
      <image-type>Primary</image-type>
      <image-width type="integer">9537</image-width>
      <isi-experiment-id type="integer" nil="true"/>
      <lims1-id type="integer">78573316</lims1-id>
      <number-of-components type="integer">3</number-of-components>
      <ophys-experiment-id type="integer" nil="true"/>
      <path>/external/aibssan/production21/stitch10/0302081878/0302081878_4_zoom.aff</path>
      <projection-function nil="true"/>
      <resolution type="float">1.049</resolution>
      <section-number type="integer">249</section-number>
      <specimen-id type="integer" nil="true"/>
      <structure-id type="integer" nil="true"/>
      <tier-count type="integer">7</tier-count>
      <width type="integer">9537</width>
      <x type="integer">0</x>
      <y type="integer">0</y>
      <alignment2d>
        <id type="integer">171969413</id>
        <tvs>0.953248,-0.00881624,0.00881624,0.953248,-1141.86,-1167.4</tvs>
        <tsv>1.04896,0.0097014,-0.0097014,1.04896,1209.08,1213.47</tsv>
      </alignment2d>
    </section-image>
    <section-image>
      <annotated type="boolean">false</annotated>
      <axes nil="true"/>
      <bits-per-component type="integer">8</bits-per-component>
      <data-set-id type="integer">78591080</data-set-id>
      <expression type="boolean" nil="true"/>
      <expression-path>/external/mouse/prod36/0302151745/0302151745_257_expression.aff</expression-path>
      <failed type="boolean">false</failed>
      <height type="integer">7745</height>
      <id type="integer">78573320</id>
      <image-height type="integer">7745</image-height>
      <image-type>Primary</image-type>
      <image-width type="integer">9377</image-width>
      <isi-experiment-id type="integer" nil="true"/>
      <lims1-id type="integer">78573320</lims1-id>
      <number-of-components type="integer">3</number-of-components>
      <ophys-experiment-id type="integer" nil="true"/>
      <path>/external/aibssan/production21/stitch10/0302151745/0302151745_1_zoom.aff</path>
      <projection-function nil="true"/>
      <resolution type="float">1.049</resolution>
      <section-number type="integer">257</section-number>
      <specimen-id type="integer" nil="true"/>
      <structure-id type="integer" nil="true"/>
      <tier-count type="integer">7</tier-count>
      <width type="integer">9377</width>
      <x type="integer">0</x>
      <y type="integer">0</y>
      <alignment2d>
        <id type="integer">171969415</id>
        <tvs>0.953288,0.00132548,-0.00132548,0.953288,-1263.77,-961.931</tvs>
        <tsv>1.049,-0.00145855,0.00145855,1.049,1324.29,1010.91</tsv>
      </alignment2d>
    </section-image>
    <section-image>
      <annotated type="boolean">false</annotated>
      <axes nil="true"/>
      <bits-per-component type="integer">8</bits-per-component>
      <data-set-id type="integer">78591080</data-set-id>
      <expression type="boolean" nil="true"/>
      <expression-path>/external/mouse/prod36/0302151745/0302151745_265_expression.aff</expression-path>
      <failed type="boolean">false</failed>
      <height type="integer">8545</height>
      <id type="integer">78573322</id>
      <image-height type="integer">8545</image-height>
      <image-type>Primary</image-type>
      <image-width type="integer">9377</image-width>
      <isi-experiment-id type="integer" nil="true"/>
      <lims1-id type="integer">78573322</lims1-id>
      <number-of-components type="integer">3</number-of-components>
      <ophys-experiment-id type="integer" nil="true"/>
      <path>/external/aibssan/production21/stitch10/0302151745/0302151745_2_zoom.aff</path>
      <projection-function nil="true"/>
      <resolution type="float">1.049</resolution>
      <section-number type="integer">265</section-number>
      <specimen-id type="integer" nil="true"/>
      <structure-id type="integer" nil="true"/>
      <tier-count type="integer">7</tier-count>
      <width type="integer">9377</width>
      <x type="integer">0</x>
      <y type="integer">0</y>
      <alignment2d>
        <id type="integer">171969417</id>
        <tvs>0.953288,-0.00101387,0.00101387,0.953288,-1264.15,-136.584</tvs>
        <tsv>1.049,0.00111566,-0.00111566,1.049,1326.24,141.866</tsv>
      </alignment2d>
    </section-image>
    <section-image>
      <annotated type="boolean">false</annotated>
      <axes nil="true"/>
      <bits-per-component type="integer">8</bits-per-component>
      <data-set-id type="integer">78591080</data-set-id>
      <expression type="boolean" nil="true"/>
      <expression-path>/external/mouse/prod36/0302151745/0302151745_273_expression.aff</expression-path>
      <failed type="boolean">false</failed>
      <height type="integer">7649</height>
      <id type="integer">78573324</id>
      <image-height type="integer">7649</image-height>
      <image-type>Primary</image-type>
      <image-width type="integer">9249</image-width>
      <isi-experiment-id type="integer" nil="true"/>
      <lims1-id type="integer">78573324</lims1-id>
      <number-of-components type="integer">3</number-of-components>
      <ophys-experiment-id type="integer" nil="true"/>
      <path>/external/aibssan/production21/stitch10/0302151745/0302151745_3_zoom.aff</path>
      <projection-function nil="true"/>
      <resolution type="float">1.049</resolution>
      <section-number type="integer">273</section-number>
      <specimen-id type="integer" nil="true"/>
      <structure-id type="integer" nil="true"/>
      <tier-count type="integer">7</tier-count>
      <width type="integer">9249</width>
      <x type="integer">0</x>
      <y type="integer">0</y>
      <alignment2d>
        <id type="integer">171969419</id>
        <tvs>0.953258,-0.00762142,0.00762142,0.953258,-1312.22,-1075.53</tvs>
        <tsv>1.04897,0.00838662,-0.00838662,1.04897,1385.49,1117.19</tsv>
      </alignment2d>
    </section-image>
    <section-image>
      <annotated type="boolean">false</annotated>
      <axes nil="true"/>
      <bits-per-component type="integer">8</bits-per-component>
      <data-set-id type="integer">78591080</data-set-id>
      <expression type="boolean" nil="true"/>
      <expression-path>/external/mouse/prod36/0302151745/0302151745_281_expression.aff</expression-path>
      <failed type="boolean">false</failed>
      <height type="integer">7457</height>
      <id type="integer">78573326</id>
      <image-height type="integer">7457</image-height>
      <image-type>Primary</image-type>
      <image-width type="integer">9073</image-width>
      <isi-experiment-id type="integer" nil="true"/>
      <lims1-id type="integer">78573326</lims1-id>
      <number-of-components type="integer">3</number-of-components>
      <ophys-experiment-id type="integer" nil="true"/>
      <path>/external/aibssan/production21/stitch10/0302151745/0302151745_4_zoom.aff</path>
      <projection-function nil="true"/>
      <resolution type="float">1.049</resolution>
      <section-number type="integer">281</section-number>
      <specimen-id type="integer" nil="true"/>
      <structure-id type="integer" nil="true"/>
      <tier-count type="integer">7</tier-count>
      <width type="integer">9073</width>
      <x type="integer">0</x>
      <y type="integer">0</y>
      <alignment2d>
        <id type="integer">171969421</id>
        <tvs>0.953207,-0.0125204,0.0125204,0.953207,-1383.4,-1264.33</tvs>
        <tsv>1.04891,0.0137774,-0.0137774,1.04891,1468.48,1307.1</tsv>
      </alignment2d>
    </section-image>
    <section-image>
      <annotated type="boolean">false</annotated>
      <axes nil="true"/>
      <bits-per-component type="integer">8</bits-per-component>
      <data-set-id type="integer">78591080</data-set-id>
      <expression type="boolean" nil="true"/>
      <expression-path>/external/mouse/prod36/0302101955/0302101955_289_expression.aff</expression-path>
      <failed type="boolean">false</failed>
      <height type="integer">7761</height>
      <id type="integer">78573330</id>
      <image-height type="integer">7761</image-height>
      <image-type>Primary</image-type>
      <image-width type="integer">8881</image-width>
      <isi-experiment-id type="integer" nil="true"/>
      <lims1-id type="integer">78573330</lims1-id>
      <number-of-components type="integer">3</number-of-components>
      <ophys-experiment-id type="integer" nil="true"/>
      <path>/external/aibssan/production21/stitch10/0302101955/0302101955_1_zoom.aff</path>
      <projection-function nil="true"/>
      <resolution type="float">1.049</resolution>
      <section-number type="integer">289</section-number>
      <specimen-id type="integer" nil="true"/>
      <structure-id type="integer" nil="true"/>
      <tier-count type="integer">7</tier-count>
      <width type="integer">8881</width>
      <x type="integer">0</x>
      <y type="integer">0</y>
      <alignment2d>
        <id type="integer">171969423</id>
        <tvs>0.953289,-0.000627481,0.000627481,0.953289,-1512.88,-1009.61</tvs>
        <tsv>1.049,0.00069048,-0.00069048,1.049,1587.71,1058.04</tsv>
      </alignment2d>
    </section-image>
    <section-image>
      <annotated type="boolean">false</annotated>
      <axes nil="true"/>
      <bits-per-component type="integer">8</bits-per-component>
      <data-set-id type="integer">78591080</data-set-id>
      <expression type="boolean" nil="true"/>
      <expression-path>/external/mouse/prod36/0302101955/0302101955_297_expression.aff</expression-path>
      <failed type="boolean">false</failed>
      <height type="integer">7201</height>
      <id type="integer">78573332</id>
      <image-height type="integer">7201</image-height>
      <image-type>Primary</image-type>
      <image-width type="integer">8769</image-width>
      <isi-experiment-id type="integer" nil="true"/>
      <lims1-id type="integer">78573332</lims1-id>
      <number-of-components type="integer">3</number-of-components>
      <ophys-experiment-id type="integer" nil="true"/>
      <path>/external/aibssan/production21/stitch10/0302101955/0302101955_2_zoom.aff</path>
      <projection-function nil="true"/>
      <resolution type="float">1.049</resolution>
      <section-number type="integer">297</section-number>
      <specimen-id type="integer" nil="true"/>
      <structure-id type="integer" nil="true"/>
      <tier-count type="integer">7</tier-count>
      <width type="integer">8769</width>
      <x type="integer">0</x>
      <y type="integer">0</y>
      <alignment2d>
        <id type="integer">171969425</id>
        <tvs>0.953279,0.00424225,-0.00424225,0.953279,-1618.96,-1258.65</tvs>
        <tsv>1.04899,-0.00466818,0.00466818,1.04899,1692.4,1327.87</tsv>
      </alignment2d>
    </section-image>
    <section-image>
      <annotated type="boolean">false</annotated>
      <axes nil="true"/>
      <bits-per-component type="integer">8</bits-per-component>
      <data-set-id type="integer">78591080</data-set-id>
      <expression type="boolean" nil="true"/>
      <expression-path>/external/mouse/prod36/0302101955/0302101955_305_expression.aff</expression-path>
      <failed type="boolean">false</failed>
      <height type="integer">7105</height>
      <id type="integer">78573334</id>
      <image-height type="integer">7105</image-height>
      <image-type>Primary</image-type>
      <image-width type="integer">8497</image-width>
      <isi-experiment-id type="integer" nil="true"/>
      <lims1-id type="integer">78573334</lims1-id>
      <number-of-components type="integer">3</number-of-components>
      <ophys-experiment-id type="integer" nil="true"/>
      <path>/external/aibssan/production21/stitch10/0302101955/0302101955_3_zoom.aff</path>
      <projection-function nil="true"/>
      <resolution type="float">1.049</resolution>
      <section-number type="integer">305</section-number>
      <specimen-id type="integer" nil="true"/>
      <structure-id type="integer" nil="true"/>
      <tier-count type="integer">7</tier-count>
      <width type="integer">8497</width>
      <x type="integer">0</x>
      <y type="integer">0</y>
      <alignment2d>
        <id type="integer">171969427</id>
        <tvs>0.953285,-0.0028444,0.0028444,0.953285,-1693.62,-1318.39</tvs>
        <tsv>1.049,0.00312998,-0.00312998,1.049,1780.73,1377.68</tsv>
      </alignment2d>
    </section-image>
    <section-image>
      <annotated type="boolean">false</annotated>
      <axes nil="true"/>
      <bits-per-component type="integer">8</bits-per-component>
      <data-set-id type="integer">78591080</data-set-id>
      <expression type="boolean" nil="true"/>
      <expression-path>/external/mouse/prod36/0302101955/0302101955_313_expression.aff</expression-path>
      <failed type="boolean">false</failed>
      <height type="integer">6961</height>
      <id type="integer">78573336</id>
      <image-height type="integer">6961</image-height>
      <image-type>Primary</image-type>
      <image-width type="integer">8353</image-width>
      <isi-experiment-id type="integer" nil="true"/>
      <lims1-id type="integer">78573336</lims1-id>
      <number-of-components type="integer">3</number-of-components>
      <ophys-experiment-id type="integer" nil="true"/>
      <path>/external/aibssan/production21/stitch10/0302101955/0302101955_4_zoom.aff</path>
      <projection-function nil="true"/>
      <resolution type="float">1.049</resolution>
      <section-number type="integer">313</section-number>
      <specimen-id type="integer" nil="true"/>
      <structure-id type="integer" nil="true"/>
      <tier-count type="integer">7</tier-count>
      <width type="integer">8353</width>
      <x type="integer">0</x>
      <y type="integer">0</y>
      <alignment2d>
        <id type="integer">171969429</id>
        <tvs>0.953246,-0.00902284,0.00902284,0.953246,-1734.22,-1518.92</tvs>
        <tsv>1.04895,0.00992874,-0.00992874,1.04895,1834.2,1576.06</tsv>
      </alignment2d>
    </section-image>
    <section-image>
      <annotated type="boolean">false</annotated>
      <axes nil="true"/>
      <bits-per-component type="integer">8</bits-per-component>
      <data-set-id type="integer">78591080</data-set-id>
      <expression type="boolean" nil="true"/>
      <expression-path>/external/mouse/prod36/0302111932/0302111932_321_expression.aff</expression-path>
      <failed type="boolean">false</failed>
      <height type="integer">6609</height>
      <id type="integer">78573340</id>
      <image-height type="integer">6609</image-height>
      <image-type>Primary</image-type>
      <image-width type="integer">8257</image-width>
      <isi-experiment-id type="integer" nil="true"/>
      <lims1-id type="integer">78573340</lims1-id>
      <number-of-components type="integer">3</number-of-components>
      <ophys-experiment-id type="integer" nil="true"/>
      <path>/external/aibssan/production21/stitch10/0302111932/0302111932_1_zoom.aff</path>
      <projection-function nil="true"/>
      <resolution type="float">1.049</resolution>
      <section-number type="integer">321</section-number>
      <specimen-id type="integer" nil="true"/>
      <structure-id type="integer" nil="true"/>
      <tier-count type="integer">7</tier-count>
      <width type="integer">8257</width>
      <x type="integer">0</x>
      <y type="integer">0</y>
      <alignment2d>
        <id type="integer">171969431</id>
        <tvs>0.953242,-0.00942188,0.00942188,0.953242,-1780.29,-1755.49</tvs>
        <tsv>1.04895,0.0103678,-0.0103678,1.04895,1885.63,1822.96</tsv>
      </alignment2d>
    </section-image>
    <section-image>
      <annotated type="boolean">false</annotated>
      <axes nil="true"/>
      <bits-per-component type="integer">8</bits-per-component>
      <data-set-id type="integer">78591080</data-set-id>
      <expression type="boolean" nil="true"/>
      <expression-path>/external/mouse/prod36/0302111932/0302111932_329_expression.aff</expression-path>
      <failed type="boolean">false</failed>
      <height type="integer">6113</height>
      <id type="integer">78573342</id>
      <image-height type="integer">6113</image-height>
      <image-type>Primary</image-type>
      <image-width type="integer">8017</image-width>
      <isi-experiment-id type="integer" nil="true"/>
      <lims1-id type="integer">78573342</lims1-id>
      <number-of-components type="integer">3</number-of-components>
      <ophys-experiment-id type="integer" nil="true"/>
      <path>/external/aibssan/production21/stitch10/0302111932/0302111932_2_zoom.aff</path>
      <projection-function nil="true"/>
      <resolution type="float">1.049</resolution>
      <section-number type="integer">329</section-number>
      <specimen-id type="integer" nil="true"/>
      <structure-id type="integer" nil="true"/>
      <tier-count type="integer">6</tier-count>
      <width type="integer">8017</width>
      <x type="integer">0</x>
      <y type="integer">0</y>
      <alignment2d>
        <id type="integer">171969433</id>
        <tvs>0.953286,-0.00212855,0.00212855,0.953286,-1924.86,-1968.79</tvs>
        <tsv>1.049,0.00234226,-0.00234226,1.049,2023.78,2060.75</tsv>
      </alignment2d>
    </section-image>
    <section-image>
      <annotated type="boolean">false</annotated>
      <axes nil="true"/>
      <bits-per-component type="integer">8</bits-per-component>
      <data-set-id type="integer">78591080</data-set-id>
      <expression type="boolean" nil="true"/>
      <expression-path>/external/mouse/prod36/0302111932/0302111932_337_expression.aff</expression-path>
      <failed type="boolean">false</failed>
      <height type="integer">6513</height>
      <id type="integer">78573344</id>
      <image-height type="integer">6513</image-height>
      <image-type>Primary</image-type>
      <image-width type="integer">7617</image-width>
      <isi-experiment-id type="integer" nil="true"/>
      <lims1-id type="integer">78573344</lims1-id>
      <number-of-components type="integer">3</number-of-components>
      <ophys-experiment-id type="integer" nil="true"/>
      <path>/external/aibssan/production21/stitch10/0302111932/0302111932_3_zoom.aff</path>
      <projection-function nil="true"/>
      <resolution type="float">1.049</resolution>
      <section-number type="integer">337</section-number>
      <specimen-id type="integer" nil="true"/>
      <structure-id type="integer" nil="true"/>
      <tier-count type="integer">6</tier-count>
      <width type="integer">7617</width>
      <x type="integer">0</x>
      <y type="integer">0</y>
      <alignment2d>
        <id type="integer">171969435</id>
        <tvs>0.95328,-0.00416193,0.00416193,0.95328,-2130.48,-1749.09</tvs>
        <tsv>1.04899,0.00457979,-0.00457979,1.04899,2242.87,1825.02</tsv>
      </alignment2d>
    </section-image>
    <section-image>
      <annotated type="boolean">false</annotated>
      <axes nil="true"/>
      <bits-per-component type="integer">8</bits-per-component>
      <data-set-id type="integer">78591080</data-set-id>
      <expression type="boolean" nil="true"/>
      <expression-path>/external/mouse/prod36/0302111932/0302111932_345_expression.aff</expression-path>
      <failed type="boolean">false</failed>
      <height type="integer">6305</height>
      <id type="integer">78573346</id>
      <image-height type="integer">6305</image-height>
      <image-type>Primary</image-type>
      <image-width type="integer">7329</image-width>
      <isi-experiment-id type="integer" nil="true"/>
      <lims1-id type="integer">78573346</lims1-id>
      <number-of-components type="integer">3</number-of-components>
      <ophys-experiment-id type="integer" nil="true"/>
      <path>/external/aibssan/production21/stitch10/0302111932/0302111932_4_zoom.aff</path>
      <projection-function nil="true"/>
      <resolution type="float">1.049</resolution>
      <section-number type="integer">345</section-number>
      <specimen-id type="integer" nil="true"/>
      <structure-id type="integer" nil="true"/>
      <tier-count type="integer">6</tier-count>
      <width type="integer">7329</width>
      <x type="integer">0</x>
      <y type="integer">0</y>
      <alignment2d>
        <id type="integer">171969437</id>
        <tvs>0.953281,-0.00390274,0.00390274,0.953281,-2293.91,-1930.7</tvs>
        <tsv>1.04899,0.00429458,-0.00429458,1.04899,2414.58,2015.44</tsv>
      </alignment2d>
    </section-image>
    <section-image>
      <annotated type="boolean">false</annotated>
      <axes nil="true"/>
      <bits-per-component type="integer">8</bits-per-component>
      <data-set-id type="integer">78591080</data-set-id>
      <expression type="boolean" nil="true"/>
      <expression-path>/external/mouse/prod36/0302122107/0302122107_353_expression.aff</expression-path>
      <failed type="boolean">false</failed>
      <height type="integer">6145</height>
      <id type="integer">78573350</id>
      <image-height type="integer">6145</image-height>
      <image-type>Primary</image-type>
      <image-width type="integer">7089</image-width>
      <isi-experiment-id type="integer" nil="true"/>
      <lims1-id type="integer">78573350</lims1-id>
      <number-of-components type="integer">3</number-of-components>
      <ophys-experiment-id type="integer" nil="true"/>
      <path>/external/aibssan/production21/stitch10/0302122107/0302122107_1_zoom.aff</path>
      <projection-function nil="true"/>
      <resolution type="float">1.049</resolution>
      <section-number type="integer">353</section-number>
      <specimen-id type="integer" nil="true"/>
      <structure-id type="integer" nil="true"/>
      <tier-count type="integer">6</tier-count>
      <width type="integer">7089</width>
      <x type="integer">0</x>
      <y type="integer">0</y>
      <alignment2d>
        <id type="integer">171969439</id>
        <tvs>0.95328,-0.00406529,0.00406529,0.95328,-2414.3,-2078.64</tvs>
        <tsv>1.04899,0.00447344,-0.00447344,1.04899,2541.88,2169.67</tsv>
      </alignment2d>
    </section-image>
    <section-image>
      <annotated type="boolean">false</annotated>
      <axes nil="true"/>
      <bits-per-component type="integer">8</bits-per-component>
      <data-set-id type="integer">78591080</data-set-id>
      <expression type="boolean" nil="true"/>
      <expression-path>/external/mouse/prod36/0302122107/0302122107_361_expression.aff</expression-path>
      <failed type="boolean">false</failed>
      <height type="integer">6305</height>
      <id type="integer">78573352</id>
      <image-height type="integer">6305</image-height>
      <image-type>Primary</image-type>
      <image-width type="integer">6577</image-width>
      <isi-experiment-id type="integer" nil="true"/>
      <lims1-id type="integer">78573352</lims1-id>
      <number-of-components type="integer">3</number-of-components>
      <ophys-experiment-id type="integer" nil="true"/>
      <path>/external/aibssan/production21/stitch10/0302122107/0302122107_2_zoom.aff</path>
      <projection-function nil="true"/>
      <resolution type="float">1.049</resolution>
      <section-number type="integer">361</section-number>
      <specimen-id type="integer" nil="true"/>
      <structure-id type="integer" nil="true"/>
      <tier-count type="integer">6</tier-count>
      <width type="integer">6577</width>
      <x type="integer">0</x>
      <y type="integer">0</y>
      <alignment2d>
        <id type="integer">171969441</id>
        <tvs>0.95328,-0.00405725,0.00405725,0.95328,-2685.68,-1937.37</tvs>
        <tsv>1.04899,0.0044646,-0.0044646,1.04899,2825.9,2020.29</tsv>
      </alignment2d>
    </section-image>
    <section-image>
      <annotated type="boolean">false</annotated>
      <axes nil="true"/>
      <bits-per-component type="integer">8</bits-per-component>
      <data-set-id type="integer">78591080</data-set-id>
      <expression type="boolean" nil="true"/>
      <expression-path>/external/mouse/prod36/0302122107/0302122107_369_expression.aff</expression-path>
      <failed type="boolean">false</failed>
      <height type="integer">5713</height>
      <id type="integer">78573354</id>
      <image-height type="integer">5713</image-height>
      <image-type>Primary</image-type>
      <image-width type="integer">6241</image-width>
      <isi-experiment-id type="integer" nil="true"/>
      <lims1-id type="integer">78573354</lims1-id>
      <number-of-components type="integer">3</number-of-components>
      <ophys-experiment-id type="integer" nil="true"/>
      <path>/external/aibssan/production21/stitch10/0302122107/0302122107_3_zoom.aff</path>
      <projection-function nil="true"/>
      <resolution type="float">1.049</resolution>
      <section-number type="integer">369</section-number>
      <specimen-id type="integer" nil="true"/>
      <structure-id type="integer" nil="true"/>
      <tier-count type="integer">6</tier-count>
      <width type="integer">6241</width>
      <x type="integer">0</x>
      <y type="integer">0</y>
      <alignment2d>
        <id type="integer">171969443</id>
        <tvs>0.953274,-0.00527668,0.00527668,0.953274,-2833.5,-2287.72</tvs>
        <tsv>1.04898,0.00580647,-0.00580647,1.04898,2985.57,2383.33</tsv>
      </alignment2d>
    </section-image>
    <section-image>
      <annotated type="boolean">false</annotated>
      <axes nil="true"/>
      <bits-per-component type="integer">8</bits-per-component>
      <data-set-id type="integer">78591080</data-set-id>
      <expression type="boolean" nil="true"/>
      <expression-path>/external/mouse/prod36/0302122107/0302122107_377_expression.aff</expression-path>
      <failed type="boolean">false</failed>
      <height type="integer">5473</height>
      <id type="integer">78573356</id>
      <image-height type="integer">5473</image-height>
      <image-type>Primary</image-type>
      <image-width type="integer">5889</image-width>
      <isi-experiment-id type="integer" nil="true"/>
      <lims1-id type="integer">78573356</lims1-id>
      <number-of-components type="integer">3</number-of-components>
      <ophys-experiment-id type="integer" nil="true"/>
      <path>/external/aibssan/production21/stitch10/0302122107/0302122107_4_zoom.aff</path>
      <projection-function nil="true"/>
      <resolution type="float">1.049</resolution>
      <section-number type="integer">377</section-number>
      <specimen-id type="integer" nil="true"/>
      <structure-id type="integer" nil="true"/>
      <tier-count type="integer">6</tier-count>
      <width type="integer">5889</width>
      <x type="integer">0</x>
      <y type="integer">0</y>
      <alignment2d>
        <id type="integer">171969445</id>
        <tvs>0.953288,-0.00138118,0.00138118,0.953288,-3007.97,-2347.74</tvs>
        <tsv>1.049,0.00151985,-0.00151985,1.049,3158.93,2458.2</tsv>
      </alignment2d>
    </section-image>
    <section-image>
      <annotated type="boolean">false</annotated>
      <axes nil="true"/>
      <bits-per-component type="integer">8</bits-per-component>
      <data-set-id type="integer">78591080</data-set-id>
      <expression type="boolean" nil="true"/>
      <expression-path>/external/mouse/prod36/0302131705/0302131705_385_expression.aff</expression-path>
      <failed type="boolean">false</failed>
      <height type="integer">5265</height>
      <id type="integer">78573360</id>
      <image-height type="integer">5265</image-height>
      <image-type>Primary</image-type>
      <image-width type="integer">5505</image-width>
      <isi-experiment-id type="integer" nil="true"/>
      <lims1-id type="integer">78573360</lims1-id>
      <number-of-components type="integer">3</number-of-components>
      <ophys-experiment-id type="integer" nil="true"/>
      <path>/external/aibssan/production21/stitch10/0302131705/0302131705_1_zoom.aff</path>
      <projection-function nil="true"/>
      <resolution type="float">1.049</resolution>
      <section-number type="integer">385</section-number>
      <specimen-id type="integer" nil="true"/>
      <structure-id type="integer" nil="true"/>
      <tier-count type="integer">6</tier-count>
      <width type="integer">5505</width>
      <x type="integer">0</x>
      <y type="integer">0</y>
      <alignment2d>
        <id type="integer">171969447</id>
        <tvs>0.953281,-0.00392356,0.00392356,0.953281,-3209.84,-2394.19</tvs>
        <tsv>1.04899,0.00431749,-0.00431749,1.04899,3377.43,2497.62</tsv>
      </alignment2d>
    </section-image>
    <section-image>
      <annotated type="boolean">false</annotated>
      <axes nil="true"/>
      <bits-per-component type="integer">8</bits-per-component>
      <data-set-id type="integer">78591080</data-set-id>
      <expression type="boolean" nil="true"/>
      <expression-path>/external/mouse/prod36/0302131705/0302131705_393_expression.aff</expression-path>
      <failed type="boolean">false</failed>
      <height type="integer">5281</height>
      <id type="integer">78573362</id>
      <image-height type="integer">5281</image-height>
      <image-type>Primary</image-type>
      <image-width type="integer">5153</image-width>
      <isi-experiment-id type="integer" nil="true"/>
      <lims1-id type="integer">78573362</lims1-id>
      <number-of-components type="integer">3</number-of-components>
      <ophys-experiment-id type="integer" nil="true"/>
      <path>/external/aibssan/production21/stitch10/0302131705/0302131705_2_zoom.aff</path>
      <projection-function nil="true"/>
      <resolution type="float">1.049</resolution>
      <section-number type="integer">393</section-number>
      <specimen-id type="integer" nil="true"/>
      <structure-id type="integer" nil="true"/>
      <tier-count type="integer">6</tier-count>
      <width type="integer">5153</width>
      <x type="integer">0</x>
      <y type="integer">0</y>
      <alignment2d>
        <id type="integer">171969449</id>
        <tvs>0.953281,-0.00379787,0.00379787,0.953281,-3364.66,-2307.48</tvs>
        <tsv>1.04899,0.00417918,-0.00417918,1.04899,3539.14,2406.47</tsv>
      </alignment2d>
    </section-image>
    <section-image>
      <annotated type="boolean">false</annotated>
      <axes nil="true"/>
      <bits-per-component type="integer">8</bits-per-component>
      <data-set-id type="integer">78591080</data-set-id>
      <expression type="boolean" nil="true"/>
      <expression-path>/external/mouse/prod36/0302131705/0302131705_401_expression.aff</expression-path>
      <failed type="boolean">false</failed>
      <height type="integer">5041</height>
      <id type="integer">78573364</id>
      <image-height type="integer">5041</image-height>
      <image-type>Primary</image-type>
      <image-width type="integer">4849</image-width>
      <isi-experiment-id type="integer" nil="true"/>
      <lims1-id type="integer">78573364</lims1-id>
      <number-of-components type="integer">3</number-of-components>
      <ophys-experiment-id type="integer" nil="true"/>
      <path>/external/aibssan/production21/stitch10/0302131705/0302131705_3_zoom.aff</path>
      <projection-function nil="true"/>
      <resolution type="float">1.049</resolution>
      <section-number type="integer">401</section-number>
      <specimen-id type="integer" nil="true"/>
      <structure-id type="integer" nil="true"/>
      <tier-count type="integer">6</tier-count>
      <width type="integer">4849</width>
      <x type="integer">0</x>
      <y type="integer">0</y>
      <alignment2d>
        <id type="integer">171969451</id>
        <tvs>0.953239,-0.00972562,0.00972562,0.953239,-3523.38,-2486.11</tvs>
        <tsv>1.04895,0.0107021,-0.0107021,1.04895,3722.44,2570.09</tsv>
      </alignment2d>
    </section-image>
    <section-image>
      <annotated type="boolean">false</annotated>
      <axes nil="true"/>
      <bits-per-component type="integer">8</bits-per-component>
      <data-set-id type="integer">78591080</data-set-id>
      <expression type="boolean" nil="true"/>
      <expression-path>/external/mouse/prod36/0302131705/0302131705_409_expression.aff</expression-path>
      <failed type="boolean">false</failed>
      <height type="integer">4945</height>
      <id type="integer">78573366</id>
      <image-height type="integer">4945</image-height>
      <image-type>Primary</image-type>
      <image-width type="integer">4497</image-width>
      <isi-experiment-id type="integer" nil="true"/>
      <lims1-id type="integer">78573366</lims1-id>
      <number-of-components type="integer">3</number-of-components>
      <ophys-experiment-id type="integer" nil="true"/>
      <path>/external/aibssan/production21/stitch10/0302131705/0302131705_4_zoom.aff</path>
      <projection-function nil="true"/>
      <resolution type="float">1.049</resolution>
      <section-number type="integer">409</section-number>
      <specimen-id type="integer" nil="true"/>
      <structure-id type="integer" nil="true"/>
      <tier-count type="integer">6</tier-count>
      <width type="integer">4497</width>
      <x type="integer">0</x>
      <y type="integer">0</y>
      <alignment2d>
        <id type="integer">171969453</id>
        <tvs>0.953288,-0.00110108,0.00110108,0.953288,-3715.27,-2588.32</tvs>
        <tsv>1.049,0.00121163,-0.00121163,1.049,3900.45,2710.64</tsv>
      </alignment2d>
    </section-image>
    <section-image>
      <annotated type="boolean">false</annotated>
      <axes nil="true"/>
      <bits-per-component type="integer">8</bits-per-component>
      <data-set-id type="integer">78591080</data-set-id>
      <expression type="boolean" nil="true"/>
      <expression-path>/external/mouse/prod36/0302142076/0302142076_417_expression.aff</expression-path>
      <failed type="boolean">false</failed>
      <height type="integer">4593</height>
      <id type="integer">78573370</id>
      <image-height type="integer">4593</image-height>
      <image-type>Primary</image-type>
      <image-width type="integer">4225</image-width>
      <isi-experiment-id type="integer" nil="true"/>
      <lims1-id type="integer">78573370</lims1-id>
      <number-of-components type="integer">3</number-of-components>
      <ophys-experiment-id type="integer" nil="true"/>
      <path>/external/aibssan/production21/stitch10/0302142076/0302142076_1_zoom.aff</path>
      <projection-function nil="true"/>
      <resolution type="float">1.049</resolution>
      <section-number type="integer">417</section-number>
      <specimen-id type="integer" nil="true"/>
      <structure-id type="integer" nil="true"/>
      <tier-count type="integer">6</tier-count>
      <width type="integer">4225</width>
      <x type="integer">0</x>
      <y type="integer">0</y>
      <alignment2d>
        <id type="integer">171969455</id>
        <tvs>0.95328,-0.00416903,0.00416903,0.95328,-3802.46,-2859.68</tvs>
        <tsv>1.04899,0.0045876,-0.0045876,1.04899,4001.86,2982.33</tsv>
      </alignment2d>
    </section-image>
    <section-image>
      <annotated type="boolean">false</annotated>
      <axes nil="true"/>
      <bits-per-component type="integer">8</bits-per-component>
      <data-set-id type="integer">78591080</data-set-id>
      <expression type="boolean" nil="true"/>
      <expression-path>/external/mouse/prod36/0302142076/0302142076_425_expression.aff</expression-path>
      <failed type="boolean">false</failed>
      <height type="integer">4225</height>
      <id type="integer">78573372</id>
      <image-height type="integer">4225</image-height>
      <image-type>Primary</image-type>
      <image-width type="integer">4177</image-width>
      <isi-experiment-id type="integer" nil="true"/>
      <lims1-id type="integer">78573372</lims1-id>
      <number-of-components type="integer">3</number-of-components>
      <ophys-experiment-id type="integer" nil="true"/>
      <path>/external/aibssan/production21/stitch10/0302142076/0302142076_2_zoom.aff</path>
      <projection-function nil="true"/>
      <resolution type="float">1.049</resolution>
      <section-number type="integer">425</section-number>
      <specimen-id type="integer" nil="true"/>
      <structure-id type="integer" nil="true"/>
      <tier-count type="integer">6</tier-count>
      <width type="integer">4177</width>
      <x type="integer">0</x>
      <y type="integer">0</y>
      <alignment2d>
        <id type="integer">171969457</id>
        <tvs>0.953246,-0.00899656,0.00899656,0.953246,-3849.37,-3091.39</tvs>
        <tsv>1.04895,0.00989982,-0.00989982,1.04895,4068.41,3204.62</tsv>
      </alignment2d>
    </section-image>
    <section-image>
      <annotated type="boolean">false</annotated>
      <axes nil="true"/>
      <bits-per-component type="integer">8</bits-per-component>
      <data-set-id type="integer">78591080</data-set-id>
      <expression type="boolean" nil="true"/>
      <expression-path>/external/mouse/prod36/0302142076/0302142076_433_expression.aff</expression-path>
      <failed type="boolean">false</failed>
      <height type="integer">3761</height>
      <id type="integer">78573374</id>
      <image-height type="integer">3761</image-height>
      <image-type>Primary</image-type>
      <image-width type="integer">4241</image-width>
      <isi-experiment-id type="integer" nil="true"/>
      <lims1-id type="integer">78573374</lims1-id>
      <number-of-components type="integer">3</number-of-components>
      <ophys-experiment-id type="integer" nil="true"/>
      <path>/external/aibssan/production21/stitch10/0302142076/0302142076_3_zoom.aff</path>
      <projection-function nil="true"/>
      <resolution type="float">1.049</resolution>
      <section-number type="integer">433</section-number>
      <specimen-id type="integer" nil="true"/>
      <structure-id type="integer" nil="true"/>
      <tier-count type="integer">6</tier-count>
      <width type="integer">4241</width>
      <x type="integer">0</x>
      <y type="integer">0</y>
      <alignment2d>
        <id type="integer">171969459</id>
        <tvs>0.953274,-0.00529828,0.00529828,0.953274,-3773.81,-3213.82</tvs>
        <tsv>1.04898,0.00583024,-0.00583024,1.04898,3977.41,3349.24</tsv>
      </alignment2d>
    </section-image>
    <section-image>
      <annotated type="boolean">false</annotated>
      <axes nil="true"/>
      <bits-per-component type="integer">8</bits-per-component>
      <data-set-id type="integer">78591080</data-set-id>
      <expression type="boolean" nil="true"/>
      <expression-path>/external/mouse/prod36/0302142076/0302142076_441_expression.aff</expression-path>
      <failed type="boolean">false</failed>
      <height type="integer">3665</height>
      <id type="integer">78573376</id>
      <image-height type="integer">3665</image-height>
      <image-type>Primary</image-type>
      <image-width type="integer">4225</image-width>
      <isi-experiment-id type="integer" nil="true"/>
      <lims1-id type="integer">78573376</lims1-id>
      <number-of-components type="integer">3</number-of-components>
      <ophys-experiment-id type="integer" nil="true"/>
      <path>/external/aibssan/production21/stitch10/0302142076/0302142076_4_zoom.aff</path>
      <projection-function nil="true"/>
      <resolution type="float">1.049</resolution>
      <section-number type="integer">441</section-number>
      <specimen-id type="integer" nil="true"/>
      <structure-id type="integer" nil="true"/>
      <tier-count type="integer">6</tier-count>
      <width type="integer">4225</width>
      <x type="integer">0</x>
      <y type="integer">0</y>
      <alignment2d>
        <id type="integer">171969461</id>
        <tvs>0.953246,-0.00900551,0.00900551,0.953246,-3753.97,-3238.36</tvs>
        <tsv>1.04895,0.00990968,-0.00990968,1.04895,3969.83,3359.69</tsv>
      </alignment2d>
    </section-image>
  </section-images>
  <plane_of_section/>
  <age>P56</age>
</section-data-set>
