<?xml version="1.0" encoding="UTF-8"?>
<section-data-set>
  <blue-channel nil="true"/>
  <delegate>false</delegate>
  <expression>true</expression>
  <failed>false</failed>
  <failed-facet>734881840</failed-facet>
  <green-channel nil="true"/>
  <id>79725764</id>
  <name nil="true"/>
  <qc-date>2008-02-29T08:45:20Z</qc-date>
  <red-channel nil="true"/>
  <reference-space-id>9</reference-space-id>
  <rnaseq-design-id nil="true"/>
  <section-thickness>25.0</section-thickness>
  <specimen-id>78084766</specimen-id>
  <sphinx-id>62711</sphinx-id>
  <storage-directory>/external/mouse/prod41/image_series_79725764/</storage-directory>
  <weight>5030</weight>
  <products>
    <product>
      <abbreviation>MouseDiv</abbreviation>
      <description>High-resolution ISH data detailing the expression of approximately 50 well-known drug target genes and 12 additional genes throughout the adult male mouse brain in seven different mouse strains and in adult female C57BL/6J mice.</description>
      <id type="integer">16</id>
      <name>Mouse Strains</name>
      <product-name-facet type="integer">635972493</product-name-facet>
      <resource>Mouse Strains Study</resource>
      <species>Mouse</species>
      <species-name-facet type="integer">1861523945</species-name-facet>
      <tags>Diversity</tags>
    </product>
  </products>
  <specimen>
    <cell-prep-sample-id type="integer" nil="true"/>
    <cell-reporter-id type="integer" nil="true"/>
    <cortex-layer-id type="integer" nil="true"/>
    <data nil="true"/>
    <donor-id type="integer">13797</donor-id>
    <ephys-result-id type="integer" nil="true"/>
    <external-specimen-name nil="true"/>
    <failed-facet type="integer">734881840</failed-facet>
    <hemisphere>(none)</hemisphere>
    <id type="integer">78084766</id>
    <is-cell-specimen type="boolean">false</is-cell-specimen>
    <is-ish type="boolean">false</is-ish>
    <name>321-0727</name>
    <parent-id type="integer" nil="true"/>
    <parent-x-coord type="integer" nil="true"/>
    <parent-y-coord type="integer" nil="true"/>
    <parent-z-coord type="integer" nil="true"/>
    <pinned-radius type="float" nil="true"/>
    <rna-integrity-number type="float" nil="true"/>
    <specimen-id-path>/78084766/</specimen-id-path>
    <sphinx-id type="integer">26617</sphinx-id>
    <structure-id type="integer" nil="true"/>
    <tissue-ph type="float" nil="true"/>
    <treatment-id type="integer" nil="true"/>
    <weight type="integer">9000</weight>
    <donor>
      <age-id type="integer">15</age-id>
      <chemotherapy nil="true"/>
      <condition-description nil="true"/>
      <data nil="true"/>
      <date-of-birth type="datetime" nil="true"/>
      <donor-condition-description-facet type="integer" nil="true"/>
      <donor-race-only-facet type="integer" nil="true"/>
      <donor-sex-facet type="integer">4122955671</donor-sex-facet>
      <donor-strain-facet type="integer">1921652914</donor-strain-facet>
      <donor-strain-only-facet type="integer">1921652914</donor-strain-only-facet>
      <egfr-amplification nil="true"/>
      <extent-of-resection nil="true"/>
      <external-donor-name nil="true"/>
      <full-genotype nil="true"/>
      <handedness>unknown</handedness>
      <id type="integer">13797</id>
      <initial-kps nil="true"/>
      <mgmt-ihc type="integer" nil="true"/>
      <mgmt-methylation nil="true"/>
      <molecular-subtype nil="true"/>
      <multifocal nil="true"/>
      <name>321-0727</name>
      <organism-id type="integer">2</organism-id>
      <pmi type="float">0.0</pmi>
      <primary-tissue-source>AIBS</primary-tissue-source>
      <pten-deletion nil="true"/>
      <race-only nil="true"/>
      <radiation-therapy nil="true"/>
      <recurrence-by-six-months nil="true"/>
      <sex>M</sex>
      <sex-full-name>Male</sex-full-name>
      <sleep-state nil="true"/>
      <smoker nil="true"/>
      <strain>SPRET/EiJ</strain>
      <strain-only>SPRET/EiJ</strain-only>
      <survival-days type="integer" nil="true"/>
      <tags>321-0727 unknown</tags>
      <theiler-stage nil="true"/>
      <time-to-progression-or-recurrence nil="true"/>
      <transgenic-mouse-id type="integer" nil="true"/>
      <tumor-status nil="true"/>
      <weight-grams type="float">14.2</weight-grams>
    </donor>
  </specimen>
  <alignment3d>
    <id type="integer">171945121</id>
    <trv>0.00432449,0.0128096,0.864839,5.38328e-18,0.962189,-0.018378,-0.86489,6.40486e-05,0.00432423,1285.74,1621.52,12117.7</trv>
    <tvr>0.00578098,0.0,-1.15619,0.0220785,1.039,0.000110393,1.15593,-0.0153893,0.00577969,14002.9,-1714.49,-1531.31</tvr>
  </alignment3d>
  <section-images>
    <section-image>
      <annotated type="boolean">false</annotated>
      <axes nil="true"/>
      <bits-per-component type="integer">8</bits-per-component>
      <data-set-id type="integer">79725764</data-set-id>
      <expression type="boolean" nil="true"/>
      <expression-path>/external/mouse/prod37/0305011524/0305011524_4_expression.aff</expression-path>
      <failed type="boolean">false</failed>
      <height type="integer">5585</height>
      <id type="integer">79694962</id>
      <image-height type="integer">5585</image-height>
      <image-type>Primary</image-type>
      <image-width type="integer">10225</image-width>
      <isi-experiment-id type="integer" nil="true"/>
      <lims1-id type="integer">79694962</lims1-id>
      <number-of-components type="integer">3</number-of-components>
      <ophys-experiment-id type="integer" nil="true"/>
      <path>/external/aibssan/production25/stitch5/0305011524/0305011524_1_zoom.aff</path>
      <projection-function nil="true"/>
      <resolution type="float">1.049</resolution>
      <section-number type="integer">4</section-number>
      <specimen-id type="integer" nil="true"/>
      <structure-id type="integer" nil="true"/>
      <tier-count type="integer">7</tier-count>
      <width type="integer">10225</width>
      <x type="integer">0</x>
      <y type="integer">0</y>
      <alignment2d>
        <id type="integer">171945931</id>
        <tvs>0.953289,-0.000577654,0.000577654,0.953289,-2453.58,-2541.48</tvs>
        <tsv>1.049,0.000635651,-0.000635651,1.049,2575.42,2664.45</tsv>
      </alignment2d>
    </section-image>
    <section-image>
      <annotated type="boolean">false</annotated>
      <axes nil="true"/>
      <bits-per-component type="integer">8</bits-per-component>
      <data-set-id type="integer">79725764</data-set-id>
      <expression type="boolean" nil="true"/>
      <expression-path>/external/mouse/prod37/0305011524/0305011524_12_expression.aff</expression-path>
      <failed type="boolean">false</failed>
      <height type="integer">8065</height>
      <id type="integer">79694964</id>
      <image-height type="integer">8065</image-height>
      <image-type>Primary</image-type>
      <image-width type="integer">14049</image-width>
      <isi-experiment-id type="integer" nil="true"/>
      <lims1-id type="integer">79694964</lims1-id>
      <number-of-components type="integer">3</number-of-components>
      <ophys-experiment-id type="integer" nil="true"/>
      <path>/external/aibssan/production25/stitch5/0305011524/0305011524_2_zoom.aff</path>
      <projection-function nil="true"/>
      <resolution type="float">1.049</resolution>
      <section-number type="integer">12</section-number>
      <specimen-id type="integer" nil="true"/>
      <structure-id type="integer" nil="true"/>
      <tier-count type="integer">7</tier-count>
      <width type="integer">14049</width>
      <x type="integer">0</x>
      <y type="integer">0</y>
      <alignment2d>
        <id type="integer">171945933</id>
        <tvs>0.953289,-0.000577654,0.000577654,0.953289,-3408.08,-46.8968</tvs>
        <tsv>1.049,0.000635651,-0.000635651,1.049,3575.1,47.0284</tsv>
      </alignment2d>
    </section-image>
    <section-image>
      <annotated type="boolean">false</annotated>
      <axes nil="true"/>
      <bits-per-component type="integer">8</bits-per-component>
      <data-set-id type="integer">79725764</data-set-id>
      <expression type="boolean" nil="true"/>
      <expression-path>/external/mouse/prod37/0305011524/0305011524_20_expression.aff</expression-path>
      <failed type="boolean">false</failed>
      <height type="integer">5777</height>
      <id type="integer">79694966</id>
      <image-height type="integer">5777</image-height>
      <image-type>Primary</image-type>
      <image-width type="integer">6401</image-width>
      <isi-experiment-id type="integer" nil="true"/>
      <lims1-id type="integer">79694966</lims1-id>
      <number-of-components type="integer">3</number-of-components>
      <ophys-experiment-id type="integer" nil="true"/>
      <path>/external/aibssan/production25/stitch5/0305011524/0305011524_3_zoom.aff</path>
      <projection-function nil="true"/>
      <resolution type="float">1.049</resolution>
      <section-number type="integer">20</section-number>
      <specimen-id type="integer" nil="true"/>
      <structure-id type="integer" nil="true"/>
      <tier-count type="integer">6</tier-count>
      <width type="integer">6401</width>
      <x type="integer">0</x>
      <y type="integer">0</y>
      <alignment2d>
        <id type="integer">171945935</id>
        <tvs>0.953289,-0.000577654,0.000577654,0.953289,-2921.62,-2161.81</tvs>
        <tsv>1.049,0.000635651,-0.000635651,1.049,3066.15,2265.88</tsv>
      </alignment2d>
    </section-image>
    <section-image>
      <annotated type="boolean">false</annotated>
      <axes nil="true"/>
      <bits-per-component type="integer">8</bits-per-component>
      <data-set-id type="integer">79725764</data-set-id>
      <expression type="boolean" nil="true"/>
      <expression-path>/external/mouse/prod37/0305011524/0305011524_28_expression.aff</expression-path>
      <failed type="boolean">false</failed>
      <height type="integer">6721</height>
      <id type="integer">79694968</id>
      <image-height type="integer">6721</image-height>
      <image-type>Primary</image-type>
      <image-width type="integer">10273</image-width>
      <isi-experiment-id type="integer" nil="true"/>
      <lims1-id type="integer">79694968</lims1-id>
      <number-of-components type="integer">3</number-of-components>
      <ophys-experiment-id type="integer" nil="true"/>
      <path>/external/aibssan/production25/stitch5/0305011524/0305011524_4_zoom.aff</path>
      <projection-function nil="true"/>
      <resolution type="float">1.049</resolution>
      <section-number type="integer">28</section-number>
      <specimen-id type="integer" nil="true"/>
      <structure-id type="integer" nil="true"/>
      <tier-count type="integer">7</tier-count>
      <width type="integer">10273</width>
      <x type="integer">0</x>
      <y type="integer">0</y>
      <alignment2d>
        <id type="integer">171945937</id>
        <tvs>0.953289,-0.000577654,0.000577654,0.953289,-2823.84,-1475.35</tvs>
        <tsv>1.049,0.000635651,-0.000635651,1.049,2963.14,1545.85</tsv>
      </alignment2d>
    </section-image>
    <section-image>
      <annotated type="boolean">false</annotated>
      <axes nil="true"/>
      <bits-per-component type="integer">8</bits-per-component>
      <data-set-id type="integer">79725764</data-set-id>
      <expression type="boolean" nil="true"/>
      <expression-path>/external/mouse/prod37/0305021519/0305021519_36_expression.aff</expression-path>
      <failed type="boolean">false</failed>
      <height type="integer">9585</height>
      <id type="integer">79694972</id>
      <image-height type="integer">9585</image-height>
      <image-type>Primary</image-type>
      <image-width type="integer">15393</image-width>
      <isi-experiment-id type="integer" nil="true"/>
      <lims1-id type="integer">79694972</lims1-id>
      <number-of-components type="integer">3</number-of-components>
      <ophys-experiment-id type="integer" nil="true"/>
      <path>/external/aibssan/production26/stitch1/0305021519/0305021519_1_zoom.aff</path>
      <projection-function nil="true"/>
      <resolution type="float">1.049</resolution>
      <section-number type="integer">36</section-number>
      <specimen-id type="integer" nil="true"/>
      <structure-id type="integer" nil="true"/>
      <tier-count type="integer">7</tier-count>
      <width type="integer">15393</width>
      <x type="integer">0</x>
      <y type="integer">0</y>
      <alignment2d>
        <id type="integer">171945939</id>
        <tvs>0.953248,-0.00878095,0.00878095,0.953248,1147.51,-447.138</tvs>
        <tsv>1.04896,0.00966257,-0.00966257,1.04896,-1199.37,480.116</tsv>
      </alignment2d>
    </section-image>
    <section-image>
      <annotated type="boolean">false</annotated>
      <axes nil="true"/>
      <bits-per-component type="integer">8</bits-per-component>
      <data-set-id type="integer">79725764</data-set-id>
      <expression type="boolean" nil="true"/>
      <expression-path>/external/mouse/prod37/0305021519/0305021519_44_expression.aff</expression-path>
      <failed type="boolean">false</failed>
      <height type="integer">9601</height>
      <id type="integer">79694974</id>
      <image-height type="integer">9601</image-height>
      <image-type>Primary</image-type>
      <image-width type="integer">15377</image-width>
      <isi-experiment-id type="integer" nil="true"/>
      <lims1-id type="integer">79694974</lims1-id>
      <number-of-components type="integer">3</number-of-components>
      <ophys-experiment-id type="integer" nil="true"/>
      <path>/external/aibssan/production26/stitch1/0305021519/0305021519_2_zoom.aff</path>
      <projection-function nil="true"/>
      <resolution type="float">1.049</resolution>
      <section-number type="integer">44</section-number>
      <specimen-id type="integer" nil="true"/>
      <structure-id type="integer" nil="true"/>
      <tier-count type="integer">7</tier-count>
      <width type="integer">15377</width>
      <x type="integer">0</x>
      <y type="integer">0</y>
      <alignment2d>
        <id type="integer">171945941</id>
        <tvs>0.953244,-0.00923599,0.00923599,0.953244,1262.16,483.778</tvs>
        <tsv>1.04895,0.0101633,-0.0101633,1.04895,-1328.86,-494.632</tsv>
      </alignment2d>
    </section-image>
    <section-image>
      <annotated type="boolean">false</annotated>
      <axes nil="true"/>
      <bits-per-component type="integer">8</bits-per-component>
      <data-set-id type="integer">79725764</data-set-id>
      <expression type="boolean" nil="true"/>
      <expression-path>/external/mouse/prod37/0305021519/0305021519_52_expression.aff</expression-path>
      <failed type="boolean">false</failed>
      <height type="integer">9633</height>
      <id type="integer">79694976</id>
      <image-height type="integer">9633</image-height>
      <image-type>Primary</image-type>
      <image-width type="integer">15393</image-width>
      <isi-experiment-id type="integer" nil="true"/>
      <lims1-id type="integer">79694976</lims1-id>
      <number-of-components type="integer">3</number-of-components>
      <ophys-experiment-id type="integer" nil="true"/>
      <path>/external/aibssan/production26/stitch1/0305021519/0305021519_3_zoom.aff</path>
      <projection-function nil="true"/>
      <resolution type="float">1.049</resolution>
      <section-number type="integer">52</section-number>
      <specimen-id type="integer" nil="true"/>
      <structure-id type="integer" nil="true"/>
      <tier-count type="integer">7</tier-count>
      <width type="integer">15393</width>
      <x type="integer">0</x>
      <y type="integer">0</y>
      <alignment2d>
        <id type="integer">171945943</id>
        <tvs>0.953264,-0.00694975,0.00694975,0.953264,1388.9,272.269</tvs>
        <tsv>1.04897,0.00764751,-0.00764751,1.04897,-1459.0,-274.98</tsv>
      </alignment2d>
    </section-image>
    <section-image>
      <annotated type="boolean">false</annotated>
      <axes nil="true"/>
      <bits-per-component type="integer">8</bits-per-component>
      <data-set-id type="integer">79725764</data-set-id>
      <expression type="boolean" nil="true"/>
      <expression-path>/external/mouse/prod37/0305021519/0305021519_60_expression.aff</expression-path>
      <failed type="boolean">false</failed>
      <height type="integer">9553</height>
      <id type="integer">79694978</id>
      <image-height type="integer">9553</image-height>
      <image-type>Primary</image-type>
      <image-width type="integer">16641</image-width>
      <isi-experiment-id type="integer" nil="true"/>
      <lims1-id type="integer">79694978</lims1-id>
      <number-of-components type="integer">3</number-of-components>
      <ophys-experiment-id type="integer" nil="true"/>
      <path>/external/aibssan/production26/stitch1/0305021519/0305021519_4_zoom.aff</path>
      <projection-function nil="true"/>
      <resolution type="float">1.049</resolution>
      <section-number type="integer">60</section-number>
      <specimen-id type="integer" nil="true"/>
      <structure-id type="integer" nil="true"/>
      <tier-count type="integer">8</tier-count>
      <width type="integer">16641</width>
      <x type="integer">0</x>
      <y type="integer">0</y>
      <alignment2d>
        <id type="integer">171945945</id>
        <tvs>0.953254,-0.00809977,0.00809977,0.953254,1753.57,-49.5043</tvs>
        <tsv>1.04896,0.008913,-0.008913,1.04896,-1838.99,67.5577</tsv>
      </alignment2d>
    </section-image>
    <section-image>
      <annotated type="boolean">false</annotated>
      <axes nil="true"/>
      <bits-per-component type="integer">8</bits-per-component>
      <data-set-id type="integer">79725764</data-set-id>
      <expression type="boolean" nil="true"/>
      <expression-path>/external/mouse/prod37/0305031749/0305031749_68_expression.aff</expression-path>
      <failed type="boolean">false</failed>
      <height type="integer">9601</height>
      <id type="integer">79694982</id>
      <image-height type="integer">9601</image-height>
      <image-type>Primary</image-type>
      <image-width type="integer">17953</image-width>
      <isi-experiment-id type="integer" nil="true"/>
      <lims1-id type="integer">79694982</lims1-id>
      <number-of-components type="integer">3</number-of-components>
      <ophys-experiment-id type="integer" nil="true"/>
      <path>/external/aibssan/production26/stitch1/0305031749/0305031749_1_zoom.aff</path>
      <projection-function nil="true"/>
      <resolution type="float">1.049</resolution>
      <section-number type="integer">68</section-number>
      <specimen-id type="integer" nil="true"/>
      <structure-id type="integer" nil="true"/>
      <tier-count type="integer">8</tier-count>
      <width type="integer">17953</width>
      <x type="integer">0</x>
      <y type="integer">0</y>
      <alignment2d>
        <id type="integer">171945947</id>
        <tvs>0.953222,-0.0112623,0.0112623,0.953222,1336.39,9.08344</tvs>
        <tsv>1.04893,0.0123931,-0.0123931,1.04893,-1401.89,7.03415</tsv>
      </alignment2d>
    </section-image>
    <section-image>
      <annotated type="boolean">false</annotated>
      <axes nil="true"/>
      <bits-per-component type="integer">8</bits-per-component>
      <data-set-id type="integer">79725764</data-set-id>
      <expression type="boolean" nil="true"/>
      <expression-path>/external/mouse/prod37/0305031749/0305031749_76_expression.aff</expression-path>
      <failed type="boolean">false</failed>
      <height type="integer">9569</height>
      <id type="integer">79694984</id>
      <image-height type="integer">9569</image-height>
      <image-type>Primary</image-type>
      <image-width type="integer">16657</image-width>
      <isi-experiment-id type="integer" nil="true"/>
      <lims1-id type="integer">79694984</lims1-id>
      <number-of-components type="integer">3</number-of-components>
      <ophys-experiment-id type="integer" nil="true"/>
      <path>/external/aibssan/production26/stitch1/0305031749/0305031749_2_zoom.aff</path>
      <projection-function nil="true"/>
      <resolution type="float">1.049</resolution>
      <section-number type="integer">76</section-number>
      <specimen-id type="integer" nil="true"/>
      <structure-id type="integer" nil="true"/>
      <tier-count type="integer">8</tier-count>
      <width type="integer">16657</width>
      <x type="integer">0</x>
      <y type="integer">0</y>
      <alignment2d>
        <id type="integer">171945949</id>
        <tvs>0.953248,-0.00882574,0.00882574,0.953248,1866.55,-214.07</tvs>
        <tsv>1.04896,0.00971185,-0.00971185,1.04896,-1955.84,242.678</tsv>
      </alignment2d>
    </section-image>
    <section-image>
      <annotated type="boolean">false</annotated>
      <axes nil="true"/>
      <bits-per-component type="integer">8</bits-per-component>
      <data-set-id type="integer">79725764</data-set-id>
      <expression type="boolean" nil="true"/>
      <expression-path>/external/mouse/prod37/0305031749/0305031749_84_expression.aff</expression-path>
      <failed type="boolean">false</failed>
      <height type="integer">9601</height>
      <id type="integer">79694986</id>
      <image-height type="integer">9601</image-height>
      <image-type>Primary</image-type>
      <image-width type="integer">16673</image-width>
      <isi-experiment-id type="integer" nil="true"/>
      <lims1-id type="integer">79694986</lims1-id>
      <number-of-components type="integer">3</number-of-components>
      <ophys-experiment-id type="integer" nil="true"/>
      <path>/external/aibssan/production26/stitch1/0305031749/0305031749_3_zoom.aff</path>
      <projection-function nil="true"/>
      <resolution type="float">1.049</resolution>
      <section-number type="integer">84</section-number>
      <specimen-id type="integer" nil="true"/>
      <structure-id type="integer" nil="true"/>
      <tier-count type="integer">8</tier-count>
      <width type="integer">16673</width>
      <x type="integer">0</x>
      <y type="integer">0</y>
      <alignment2d>
        <id type="integer">171945951</id>
        <tvs>0.953277,-0.00478746,0.00478746,0.953277,1817.7,-215.249</tvs>
        <tsv>1.04899,0.00526813,-0.00526813,1.04899,-1905.61,235.37</tsv>
      </alignment2d>
    </section-image>
    <section-image>
      <annotated type="boolean">false</annotated>
      <axes nil="true"/>
      <bits-per-component type="integer">8</bits-per-component>
      <data-set-id type="integer">79725764</data-set-id>
      <expression type="boolean" nil="true"/>
      <expression-path>/external/mouse/prod37/0305031749/0305031749_92_expression.aff</expression-path>
      <failed type="boolean">false</failed>
      <height type="integer">9553</height>
      <id type="integer">79694988</id>
      <image-height type="integer">9553</image-height>
      <image-type>Primary</image-type>
      <image-width type="integer">16641</image-width>
      <isi-experiment-id type="integer" nil="true"/>
      <lims1-id type="integer">79694988</lims1-id>
      <number-of-components type="integer">3</number-of-components>
      <ophys-experiment-id type="integer" nil="true"/>
      <path>/external/aibssan/production26/stitch1/0305031749/0305031749_4_zoom.aff</path>
      <projection-function nil="true"/>
      <resolution type="float">1.049</resolution>
      <section-number type="integer">92</section-number>
      <specimen-id type="integer" nil="true"/>
      <structure-id type="integer" nil="true"/>
      <tier-count type="integer">8</tier-count>
      <width type="integer">16641</width>
      <x type="integer">0</x>
      <y type="integer">0</y>
      <alignment2d>
        <id type="integer">171945953</id>
        <tvs>0.953276,-0.00489701,0.00489701,0.953276,1356.04,-455.935</tvs>
        <tsv>1.04899,0.00538867,-0.00538867,1.04899,-1420.01,485.576</tsv>
      </alignment2d>
    </section-image>
    <section-image>
      <annotated type="boolean">false</annotated>
      <axes nil="true"/>
      <bits-per-component type="integer">8</bits-per-component>
      <data-set-id type="integer">79725764</data-set-id>
      <expression type="boolean" nil="true"/>
      <expression-path>/external/mouse/prod37/0305041990/0305041990_100_expression.aff</expression-path>
      <failed type="boolean">false</failed>
      <height type="integer">9569</height>
      <id type="integer">79694992</id>
      <image-height type="integer">9569</image-height>
      <image-type>Primary</image-type>
      <image-width type="integer">17937</image-width>
      <isi-experiment-id type="integer" nil="true"/>
      <lims1-id type="integer">79694992</lims1-id>
      <number-of-components type="integer">3</number-of-components>
      <ophys-experiment-id type="integer" nil="true"/>
      <path>/external/aibssan/production26/stitch1/0305041990/0305041990_1_zoom.aff</path>
      <projection-function nil="true"/>
      <resolution type="float">1.049</resolution>
      <section-number type="integer">100</section-number>
      <specimen-id type="integer" nil="true"/>
      <structure-id type="integer" nil="true"/>
      <tier-count type="integer">8</tier-count>
      <width type="integer">17937</width>
      <x type="integer">0</x>
      <y type="integer">0</y>
      <alignment2d>
        <id type="integer">171945955</id>
        <tvs>0.953263,-0.00706085,0.00706085,0.953263,2056.78,-398.74</tvs>
        <tsv>1.04897,0.00776977,-0.00776977,1.04897,-2154.4,434.247</tsv>
      </alignment2d>
    </section-image>
    <section-image>
      <annotated type="boolean">false</annotated>
      <axes nil="true"/>
      <bits-per-component type="integer">8</bits-per-component>
      <data-set-id type="integer">79725764</data-set-id>
      <expression type="boolean" nil="true"/>
      <expression-path>/external/mouse/prod37/0305041990/0305041990_108_expression.aff</expression-path>
      <failed type="boolean">false</failed>
      <height type="integer">9585</height>
      <id type="integer">79694994</id>
      <image-height type="integer">9585</image-height>
      <image-type>Primary</image-type>
      <image-width type="integer">16625</image-width>
      <isi-experiment-id type="integer" nil="true"/>
      <lims1-id type="integer">79694994</lims1-id>
      <number-of-components type="integer">3</number-of-components>
      <ophys-experiment-id type="integer" nil="true"/>
      <path>/external/aibssan/production26/stitch1/0305041990/0305041990_2_zoom.aff</path>
      <projection-function nil="true"/>
      <resolution type="float">1.049</resolution>
      <section-number type="integer">108</section-number>
      <specimen-id type="integer" nil="true"/>
      <structure-id type="integer" nil="true"/>
      <tier-count type="integer">8</tier-count>
      <width type="integer">16625</width>
      <x type="integer">0</x>
      <y type="integer">0</y>
      <alignment2d>
        <id type="integer">171945957</id>
        <tvs>0.953273,-0.0054299,0.0054299,0.953273,1581.62,-185.896</tvs>
        <tsv>1.04898,0.00597507,-0.00597507,1.04898,-1657.98,204.452</tsv>
      </alignment2d>
    </section-image>
    <section-image>
      <annotated type="boolean">false</annotated>
      <axes nil="true"/>
      <bits-per-component type="integer">8</bits-per-component>
      <data-set-id type="integer">79725764</data-set-id>
      <expression type="boolean" nil="true"/>
      <expression-path>/external/mouse/prod37/0305041990/0305041990_116_expression.aff</expression-path>
      <failed type="boolean">false</failed>
      <height type="integer">9585</height>
      <id type="integer">79694996</id>
      <image-height type="integer">9585</image-height>
      <image-type>Primary</image-type>
      <image-width type="integer">16641</image-width>
      <isi-experiment-id type="integer" nil="true"/>
      <lims1-id type="integer">79694996</lims1-id>
      <number-of-components type="integer">3</number-of-components>
      <ophys-experiment-id type="integer" nil="true"/>
      <path>/external/aibssan/production26/stitch1/0305041990/0305041990_3_zoom.aff</path>
      <projection-function nil="true"/>
      <resolution type="float">1.049</resolution>
      <section-number type="integer">116</section-number>
      <specimen-id type="integer" nil="true"/>
      <structure-id type="integer" nil="true"/>
      <tier-count type="integer">8</tier-count>
      <width type="integer">16641</width>
      <x type="integer">0</x>
      <y type="integer">0</y>
      <alignment2d>
        <id type="integer">171945959</id>
        <tvs>0.953288,0.0014564,-0.0014564,0.953288,1039.36,-649.311</tvs>
        <tsv>1.049,-0.00160262,0.00160262,1.049,-1091.33,679.461</tsv>
      </alignment2d>
    </section-image>
    <section-image>
      <annotated type="boolean">false</annotated>
      <axes nil="true"/>
      <bits-per-component type="integer">8</bits-per-component>
      <data-set-id type="integer">79725764</data-set-id>
      <expression type="boolean" nil="true"/>
      <expression-path>/external/mouse/prod37/0305041990/0305041990_124_expression.aff</expression-path>
      <failed type="boolean">false</failed>
      <height type="integer">9585</height>
      <id type="integer">79694998</id>
      <image-height type="integer">9585</image-height>
      <image-type>Primary</image-type>
      <image-width type="integer">16641</image-width>
      <isi-experiment-id type="integer" nil="true"/>
      <lims1-id type="integer">79694998</lims1-id>
      <number-of-components type="integer">3</number-of-components>
      <ophys-experiment-id type="integer" nil="true"/>
      <path>/external/aibssan/production26/stitch1/0305041990/0305041990_4_zoom.aff</path>
      <projection-function nil="true"/>
      <resolution type="float">1.049</resolution>
      <section-number type="integer">124</section-number>
      <specimen-id type="integer" nil="true"/>
      <structure-id type="integer" nil="true"/>
      <tier-count type="integer">8</tier-count>
      <width type="integer">16641</width>
      <x type="integer">0</x>
      <y type="integer">0</y>
      <alignment2d>
        <id type="integer">171945961</id>
        <tvs>0.953289,0.000521797,-0.000521797,0.953289,1258.1,-819.469</tvs>
        <tsv>1.049,-0.000574186,0.000574186,1.049,-1320.21,858.901</tsv>
      </alignment2d>
    </section-image>
    <section-image>
      <annotated type="boolean">false</annotated>
      <axes nil="true"/>
      <bits-per-component type="integer">8</bits-per-component>
      <data-set-id type="integer">79725764</data-set-id>
      <expression type="boolean" nil="true"/>
      <expression-path>/external/mouse/prod37/0305051505/0305051505_132_expression.aff</expression-path>
      <failed type="boolean">false</failed>
      <height type="integer">6721</height>
      <id type="integer">79695002</id>
      <image-height type="integer">6721</image-height>
      <image-type>Primary</image-type>
      <image-width type="integer">8945</image-width>
      <isi-experiment-id type="integer" nil="true"/>
      <lims1-id type="integer">79695002</lims1-id>
      <number-of-components type="integer">3</number-of-components>
      <ophys-experiment-id type="integer" nil="true"/>
      <path>/external/aibssan/production25/stitch5/0305051505/0305051505_1_zoom.aff</path>
      <projection-function nil="true"/>
      <resolution type="float">1.049</resolution>
      <section-number type="integer">132</section-number>
      <specimen-id type="integer" nil="true"/>
      <structure-id type="integer" nil="true"/>
      <tier-count type="integer">7</tier-count>
      <width type="integer">8945</width>
      <x type="integer">0</x>
      <y type="integer">0</y>
      <alignment2d>
        <id type="integer">171945963</id>
        <tvs>0.953289,-0.000129894,0.000129894,0.953289,-1919.32,-1952.1</tvs>
        <tsv>1.049,0.000142936,-0.000142936,1.049,2013.65,2047.48</tsv>
      </alignment2d>
    </section-image>
    <section-image>
      <annotated type="boolean">false</annotated>
      <axes nil="true"/>
      <bits-per-component type="integer">8</bits-per-component>
      <data-set-id type="integer">79725764</data-set-id>
      <expression type="boolean" nil="true"/>
      <expression-path>/external/mouse/prod37/0305051505/0305051505_140_expression.aff</expression-path>
      <failed type="boolean">false</failed>
      <height type="integer">7697</height>
      <id type="integer">79695004</id>
      <image-height type="integer">7697</image-height>
      <image-type>Primary</image-type>
      <image-width type="integer">10241</image-width>
      <isi-experiment-id type="integer" nil="true"/>
      <lims1-id type="integer">79695004</lims1-id>
      <number-of-components type="integer">3</number-of-components>
      <ophys-experiment-id type="integer" nil="true"/>
      <path>/external/aibssan/production25/stitch5/0305051505/0305051505_2_zoom.aff</path>
      <projection-function nil="true"/>
      <resolution type="float">1.049</resolution>
      <section-number type="integer">140</section-number>
      <specimen-id type="integer" nil="true"/>
      <structure-id type="integer" nil="true"/>
      <tier-count type="integer">7</tier-count>
      <width type="integer">10241</width>
      <x type="integer">0</x>
      <y type="integer">0</y>
      <alignment2d>
        <id type="integer">171945965</id>
        <tvs>0.953285,0.00259529,-0.00259529,0.953285,-1255.28,-1529.69</tvs>
        <tsv>1.049,-0.00285586,0.00285586,1.049,1312.41,1608.23</tsv>
      </alignment2d>
    </section-image>
    <section-image>
      <annotated type="boolean">false</annotated>
      <axes nil="true"/>
      <bits-per-component type="integer">8</bits-per-component>
      <data-set-id type="integer">79725764</data-set-id>
      <expression type="boolean" nil="true"/>
      <expression-path>/external/mouse/prod37/0305051505/0305051505_148_expression.aff</expression-path>
      <failed type="boolean">false</failed>
      <height type="integer">6721</height>
      <id type="integer">79695006</id>
      <image-height type="integer">6721</image-height>
      <image-type>Primary</image-type>
      <image-width type="integer">10241</image-width>
      <isi-experiment-id type="integer" nil="true"/>
      <lims1-id type="integer">79695006</lims1-id>
      <number-of-components type="integer">3</number-of-components>
      <ophys-experiment-id type="integer" nil="true"/>
      <path>/external/aibssan/production25/stitch5/0305051505/0305051505_3_zoom.aff</path>
      <projection-function nil="true"/>
      <resolution type="float">1.049</resolution>
      <section-number type="integer">148</section-number>
      <specimen-id type="integer" nil="true"/>
      <structure-id type="integer" nil="true"/>
      <tier-count type="integer">7</tier-count>
      <width type="integer">10241</width>
      <x type="integer">0</x>
      <y type="integer">0</y>
      <alignment2d>
        <id type="integer">171945967</id>
        <tvs>0.953221,0.0114088,-0.0114088,0.953221,-1257.28,-1808.03</tvs>
        <tsv>1.04892,-0.0125543,0.0125543,1.04892,1296.09,1912.27</tsv>
      </alignment2d>
    </section-image>
    <section-image>
      <annotated type="boolean">false</annotated>
      <axes nil="true"/>
      <bits-per-component type="integer">8</bits-per-component>
      <data-set-id type="integer">79725764</data-set-id>
      <expression type="boolean" nil="true"/>
      <expression-path>/external/mouse/prod37/0305051505/0305051505_156_expression.aff</expression-path>
      <failed type="boolean">false</failed>
      <height type="integer">7681</height>
      <id type="integer">79695008</id>
      <image-height type="integer">7681</image-height>
      <image-type>Primary</image-type>
      <image-width type="integer">10257</image-width>
      <isi-experiment-id type="integer" nil="true"/>
      <lims1-id type="integer">79695008</lims1-id>
      <number-of-components type="integer">3</number-of-components>
      <ophys-experiment-id type="integer" nil="true"/>
      <path>/external/aibssan/production25/stitch5/0305051505/0305051505_4_zoom.aff</path>
      <projection-function nil="true"/>
      <resolution type="float">1.049</resolution>
      <section-number type="integer">156</section-number>
      <specimen-id type="integer" nil="true"/>
      <structure-id type="integer" nil="true"/>
      <tier-count type="integer">7</tier-count>
      <width type="integer">10257</width>
      <x type="integer">0</x>
      <y type="integer">0</y>
      <alignment2d>
        <id type="integer">171945969</id>
        <tvs>0.953138,0.0169851,-0.0169851,0.953138,-1233.08,-1190.5</tvs>
        <tsv>1.04883,-0.0186904,0.0186904,1.04883,1271.05,1271.69</tsv>
      </alignment2d>
    </section-image>
    <section-image>
      <annotated type="boolean">false</annotated>
      <axes nil="true"/>
      <bits-per-component type="integer">8</bits-per-component>
      <data-set-id type="integer">79725764</data-set-id>
      <expression type="boolean" nil="true"/>
      <expression-path>/external/mouse/prod37/0305062090/0305062090_164_expression.aff</expression-path>
      <failed type="boolean">false</failed>
      <height type="integer">7681</height>
      <id type="integer">79695012</id>
      <image-height type="integer">7681</image-height>
      <image-type>Primary</image-type>
      <image-width type="integer">10257</image-width>
      <isi-experiment-id type="integer" nil="true"/>
      <lims1-id type="integer">79695012</lims1-id>
      <number-of-components type="integer">3</number-of-components>
      <ophys-experiment-id type="integer" nil="true"/>
      <path>/external/aibssan/production25/stitch5/0305062090/0305062090_1_zoom.aff</path>
      <projection-function nil="true"/>
      <resolution type="float">1.049</resolution>
      <section-number type="integer">164</section-number>
      <specimen-id type="integer" nil="true"/>
      <structure-id type="integer" nil="true"/>
      <tier-count type="integer">7</tier-count>
      <width type="integer">10257</width>
      <x type="integer">0</x>
      <y type="integer">0</y>
      <alignment2d>
        <id type="integer">171945971</id>
        <tvs>0.953288,-0.00122333,0.00122333,0.953288,-1123.5,-1331.76</tvs>
        <tsv>1.049,0.00134615,-0.00134615,1.049,1180.35,1395.51</tsv>
      </alignment2d>
    </section-image>
    <section-image>
      <annotated type="boolean">false</annotated>
      <axes nil="true"/>
      <bits-per-component type="integer">8</bits-per-component>
      <data-set-id type="integer">79725764</data-set-id>
      <expression type="boolean" nil="true"/>
      <expression-path>/external/mouse/prod37/0305062090/0305062090_172_expression.aff</expression-path>
      <failed type="boolean">false</failed>
      <height type="integer">7681</height>
      <id type="integer">79695014</id>
      <image-height type="integer">7681</image-height>
      <image-type>Primary</image-type>
      <image-width type="integer">14097</image-width>
      <isi-experiment-id type="integer" nil="true"/>
      <lims1-id type="integer">79695014</lims1-id>
      <number-of-components type="integer">3</number-of-components>
      <ophys-experiment-id type="integer" nil="true"/>
      <path>/external/aibssan/production25/stitch5/0305062090/0305062090_2_zoom.aff</path>
      <projection-function nil="true"/>
      <resolution type="float">1.049</resolution>
      <section-number type="integer">172</section-number>
      <specimen-id type="integer" nil="true"/>
      <structure-id type="integer" nil="true"/>
      <tier-count type="integer">7</tier-count>
      <width type="integer">14097</width>
      <x type="integer">0</x>
      <y type="integer">0</y>
      <alignment2d>
        <id type="integer">171945973</id>
        <tvs>0.95328,0.00413106,-0.00413106,0.95328,2312.46,-1254.45</tvs>
        <tsv>1.04899,-0.00454583,0.00454583,1.04899,-2431.45,1305.39</tsv>
      </alignment2d>
    </section-image>
    <section-image>
      <annotated type="boolean">false</annotated>
      <axes nil="true"/>
      <bits-per-component type="integer">8</bits-per-component>
      <data-set-id type="integer">79725764</data-set-id>
      <expression type="boolean" nil="true"/>
      <expression-path>/external/mouse/prod37/0305062090/0305062090_180_expression.aff</expression-path>
      <failed type="boolean">false</failed>
      <height type="integer">7681</height>
      <id type="integer">79695016</id>
      <image-height type="integer">7681</image-height>
      <image-type>Primary</image-type>
      <image-width type="integer">10241</image-width>
      <isi-experiment-id type="integer" nil="true"/>
      <lims1-id type="integer">79695016</lims1-id>
      <number-of-components type="integer">3</number-of-components>
      <ophys-experiment-id type="integer" nil="true"/>
      <path>/external/aibssan/production25/stitch5/0305062090/0305062090_3_zoom.aff</path>
      <projection-function nil="true"/>
      <resolution type="float">1.049</resolution>
      <section-number type="integer">180</section-number>
      <specimen-id type="integer" nil="true"/>
      <structure-id type="integer" nil="true"/>
      <tier-count type="integer">7</tier-count>
      <width type="integer">10241</width>
      <x type="integer">0</x>
      <y type="integer">0</y>
      <alignment2d>
        <id type="integer">171945975</id>
        <tvs>0.953289,-0.000756957,0.000756957,0.953289,-1130.47,-1111.31</tvs>
        <tsv>1.049,0.000832956,-0.000832956,1.049,1186.79,1164.82</tsv>
      </alignment2d>
    </section-image>
    <section-image>
      <annotated type="boolean">false</annotated>
      <axes nil="true"/>
      <bits-per-component type="integer">8</bits-per-component>
      <data-set-id type="integer">79725764</data-set-id>
      <expression type="boolean" nil="true"/>
      <expression-path>/external/mouse/prod37/0305062090/0305062090_188_expression.aff</expression-path>
      <failed type="boolean">false</failed>
      <height type="integer">7665</height>
      <id type="integer">79695018</id>
      <image-height type="integer">7665</image-height>
      <image-type>Primary</image-type>
      <image-width type="integer">10241</image-width>
      <isi-experiment-id type="integer" nil="true"/>
      <lims1-id type="integer">79695018</lims1-id>
      <number-of-components type="integer">3</number-of-components>
      <ophys-experiment-id type="integer" nil="true"/>
      <path>/external/aibssan/production25/stitch5/0305062090/0305062090_4_zoom.aff</path>
      <projection-function nil="true"/>
      <resolution type="float">1.049</resolution>
      <section-number type="integer">188</section-number>
      <specimen-id type="integer" nil="true"/>
      <structure-id type="integer" nil="true"/>
      <tier-count type="integer">7</tier-count>
      <width type="integer">10241</width>
      <x type="integer">0</x>
      <y type="integer">0</y>
      <alignment2d>
        <id type="integer">171945978</id>
        <tvs>0.953206,0.0125767,-0.0125767,0.953206,-1173.26,-1007.23</tvs>
        <tsv>1.04891,-0.0138394,0.0138394,1.04891,1216.7,1072.73</tsv>
      </alignment2d>
    </section-image>
    <section-image>
      <annotated type="boolean">false</annotated>
      <axes nil="true"/>
      <bits-per-component type="integer">8</bits-per-component>
      <data-set-id type="integer">79725764</data-set-id>
      <expression type="boolean" nil="true"/>
      <expression-path>/external/mouse/prod37/0305071902/0305071902_196_expression.aff</expression-path>
      <failed type="boolean">false</failed>
      <height type="integer">7633</height>
      <id type="integer">79695022</id>
      <image-height type="integer">7633</image-height>
      <image-type>Primary</image-type>
      <image-width type="integer">10209</image-width>
      <isi-experiment-id type="integer" nil="true"/>
      <lims1-id type="integer">79695022</lims1-id>
      <number-of-components type="integer">3</number-of-components>
      <ophys-experiment-id type="integer" nil="true"/>
      <path>/external/aibssan/production25/stitch5/0305071902/0305071902_1_zoom.aff</path>
      <projection-function nil="true"/>
      <resolution type="float">1.049</resolution>
      <section-number type="integer">196</section-number>
      <specimen-id type="integer" nil="true"/>
      <structure-id type="integer" nil="true"/>
      <tier-count type="integer">7</tier-count>
      <width type="integer">10209</width>
      <x type="integer">0</x>
      <y type="integer">0</y>
      <alignment2d>
        <id type="integer">171945980</id>
        <tvs>0.953289,-0.00055844,0.00055844,0.953289,-1123.17,-1219.73</tvs>
        <tsv>1.049,0.000614508,-0.000614508,1.049,1178.96,1278.81</tsv>
      </alignment2d>
    </section-image>
    <section-image>
      <annotated type="boolean">false</annotated>
      <axes nil="true"/>
      <bits-per-component type="integer">8</bits-per-component>
      <data-set-id type="integer">79725764</data-set-id>
      <expression type="boolean" nil="true"/>
      <expression-path>/external/mouse/prod37/0305071902/0305071902_204_expression.aff</expression-path>
      <failed type="boolean">false</failed>
      <height type="integer">7633</height>
      <id type="integer">79695024</id>
      <image-height type="integer">7633</image-height>
      <image-type>Primary</image-type>
      <image-width type="integer">10209</image-width>
      <isi-experiment-id type="integer" nil="true"/>
      <lims1-id type="integer">79695024</lims1-id>
      <number-of-components type="integer">3</number-of-components>
      <ophys-experiment-id type="integer" nil="true"/>
      <path>/external/aibssan/production25/stitch5/0305071902/0305071902_2_zoom.aff</path>
      <projection-function nil="true"/>
      <resolution type="float">1.049</resolution>
      <section-number type="integer">204</section-number>
      <specimen-id type="integer" nil="true"/>
      <structure-id type="integer" nil="true"/>
      <tier-count type="integer">7</tier-count>
      <width type="integer">10209</width>
      <x type="integer">0</x>
      <y type="integer">0</y>
      <alignment2d>
        <id type="integer">171945982</id>
        <tvs>0.953253,-0.00824989,0.00824989,0.953253,-1121.92,-1197.2</tvs>
        <tsv>1.04896,0.00907819,-0.00907819,1.04896,1187.72,1245.63</tsv>
      </alignment2d>
    </section-image>
    <section-image>
      <annotated type="boolean">false</annotated>
      <axes nil="true"/>
      <bits-per-component type="integer">8</bits-per-component>
      <data-set-id type="integer">79725764</data-set-id>
      <expression type="boolean" nil="true"/>
      <expression-path>/external/mouse/prod37/0305071902/0305071902_212_expression.aff</expression-path>
      <failed type="boolean">false</failed>
      <height type="integer">7633</height>
      <id type="integer">79695026</id>
      <image-height type="integer">7633</image-height>
      <image-type>Primary</image-type>
      <image-width type="integer">10193</image-width>
      <isi-experiment-id type="integer" nil="true"/>
      <lims1-id type="integer">79695026</lims1-id>
      <number-of-components type="integer">3</number-of-components>
      <ophys-experiment-id type="integer" nil="true"/>
      <path>/external/aibssan/production25/stitch5/0305071902/0305071902_3_zoom.aff</path>
      <projection-function nil="true"/>
      <resolution type="float">1.049</resolution>
      <section-number type="integer">212</section-number>
      <specimen-id type="integer" nil="true"/>
      <structure-id type="integer" nil="true"/>
      <tier-count type="integer">7</tier-count>
      <width type="integer">10193</width>
      <x type="integer">0</x>
      <y type="integer">0</y>
      <alignment2d>
        <id type="integer">171945984</id>
        <tvs>0.953272,-0.00572909,0.00572909,0.953272,-1107.7,-1194.58</tvs>
        <tsv>1.04898,0.00630429,-0.00630429,1.04898,1169.49,1246.11</tsv>
      </alignment2d>
    </section-image>
    <section-image>
      <annotated type="boolean">false</annotated>
      <axes nil="true"/>
      <bits-per-component type="integer">8</bits-per-component>
      <data-set-id type="integer">79725764</data-set-id>
      <expression type="boolean" nil="true"/>
      <expression-path>/external/mouse/prod37/0305071902/0305071902_220_expression.aff</expression-path>
      <failed type="boolean">false</failed>
      <height type="integer">7617</height>
      <id type="integer">79695028</id>
      <image-height type="integer">7617</image-height>
      <image-type>Primary</image-type>
      <image-width type="integer">10193</image-width>
      <isi-experiment-id type="integer" nil="true"/>
      <lims1-id type="integer">79695028</lims1-id>
      <number-of-components type="integer">3</number-of-components>
      <ophys-experiment-id type="integer" nil="true"/>
      <path>/external/aibssan/production25/stitch5/0305071902/0305071902_4_zoom.aff</path>
      <projection-function nil="true"/>
      <resolution type="float">1.049</resolution>
      <section-number type="integer">220</section-number>
      <specimen-id type="integer" nil="true"/>
      <structure-id type="integer" nil="true"/>
      <tier-count type="integer">7</tier-count>
      <width type="integer">10193</width>
      <x type="integer">0</x>
      <y type="integer">0</y>
      <alignment2d>
        <id type="integer">171945986</id>
        <tvs>0.953207,0.012519,-0.012519,0.953207,-1176.68,-1044.16</tvs>
        <tsv>1.04891,-0.0137759,0.0137759,1.04891,1219.84,1111.43</tsv>
      </alignment2d>
    </section-image>
    <section-image>
      <annotated type="boolean">false</annotated>
      <axes nil="true"/>
      <bits-per-component type="integer">8</bits-per-component>
      <data-set-id type="integer">79725764</data-set-id>
      <expression type="boolean" nil="true"/>
      <expression-path>/external/mouse/prod37/0305081668/0305081668_228_expression.aff</expression-path>
      <failed type="boolean">false</failed>
      <height type="integer">7633</height>
      <id type="integer">79695032</id>
      <image-height type="integer">7633</image-height>
      <image-type>Primary</image-type>
      <image-width type="integer">10209</image-width>
      <isi-experiment-id type="integer" nil="true"/>
      <lims1-id type="integer">79695032</lims1-id>
      <number-of-components type="integer">3</number-of-components>
      <ophys-experiment-id type="integer" nil="true"/>
      <path>/external/aibssan/production25/stitch5/0305081668/0305081668_1_zoom.aff</path>
      <projection-function nil="true"/>
      <resolution type="float">1.049</resolution>
      <section-number type="integer">228</section-number>
      <specimen-id type="integer" nil="true"/>
      <structure-id type="integer" nil="true"/>
      <tier-count type="integer">7</tier-count>
      <width type="integer">10209</width>
      <x type="integer">0</x>
      <y type="integer">0</y>
      <alignment2d>
        <id type="integer">171945988</id>
        <tvs>0.953267,-0.00646537,0.00646537,0.953267,-1078.78,-1334.85</tvs>
        <tsv>1.04898,0.0071145,-0.0071145,1.04898,1141.11,1392.55</tsv>
      </alignment2d>
    </section-image>
    <section-image>
      <annotated type="boolean">false</annotated>
      <axes nil="true"/>
      <bits-per-component type="integer">8</bits-per-component>
      <data-set-id type="integer">79725764</data-set-id>
      <expression type="boolean" nil="true"/>
      <expression-path>/external/mouse/prod37/0305081668/0305081668_236_expression.aff</expression-path>
      <failed type="boolean">false</failed>
      <height type="integer">7633</height>
      <id type="integer">79695034</id>
      <image-height type="integer">7633</image-height>
      <image-type>Primary</image-type>
      <image-width type="integer">10193</image-width>
      <isi-experiment-id type="integer" nil="true"/>
      <lims1-id type="integer">79695034</lims1-id>
      <number-of-components type="integer">3</number-of-components>
      <ophys-experiment-id type="integer" nil="true"/>
      <path>/external/aibssan/production25/stitch5/0305081668/0305081668_2_zoom.aff</path>
      <projection-function nil="true"/>
      <resolution type="float">1.049</resolution>
      <section-number type="integer">236</section-number>
      <specimen-id type="integer" nil="true"/>
      <structure-id type="integer" nil="true"/>
      <tier-count type="integer">7</tier-count>
      <width type="integer">10193</width>
      <x type="integer">0</x>
      <y type="integer">0</y>
      <alignment2d>
        <id type="integer">171945990</id>
        <tvs>0.953287,-0.00162595,0.00162595,0.953287,-1084.28,-1324.27</tvs>
        <tsv>1.049,0.0017892,-0.0017892,1.049,1139.78,1387.21</tsv>
      </alignment2d>
    </section-image>
    <section-image>
      <annotated type="boolean">false</annotated>
      <axes nil="true"/>
      <bits-per-component type="integer">8</bits-per-component>
      <data-set-id type="integer">79725764</data-set-id>
      <expression type="boolean" nil="true"/>
      <expression-path>/external/mouse/prod37/0305081668/0305081668_244_expression.aff</expression-path>
      <failed type="boolean">false</failed>
      <height type="integer">7633</height>
      <id type="integer">79695036</id>
      <image-height type="integer">7633</image-height>
      <image-type>Primary</image-type>
      <image-width type="integer">10193</image-width>
      <isi-experiment-id type="integer" nil="true"/>
      <lims1-id type="integer">79695036</lims1-id>
      <number-of-components type="integer">3</number-of-components>
      <ophys-experiment-id type="integer" nil="true"/>
      <path>/external/aibssan/production25/stitch5/0305081668/0305081668_3_zoom.aff</path>
      <projection-function nil="true"/>
      <resolution type="float">1.049</resolution>
      <section-number type="integer">244</section-number>
      <specimen-id type="integer" nil="true"/>
      <structure-id type="integer" nil="true"/>
      <tier-count type="integer">7</tier-count>
      <width type="integer">10193</width>
      <x type="integer">0</x>
      <y type="integer">0</y>
      <alignment2d>
        <id type="integer">171945992</id>
        <tvs>0.953282,-0.00359953,0.00359953,0.953282,-1119.59,-1346.34</tvs>
        <tsv>1.04899,0.00396092,-0.00396092,1.04899,1179.77,1407.87</tsv>
      </alignment2d>
    </section-image>
    <section-image>
      <annotated type="boolean">false</annotated>
      <axes nil="true"/>
      <bits-per-component type="integer">8</bits-per-component>
      <data-set-id type="integer">79725764</data-set-id>
      <expression type="boolean" nil="true"/>
      <expression-path>/external/mouse/prod37/0305081668/0305081668_252_expression.aff</expression-path>
      <failed type="boolean">false</failed>
      <height type="integer">7649</height>
      <id type="integer">79695038</id>
      <image-height type="integer">7649</image-height>
      <image-type>Primary</image-type>
      <image-width type="integer">10193</image-width>
      <isi-experiment-id type="integer" nil="true"/>
      <lims1-id type="integer">79695038</lims1-id>
      <number-of-components type="integer">3</number-of-components>
      <ophys-experiment-id type="integer" nil="true"/>
      <path>/external/aibssan/production25/stitch5/0305081668/0305081668_4_zoom.aff</path>
      <projection-function nil="true"/>
      <resolution type="float">1.049</resolution>
      <section-number type="integer">252</section-number>
      <specimen-id type="integer" nil="true"/>
      <structure-id type="integer" nil="true"/>
      <tier-count type="integer">7</tier-count>
      <width type="integer">10193</width>
      <x type="integer">0</x>
      <y type="integer">0</y>
      <alignment2d>
        <id type="integer">171945994</id>
        <tvs>0.95328,0.00410304,-0.00410304,0.95328,-1165.3,-1355.11</tvs>
        <tsv>1.04899,-0.00451499,0.00451499,1.04899,1216.27,1426.76</tsv>
      </alignment2d>
    </section-image>
    <section-image>
      <annotated type="boolean">false</annotated>
      <axes nil="true"/>
      <bits-per-component type="integer">8</bits-per-component>
      <data-set-id type="integer">79725764</data-set-id>
      <expression type="boolean" nil="true"/>
      <expression-path>/external/mouse/prod37/0305092088/0305092088_260_expression.aff</expression-path>
      <failed type="boolean">false</failed>
      <height type="integer">8561</height>
      <id type="integer">79695042</id>
      <image-height type="integer">8561</image-height>
      <image-type>Primary</image-type>
      <image-width type="integer">10209</image-width>
      <isi-experiment-id type="integer" nil="true"/>
      <lims1-id type="integer">79695042</lims1-id>
      <number-of-components type="integer">3</number-of-components>
      <ophys-experiment-id type="integer" nil="true"/>
      <path>/external/aibssan/production25/stitch5/0305092088/0305092088_1_zoom.aff</path>
      <projection-function nil="true"/>
      <resolution type="float">1.049</resolution>
      <section-number type="integer">260</section-number>
      <specimen-id type="integer" nil="true"/>
      <structure-id type="integer" nil="true"/>
      <tier-count type="integer">7</tier-count>
      <width type="integer">10209</width>
      <x type="integer">0</x>
      <y type="integer">0</y>
      <alignment2d>
        <id type="integer">171945996</id>
        <tvs>0.953287,-0.00211209,0.00211209,0.953287,-1102.61,186.309</tvs>
        <tsv>1.049,0.00232414,-0.00232414,1.049,1156.2,-198.0</tsv>
      </alignment2d>
    </section-image>
    <section-image>
      <annotated type="boolean">false</annotated>
      <axes nil="true"/>
      <bits-per-component type="integer">8</bits-per-component>
      <data-set-id type="integer">79725764</data-set-id>
      <expression type="boolean" nil="true"/>
      <expression-path>/external/mouse/prod37/0305092088/0305092088_268_expression.aff</expression-path>
      <failed type="boolean">false</failed>
      <height type="integer">8577</height>
      <id type="integer">79695044</id>
      <image-height type="integer">8577</image-height>
      <image-type>Primary</image-type>
      <image-width type="integer">10193</image-width>
      <isi-experiment-id type="integer" nil="true"/>
      <lims1-id type="integer">79695044</lims1-id>
      <number-of-components type="integer">3</number-of-components>
      <ophys-experiment-id type="integer" nil="true"/>
      <path>/external/aibssan/production25/stitch5/0305092088/0305092088_2_zoom.aff</path>
      <projection-function nil="true"/>
      <resolution type="float">1.049</resolution>
      <section-number type="integer">268</section-number>
      <specimen-id type="integer" nil="true"/>
      <structure-id type="integer" nil="true"/>
      <tier-count type="integer">7</tier-count>
      <width type="integer">10193</width>
      <x type="integer">0</x>
      <y type="integer">0</y>
      <alignment2d>
        <id type="integer">171945998</id>
        <tvs>0.953282,-0.00348164,0.00348164,0.953282,-1007.88,-751.628</tvs>
        <tsv>1.04899,0.0038312,-0.0038312,1.04899,1060.14,784.591</tsv>
      </alignment2d>
    </section-image>
    <section-image>
      <annotated type="boolean">false</annotated>
      <axes nil="true"/>
      <bits-per-component type="integer">8</bits-per-component>
      <data-set-id type="integer">79725764</data-set-id>
      <expression type="boolean" nil="true"/>
      <expression-path>/external/mouse/prod37/0305092088/0305092088_276_expression.aff</expression-path>
      <failed type="boolean">false</failed>
      <height type="integer">7633</height>
      <id type="integer">79695046</id>
      <image-height type="integer">7633</image-height>
      <image-type>Primary</image-type>
      <image-width type="integer">10193</image-width>
      <isi-experiment-id type="integer" nil="true"/>
      <lims1-id type="integer">79695046</lims1-id>
      <number-of-components type="integer">3</number-of-components>
      <ophys-experiment-id type="integer" nil="true"/>
      <path>/external/aibssan/production25/stitch5/0305092088/0305092088_3_zoom.aff</path>
      <projection-function nil="true"/>
      <resolution type="float">1.049</resolution>
      <section-number type="integer">276</section-number>
      <specimen-id type="integer" nil="true"/>
      <structure-id type="integer" nil="true"/>
      <tier-count type="integer">7</tier-count>
      <width type="integer">10193</width>
      <x type="integer">0</x>
      <y type="integer">0</y>
      <alignment2d>
        <id type="integer">171946000</id>
        <tvs>0.953275,-0.00519523,0.00519523,0.953275,-1103.79,-1085.88</tvs>
        <tsv>1.04898,0.00571684,-0.00571684,1.04898,1164.07,1132.76</tsv>
      </alignment2d>
    </section-image>
    <section-image>
      <annotated type="boolean">false</annotated>
      <axes nil="true"/>
      <bits-per-component type="integer">8</bits-per-component>
      <data-set-id type="integer">79725764</data-set-id>
      <expression type="boolean" nil="true"/>
      <expression-path>/external/mouse/prod37/0305092088/0305092088_284_expression.aff</expression-path>
      <failed type="boolean">false</failed>
      <height type="integer">7617</height>
      <id type="integer">79695048</id>
      <image-height type="integer">7617</image-height>
      <image-type>Primary</image-type>
      <image-width type="integer">10193</image-width>
      <isi-experiment-id type="integer" nil="true"/>
      <lims1-id type="integer">79695048</lims1-id>
      <number-of-components type="integer">3</number-of-components>
      <ophys-experiment-id type="integer" nil="true"/>
      <path>/external/aibssan/production25/stitch5/0305092088/0305092088_4_zoom.aff</path>
      <projection-function nil="true"/>
      <resolution type="float">1.049</resolution>
      <section-number type="integer">284</section-number>
      <specimen-id type="integer" nil="true"/>
      <structure-id type="integer" nil="true"/>
      <tier-count type="integer">7</tier-count>
      <width type="integer">10193</width>
      <x type="integer">0</x>
      <y type="integer">0</y>
      <alignment2d>
        <id type="integer">171946002</id>
        <tvs>0.953288,-0.00156388,0.00156388,0.953288,-1133.44,-1347.21</tvs>
        <tsv>1.049,0.00172089,-0.00172089,1.049,1191.29,1411.27</tsv>
      </alignment2d>
    </section-image>
    <section-image>
      <annotated type="boolean">false</annotated>
      <axes nil="true"/>
      <bits-per-component type="integer">8</bits-per-component>
      <data-set-id type="integer">79725764</data-set-id>
      <expression type="boolean" nil="true"/>
      <expression-path>/external/mouse/prod37/0305102141/0305102141_292_expression.aff</expression-path>
      <failed type="boolean">false</failed>
      <height type="integer">7633</height>
      <id type="integer">79695052</id>
      <image-height type="integer">7633</image-height>
      <image-type>Primary</image-type>
      <image-width type="integer">11457</image-width>
      <isi-experiment-id type="integer" nil="true"/>
      <lims1-id type="integer">79695052</lims1-id>
      <number-of-components type="integer">3</number-of-components>
      <ophys-experiment-id type="integer" nil="true"/>
      <path>/external/aibssan/production25/stitch5/0305102141/0305102141_1_zoom.aff</path>
      <projection-function nil="true"/>
      <resolution type="float">1.049</resolution>
      <section-number type="integer">292</section-number>
      <specimen-id type="integer" nil="true"/>
      <structure-id type="integer" nil="true"/>
      <tier-count type="integer">7</tier-count>
      <width type="integer">11457</width>
      <x type="integer">0</x>
      <y type="integer">0</y>
      <alignment2d>
        <id type="integer">171946004</id>
        <tvs>0.953041,-0.0217223,0.0217223,0.953041,-890.729,-1450.17</tvs>
        <tsv>1.04873,0.0239033,-0.0239033,1.04873,968.796,1499.54</tsv>
      </alignment2d>
    </section-image>
    <section-image>
      <annotated type="boolean">false</annotated>
      <axes nil="true"/>
      <bits-per-component type="integer">8</bits-per-component>
      <data-set-id type="integer">79725764</data-set-id>
      <expression type="boolean" nil="true"/>
      <expression-path>/external/mouse/prod37/0305102141/0305102141_300_expression.aff</expression-path>
      <failed type="boolean">false</failed>
      <height type="integer">7633</height>
      <id type="integer">79695054</id>
      <image-height type="integer">7633</image-height>
      <image-type>Primary</image-type>
      <image-width type="integer">10209</image-width>
      <isi-experiment-id type="integer" nil="true"/>
      <lims1-id type="integer">79695054</lims1-id>
      <number-of-components type="integer">3</number-of-components>
      <ophys-experiment-id type="integer" nil="true"/>
      <path>/external/aibssan/production25/stitch5/0305102141/0305102141_2_zoom.aff</path>
      <projection-function nil="true"/>
      <resolution type="float">1.049</resolution>
      <section-number type="integer">300</section-number>
      <specimen-id type="integer" nil="true"/>
      <structure-id type="integer" nil="true"/>
      <tier-count type="integer">7</tier-count>
      <width type="integer">10209</width>
      <x type="integer">0</x>
      <y type="integer">0</y>
      <alignment2d>
        <id type="integer">171946006</id>
        <tvs>0.953233,-0.0103413,0.0103413,0.953233,-1061.1,-1522.25</tvs>
        <tsv>1.04894,0.0113796,-0.0113796,1.04894,1130.35,1584.67</tsv>
      </alignment2d>
    </section-image>
    <section-image>
      <annotated type="boolean">false</annotated>
      <axes nil="true"/>
      <bits-per-component type="integer">8</bits-per-component>
      <data-set-id type="integer">79725764</data-set-id>
      <expression type="boolean" nil="true"/>
      <expression-path>/external/mouse/prod37/0305102141/0305102141_308_expression.aff</expression-path>
      <failed type="boolean">false</failed>
      <height type="integer">7617</height>
      <id type="integer">79695056</id>
      <image-height type="integer">7617</image-height>
      <image-type>Primary</image-type>
      <image-width type="integer">10193</image-width>
      <isi-experiment-id type="integer" nil="true"/>
      <lims1-id type="integer">79695056</lims1-id>
      <number-of-components type="integer">3</number-of-components>
      <ophys-experiment-id type="integer" nil="true"/>
      <path>/external/aibssan/production25/stitch5/0305102141/0305102141_3_zoom.aff</path>
      <projection-function nil="true"/>
      <resolution type="float">1.049</resolution>
      <section-number type="integer">308</section-number>
      <specimen-id type="integer" nil="true"/>
      <structure-id type="integer" nil="true"/>
      <tier-count type="integer">7</tier-count>
      <width type="integer">10193</width>
      <x type="integer">0</x>
      <y type="integer">0</y>
      <alignment2d>
        <id type="integer">171946008</id>
        <tvs>0.953257,-0.00782809,0.00782809,0.953257,-1076.88,-1537.65</tvs>
        <tsv>1.04896,0.00861403,-0.00861403,1.04896,1142.86,1603.66</tsv>
      </alignment2d>
    </section-image>
    <section-image>
      <annotated type="boolean">false</annotated>
      <axes nil="true"/>
      <bits-per-component type="integer">8</bits-per-component>
      <data-set-id type="integer">79725764</data-set-id>
      <expression type="boolean" nil="true"/>
      <expression-path>/external/mouse/prod37/0305102141/0305102141_316_expression.aff</expression-path>
      <failed type="boolean">false</failed>
      <height type="integer">7617</height>
      <id type="integer">79695058</id>
      <image-height type="integer">7617</image-height>
      <image-type>Primary</image-type>
      <image-width type="integer">10193</image-width>
      <isi-experiment-id type="integer" nil="true"/>
      <lims1-id type="integer">79695058</lims1-id>
      <number-of-components type="integer">3</number-of-components>
      <ophys-experiment-id type="integer" nil="true"/>
      <path>/external/aibssan/production25/stitch5/0305102141/0305102141_4_zoom.aff</path>
      <projection-function nil="true"/>
      <resolution type="float">1.049</resolution>
      <section-number type="integer">316</section-number>
      <specimen-id type="integer" nil="true"/>
      <structure-id type="integer" nil="true"/>
      <tier-count type="integer">7</tier-count>
      <width type="integer">10193</width>
      <x type="integer">0</x>
      <y type="integer">0</y>
      <alignment2d>
        <id type="integer">171946010</id>
        <tvs>0.953251,-0.00849917,0.00849917,0.953251,-1080.77,-1601.47</tvs>
        <tsv>1.04896,0.0093525,-0.0093525,1.04896,1148.66,1669.77</tsv>
      </alignment2d>
    </section-image>
    <section-image>
      <annotated type="boolean">false</annotated>
      <axes nil="true"/>
      <bits-per-component type="integer">8</bits-per-component>
      <data-set-id type="integer">79725764</data-set-id>
      <expression type="boolean" nil="true"/>
      <expression-path>/external/mouse/prod37/0305111592/0305111592_324_expression.aff</expression-path>
      <failed type="boolean">false</failed>
      <height type="integer">8577</height>
      <id type="integer">79695062</id>
      <image-height type="integer">8577</image-height>
      <image-type>Primary</image-type>
      <image-width type="integer">15249</image-width>
      <isi-experiment-id type="integer" nil="true"/>
      <lims1-id type="integer">79695062</lims1-id>
      <number-of-components type="integer">3</number-of-components>
      <ophys-experiment-id type="integer" nil="true"/>
      <path>/external/aibssan/production25/stitch4/0305111592/0305111592_1_zoom.aff</path>
      <projection-function nil="true"/>
      <resolution type="float">1.049</resolution>
      <section-number type="integer">324</section-number>
      <specimen-id type="integer" nil="true"/>
      <structure-id type="integer" nil="true"/>
      <tier-count type="integer">7</tier-count>
      <width type="integer">15249</width>
      <x type="integer">0</x>
      <y type="integer">0</y>
      <alignment2d>
        <id type="integer">171946012</id>
        <tvs>0.953247,-0.00892999,0.00892999,0.953247,-1534.35,-1294.6</tvs>
        <tsv>1.04895,0.00982657,-0.00982657,1.04895,1622.18,1342.9</tsv>
      </alignment2d>
    </section-image>
    <section-image>
      <annotated type="boolean">false</annotated>
      <axes nil="true"/>
      <bits-per-component type="integer">8</bits-per-component>
      <data-set-id type="integer">79725764</data-set-id>
      <expression type="boolean" nil="true"/>
      <expression-path>/external/mouse/prod37/0305111592/0305111592_332_expression.aff</expression-path>
      <failed type="boolean">false</failed>
      <height type="integer">7617</height>
      <id type="integer">79695064</id>
      <image-height type="integer">7617</image-height>
      <image-type>Primary</image-type>
      <image-width type="integer">8929</image-width>
      <isi-experiment-id type="integer" nil="true"/>
      <lims1-id type="integer">79695064</lims1-id>
      <number-of-components type="integer">3</number-of-components>
      <ophys-experiment-id type="integer" nil="true"/>
      <path>/external/aibssan/production25/stitch4/0305111592/0305111592_2_zoom.aff</path>
      <projection-function nil="true"/>
      <resolution type="float">1.049</resolution>
      <section-number type="integer">332</section-number>
      <specimen-id type="integer" nil="true"/>
      <structure-id type="integer" nil="true"/>
      <tier-count type="integer">7</tier-count>
      <width type="integer">8929</width>
      <x type="integer">0</x>
      <y type="integer">0</y>
      <alignment2d>
        <id type="integer">171946014</id>
        <tvs>0.953264,-0.00688786,0.00688786,0.953264,-1685.16,-1644.8</tvs>
        <tsv>1.04897,0.00757941,-0.00757941,1.04897,1780.15,1712.58</tsv>
      </alignment2d>
    </section-image>
    <section-image>
      <annotated type="boolean">false</annotated>
      <axes nil="true"/>
      <bits-per-component type="integer">8</bits-per-component>
      <data-set-id type="integer">79725764</data-set-id>
      <expression type="boolean" nil="true"/>
      <expression-path>/external/mouse/prod37/0305111592/0305111592_340_expression.aff</expression-path>
      <failed type="boolean">false</failed>
      <height type="integer">7633</height>
      <id type="integer">79695066</id>
      <image-height type="integer">7633</image-height>
      <image-type>Primary</image-type>
      <image-width type="integer">8913</image-width>
      <isi-experiment-id type="integer" nil="true"/>
      <lims1-id type="integer">79695066</lims1-id>
      <number-of-components type="integer">3</number-of-components>
      <ophys-experiment-id type="integer" nil="true"/>
      <path>/external/aibssan/production25/stitch4/0305111592/0305111592_3_zoom.aff</path>
      <projection-function nil="true"/>
      <resolution type="float">1.049</resolution>
      <section-number type="integer">340</section-number>
      <specimen-id type="integer" nil="true"/>
      <structure-id type="integer" nil="true"/>
      <tier-count type="integer">7</tier-count>
      <width type="integer">8913</width>
      <x type="integer">0</x>
      <y type="integer">0</y>
      <alignment2d>
        <id type="integer">171946016</id>
        <tvs>0.953265,-0.0067395,0.0067395,0.953265,-1672.4,-1615.1</tvs>
        <tsv>1.04897,0.00741615,-0.00741615,1.04897,1766.28,1681.79</tsv>
      </alignment2d>
    </section-image>
    <section-image>
      <annotated type="boolean">false</annotated>
      <axes nil="true"/>
      <bits-per-component type="integer">8</bits-per-component>
      <data-set-id type="integer">79725764</data-set-id>
      <expression type="boolean" nil="true"/>
      <expression-path>/external/mouse/prod37/0305111592/0305111592_348_expression.aff</expression-path>
      <failed type="boolean">false</failed>
      <height type="integer">6673</height>
      <id type="integer">79695068</id>
      <image-height type="integer">6673</image-height>
      <image-type>Primary</image-type>
      <image-width type="integer">8929</image-width>
      <isi-experiment-id type="integer" nil="true"/>
      <lims1-id type="integer">79695068</lims1-id>
      <number-of-components type="integer">3</number-of-components>
      <ophys-experiment-id type="integer" nil="true"/>
      <path>/external/aibssan/production25/stitch4/0305111592/0305111592_4_zoom.aff</path>
      <projection-function nil="true"/>
      <resolution type="float">1.049</resolution>
      <section-number type="integer">348</section-number>
      <specimen-id type="integer" nil="true"/>
      <structure-id type="integer" nil="true"/>
      <tier-count type="integer">7</tier-count>
      <width type="integer">8929</width>
      <x type="integer">0</x>
      <y type="integer">0</y>
      <alignment2d>
        <id type="integer">171946018</id>
        <tvs>0.953288,-0.0014469,0.0014469,0.953288,-1698.72,-2023.96</tvs>
        <tsv>1.049,0.00159217,-0.00159217,1.049,1785.18,2120.43</tsv>
      </alignment2d>
    </section-image>
    <section-image>
      <annotated type="boolean">false</annotated>
      <axes nil="true"/>
      <bits-per-component type="integer">8</bits-per-component>
      <data-set-id type="integer">79725764</data-set-id>
      <expression type="boolean" nil="true"/>
      <expression-path>/external/mouse/prod37/0305122022/0305122022_356_expression.aff</expression-path>
      <failed type="boolean">false</failed>
      <height type="integer">6689</height>
      <id type="integer">79695072</id>
      <image-height type="integer">6689</image-height>
      <image-type>Primary</image-type>
      <image-width type="integer">8929</image-width>
      <isi-experiment-id type="integer" nil="true"/>
      <lims1-id type="integer">79695072</lims1-id>
      <number-of-components type="integer">3</number-of-components>
      <ophys-experiment-id type="integer" nil="true"/>
      <path>/external/aibssan/production25/stitch4/0305122022/0305122022_1_zoom.aff</path>
      <projection-function nil="true"/>
      <resolution type="float">1.049</resolution>
      <section-number type="integer">356</section-number>
      <specimen-id type="integer" nil="true"/>
      <structure-id type="integer" nil="true"/>
      <tier-count type="integer">7</tier-count>
      <width type="integer">8929</width>
      <x type="integer">0</x>
      <y type="integer">0</y>
      <alignment2d>
        <id type="integer">171946020</id>
        <tvs>0.953271,-0.00583726,0.00583726,0.953271,-1687.76,-1989.8</tvs>
        <tsv>1.04898,0.00642333,-0.00642333,1.04898,1783.21,2076.42</tsv>
      </alignment2d>
    </section-image>
    <section-image>
      <annotated type="boolean">false</annotated>
      <axes nil="true"/>
      <bits-per-component type="integer">8</bits-per-component>
      <data-set-id type="integer">79725764</data-set-id>
      <expression type="boolean" nil="true"/>
      <expression-path>/external/mouse/prod37/0305122022/0305122022_364_expression.aff</expression-path>
      <failed type="boolean">false</failed>
      <height type="integer">6673</height>
      <id type="integer">79695074</id>
      <image-height type="integer">6673</image-height>
      <image-type>Primary</image-type>
      <image-width type="integer">8929</image-width>
      <isi-experiment-id type="integer" nil="true"/>
      <lims1-id type="integer">79695074</lims1-id>
      <number-of-components type="integer">3</number-of-components>
      <ophys-experiment-id type="integer" nil="true"/>
      <path>/external/aibssan/production25/stitch4/0305122022/0305122022_2_zoom.aff</path>
      <projection-function nil="true"/>
      <resolution type="float">1.049</resolution>
      <section-number type="integer">364</section-number>
      <specimen-id type="integer" nil="true"/>
      <structure-id type="integer" nil="true"/>
      <tier-count type="integer">7</tier-count>
      <width type="integer">8929</width>
      <x type="integer">0</x>
      <y type="integer">0</y>
      <alignment2d>
        <id type="integer">171946022</id>
        <tvs>0.95327,-0.00594484,0.00594484,0.95327,-1686.22,-1946.4</tvs>
        <tsv>1.04898,0.00654171,-0.00654171,1.04898,1781.54,2030.71</tsv>
      </alignment2d>
    </section-image>
    <section-image>
      <annotated type="boolean">false</annotated>
      <axes nil="true"/>
      <bits-per-component type="integer">8</bits-per-component>
      <data-set-id type="integer">79725764</data-set-id>
      <expression type="boolean" nil="true"/>
      <expression-path>/external/mouse/prod37/0305122022/0305122022_372_expression.aff</expression-path>
      <failed type="boolean">false</failed>
      <height type="integer">6673</height>
      <id type="integer">79695076</id>
      <image-height type="integer">6673</image-height>
      <image-type>Primary</image-type>
      <image-width type="integer">7649</image-width>
      <isi-experiment-id type="integer" nil="true"/>
      <lims1-id type="integer">79695076</lims1-id>
      <number-of-components type="integer">3</number-of-components>
      <ophys-experiment-id type="integer" nil="true"/>
      <path>/external/aibssan/production25/stitch4/0305122022/0305122022_3_zoom.aff</path>
      <projection-function nil="true"/>
      <resolution type="float">1.049</resolution>
      <section-number type="integer">372</section-number>
      <specimen-id type="integer" nil="true"/>
      <structure-id type="integer" nil="true"/>
      <tier-count type="integer">6</tier-count>
      <width type="integer">7649</width>
      <x type="integer">0</x>
      <y type="integer">0</y>
      <alignment2d>
        <id type="integer">171946024</id>
        <tvs>0.95326,-0.00747267,0.00747267,0.95326,-2276.1,-1940.97</tvs>
        <tsv>1.04897,0.00822294,-0.00822294,1.04897,2403.51,2017.3</tsv>
      </alignment2d>
    </section-image>
    <section-image>
      <annotated type="boolean">false</annotated>
      <axes nil="true"/>
      <bits-per-component type="integer">8</bits-per-component>
      <data-set-id type="integer">79725764</data-set-id>
      <expression type="boolean" nil="true"/>
      <expression-path>/external/mouse/prod37/0305122022/0305122022_380_expression.aff</expression-path>
      <failed type="boolean">false</failed>
      <height type="integer">5745</height>
      <id type="integer">79695078</id>
      <image-height type="integer">5745</image-height>
      <image-type>Primary</image-type>
      <image-width type="integer">7649</image-width>
      <isi-experiment-id type="integer" nil="true"/>
      <lims1-id type="integer">79695078</lims1-id>
      <number-of-components type="integer">3</number-of-components>
      <ophys-experiment-id type="integer" nil="true"/>
      <path>/external/aibssan/production25/stitch4/0305122022/0305122022_4_zoom.aff</path>
      <projection-function nil="true"/>
      <resolution type="float">1.049</resolution>
      <section-number type="integer">380</section-number>
      <specimen-id type="integer" nil="true"/>
      <structure-id type="integer" nil="true"/>
      <tier-count type="integer">6</tier-count>
      <width type="integer">7649</width>
      <x type="integer">0</x>
      <y type="integer">0</y>
      <alignment2d>
        <id type="integer">171946026</id>
        <tvs>0.953283,-0.00336371,0.00336371,0.953283,-2302.22,-2377.97</tvs>
        <tsv>1.04899,0.00370143,-0.00370143,1.04899,2423.81,2485.95</tsv>
      </alignment2d>
    </section-image>
    <section-image>
      <annotated type="boolean">false</annotated>
      <axes nil="true"/>
      <bits-per-component type="integer">8</bits-per-component>
      <data-set-id type="integer">79725764</data-set-id>
      <expression type="boolean" nil="true"/>
      <expression-path>/external/mouse/prod37/0305132139/0305132139_388_expression.aff</expression-path>
      <failed type="boolean">false</failed>
      <height type="integer">5745</height>
      <id type="integer">79695082</id>
      <image-height type="integer">5745</image-height>
      <image-type>Primary</image-type>
      <image-width type="integer">7665</image-width>
      <isi-experiment-id type="integer" nil="true"/>
      <lims1-id type="integer">79695082</lims1-id>
      <number-of-components type="integer">3</number-of-components>
      <ophys-experiment-id type="integer" nil="true"/>
      <path>/external/aibssan/production25/stitch4/0305132139/0305132139_1_zoom.aff</path>
      <projection-function nil="true"/>
      <resolution type="float">1.049</resolution>
      <section-number type="integer">388</section-number>
      <specimen-id type="integer" nil="true"/>
      <structure-id type="integer" nil="true"/>
      <tier-count type="integer">6</tier-count>
      <width type="integer">7665</width>
      <x type="integer">0</x>
      <y type="integer">0</y>
      <alignment2d>
        <id type="integer">171946028</id>
        <tvs>0.953254,-0.00812645,0.00812645,0.953254,-2270.36,-2415.9</tvs>
        <tsv>1.04896,0.00894236,-0.00894236,1.04896,2403.12,2513.89</tsv>
      </alignment2d>
    </section-image>
    <section-image>
      <annotated type="boolean">false</annotated>
      <axes nil="true"/>
      <bits-per-component type="integer">8</bits-per-component>
      <data-set-id type="integer">79725764</data-set-id>
      <expression type="boolean" nil="true"/>
      <expression-path>/external/mouse/prod37/0305132139/0305132139_396_expression.aff</expression-path>
      <failed type="boolean">false</failed>
      <height type="integer">5713</height>
      <id type="integer">79695084</id>
      <image-height type="integer">5713</image-height>
      <image-type>Primary</image-type>
      <image-width type="integer">7633</image-width>
      <isi-experiment-id type="integer" nil="true"/>
      <lims1-id type="integer">79695084</lims1-id>
      <number-of-components type="integer">3</number-of-components>
      <ophys-experiment-id type="integer" nil="true"/>
      <path>/external/aibssan/production25/stitch4/0305132139/0305132139_2_zoom.aff</path>
      <projection-function nil="true"/>
      <resolution type="float">1.049</resolution>
      <section-number type="integer">396</section-number>
      <specimen-id type="integer" nil="true"/>
      <structure-id type="integer" nil="true"/>
      <tier-count type="integer">6</tier-count>
      <width type="integer">7633</width>
      <x type="integer">0</x>
      <y type="integer">0</y>
      <alignment2d>
        <id type="integer">171946030</id>
        <tvs>0.953277,-0.00481879,0.00481879,0.953277,-2302.27,-2414.14</tvs>
        <tsv>1.04899,0.00530261,-0.00530261,1.04899,2427.85,2520.19</tsv>
      </alignment2d>
    </section-image>
    <section-image>
      <annotated type="boolean">false</annotated>
      <axes nil="true"/>
      <bits-per-component type="integer">8</bits-per-component>
      <data-set-id type="integer">79725764</data-set-id>
      <expression type="boolean" nil="true"/>
      <expression-path>/external/mouse/prod37/0305132139/0305132139_404_expression.aff</expression-path>
      <failed type="boolean">false</failed>
      <height type="integer">5729</height>
      <id type="integer">79695086</id>
      <image-height type="integer">5729</image-height>
      <image-type>Primary</image-type>
      <image-width type="integer">6369</image-width>
      <isi-experiment-id type="integer" nil="true"/>
      <lims1-id type="integer">79695086</lims1-id>
      <number-of-components type="integer">3</number-of-components>
      <ophys-experiment-id type="integer" nil="true"/>
      <path>/external/aibssan/production25/stitch4/0305132139/0305132139_3_zoom.aff</path>
      <projection-function nil="true"/>
      <resolution type="float">1.049</resolution>
      <section-number type="integer">404</section-number>
      <specimen-id type="integer" nil="true"/>
      <structure-id type="integer" nil="true"/>
      <tier-count type="integer">6</tier-count>
      <width type="integer">6369</width>
      <x type="integer">0</x>
      <y type="integer">0</y>
      <alignment2d>
        <id type="integer">171946032</id>
        <tvs>0.953273,-0.00542522,0.00542522,0.953273,-2911.41,-2473.42</tvs>
        <tsv>1.04898,0.00596992,-0.00596992,1.04898,3068.79,2577.19</tsv>
      </alignment2d>
    </section-image>
    <section-image>
      <annotated type="boolean">false</annotated>
      <axes nil="true"/>
      <bits-per-component type="integer">8</bits-per-component>
      <data-set-id type="integer">79725764</data-set-id>
      <expression type="boolean" nil="true"/>
      <expression-path>/external/mouse/prod37/0305132139/0305132139_412_expression.aff</expression-path>
      <failed type="boolean">false</failed>
      <height type="integer">4785</height>
      <id type="integer">79695088</id>
      <image-height type="integer">4785</image-height>
      <image-type>Primary</image-type>
      <image-width type="integer">6369</image-width>
      <isi-experiment-id type="integer" nil="true"/>
      <lims1-id type="integer">79695088</lims1-id>
      <number-of-components type="integer">3</number-of-components>
      <ophys-experiment-id type="integer" nil="true"/>
      <path>/external/aibssan/production25/stitch4/0305132139/0305132139_4_zoom.aff</path>
      <projection-function nil="true"/>
      <resolution type="float">1.049</resolution>
      <section-number type="integer">412</section-number>
      <specimen-id type="integer" nil="true"/>
      <structure-id type="integer" nil="true"/>
      <tier-count type="integer">6</tier-count>
      <width type="integer">6369</width>
      <x type="integer">0</x>
      <y type="integer">0</y>
      <alignment2d>
        <id type="integer">171946034</id>
        <tvs>0.953289,0.000797088,-0.000797088,0.953289,-2897.45,-3031.27</tvs>
        <tsv>1.049,-0.000877116,0.000877116,1.049,3036.77,3182.34</tsv>
      </alignment2d>
    </section-image>
    <section-image>
      <annotated type="boolean">false</annotated>
      <axes nil="true"/>
      <bits-per-component type="integer">8</bits-per-component>
      <data-set-id type="integer">79725764</data-set-id>
      <expression type="boolean" nil="true"/>
      <expression-path>/external/mouse/prod37/0304141710/0304141710_420_expression.aff</expression-path>
      <failed type="boolean">false</failed>
      <height type="integer">4785</height>
      <id type="integer">79695092</id>
      <image-height type="integer">4785</image-height>
      <image-type>Primary</image-type>
      <image-width type="integer">17841</image-width>
      <isi-experiment-id type="integer" nil="true"/>
      <lims1-id type="integer">79695092</lims1-id>
      <number-of-components type="integer">3</number-of-components>
      <ophys-experiment-id type="integer" nil="true"/>
      <path>/external/aibssan/production25/stitch4/0304141710/0304141710_1_zoom.aff</path>
      <projection-function nil="true"/>
      <resolution type="float">1.049</resolution>
      <section-number type="integer">420</section-number>
      <specimen-id type="integer" nil="true"/>
      <structure-id type="integer" nil="true"/>
      <tier-count type="integer">8</tier-count>
      <width type="integer">17841</width>
      <x type="integer">0</x>
      <y type="integer">0</y>
      <alignment2d>
        <id type="integer">171946036</id>
        <tvs>0.953147,-0.0164611,0.0164611,0.953147,1474.07,-2997.98</tvs>
        <tsv>1.04884,0.0181138,-0.0181138,1.04884,-1491.76,3171.11</tsv>
      </alignment2d>
    </section-image>
    <section-image>
      <annotated type="boolean">false</annotated>
      <axes nil="true"/>
      <bits-per-component type="integer">8</bits-per-component>
      <data-set-id type="integer">79725764</data-set-id>
      <expression type="boolean" nil="true"/>
      <expression-path>/external/mouse/prod37/0304141710/0304141710_428_expression.aff</expression-path>
      <failed type="boolean">false</failed>
      <height type="integer">4769</height>
      <id type="integer">79695094</id>
      <image-height type="integer">4769</image-height>
      <image-type>Primary</image-type>
      <image-width type="integer">5089</image-width>
      <isi-experiment-id type="integer" nil="true"/>
      <lims1-id type="integer">79695094</lims1-id>
      <number-of-components type="integer">3</number-of-components>
      <ophys-experiment-id type="integer" nil="true"/>
      <path>/external/aibssan/production25/stitch4/0304141710/0304141710_2_zoom.aff</path>
      <projection-function nil="true"/>
      <resolution type="float">1.049</resolution>
      <section-number type="integer">428</section-number>
      <specimen-id type="integer" nil="true"/>
      <structure-id type="integer" nil="true"/>
      <tier-count type="integer">6</tier-count>
      <width type="integer">5089</width>
      <x type="integer">0</x>
      <y type="integer">0</y>
      <alignment2d>
        <id type="integer">171946038</id>
        <tvs>0.953215,-0.0118643,0.0118643,0.953215,-3499.83,-3133.85</tvs>
        <tsv>1.04892,0.0130555,-0.0130555,1.04892,3711.95,3241.46</tsv>
      </alignment2d>
    </section-image>
    <section-image>
      <annotated type="boolean">false</annotated>
      <axes nil="true"/>
      <bits-per-component type="integer">8</bits-per-component>
      <data-set-id type="integer">79725764</data-set-id>
      <expression type="boolean" nil="true"/>
      <expression-path>/external/mouse/prod37/0304141710/0304141710_436_expression.aff</expression-path>
      <failed type="boolean">false</failed>
      <height type="integer">4785</height>
      <id type="integer">79695096</id>
      <image-height type="integer">4785</image-height>
      <image-type>Primary</image-type>
      <image-width type="integer">5105</image-width>
      <isi-experiment-id type="integer" nil="true"/>
      <lims1-id type="integer">79695096</lims1-id>
      <number-of-components type="integer">3</number-of-components>
      <ophys-experiment-id type="integer" nil="true"/>
      <path>/external/aibssan/production25/stitch4/0304141710/0304141710_3_zoom.aff</path>
      <projection-function nil="true"/>
      <resolution type="float">1.049</resolution>
      <section-number type="integer">436</section-number>
      <specimen-id type="integer" nil="true"/>
      <structure-id type="integer" nil="true"/>
      <tier-count type="integer">6</tier-count>
      <width type="integer">5105</width>
      <x type="integer">0</x>
      <y type="integer">0</y>
      <alignment2d>
        <id type="integer">171946040</id>
        <tvs>0.953263,-0.00707887,0.00707887,0.953263,-3462.82,-3220.28</tvs>
        <tsv>1.04897,0.00778959,-0.00778959,1.04897,3657.49,3351.01</tsv>
      </alignment2d>
    </section-image>
    <section-image>
      <annotated type="boolean">false</annotated>
      <axes nil="true"/>
      <bits-per-component type="integer">8</bits-per-component>
      <data-set-id type="integer">79725764</data-set-id>
      <expression type="boolean" nil="true"/>
      <expression-path>/external/mouse/prod37/0304141710/0304141710_444_expression.aff</expression-path>
      <failed type="boolean">false</failed>
      <height type="integer">4801</height>
      <id type="integer">79695098</id>
      <image-height type="integer">4801</image-height>
      <image-type>Primary</image-type>
      <image-width type="integer">5105</image-width>
      <isi-experiment-id type="integer" nil="true"/>
      <lims1-id type="integer">79695098</lims1-id>
      <number-of-components type="integer">3</number-of-components>
      <ophys-experiment-id type="integer" nil="true"/>
      <path>/external/aibssan/production25/stitch4/0304141710/0304141710_4_zoom.aff</path>
      <projection-function nil="true"/>
      <resolution type="float">1.049</resolution>
      <section-number type="integer">444</section-number>
      <specimen-id type="integer" nil="true"/>
      <structure-id type="integer" nil="true"/>
      <tier-count type="integer">6</tier-count>
      <width type="integer">5105</width>
      <x type="integer">0</x>
      <y type="integer">0</y>
      <alignment2d>
        <id type="integer">171946042</id>
        <tvs>0.953268,-0.00623632,0.00623632,0.953268,-3543.43,-2829.18</tvs>
        <tsv>1.04898,0.00686245,-0.00686245,1.04898,3736.39,2943.43</tsv>
      </alignment2d>
    </section-image>
  </section-images>
  <plane_of_section/>
  <age>P56</age>
</section-data-set>
