<?xml version="1.0" encoding="UTF-8"?>
<section-data-set>
  <blue-channel nil="true"/>
  <delegate>false</delegate>
  <expression>true</expression>
  <failed>false</failed>
  <failed-facet>734881840</failed-facet>
  <green-channel nil="true"/>
  <id>78633144</id>
  <name nil="true"/>
  <qc-date>2007-08-08T10:48:54Z</qc-date>
  <red-channel nil="true"/>
  <reference-space-id>9</reference-space-id>
  <rnaseq-design-id nil="true"/>
  <section-thickness>25.0</section-thickness>
  <specimen-id>78084750</specimen-id>
  <sphinx-id>143061</sphinx-id>
  <storage-directory>/external/mouse/prod41/image_series_78633144/</storage-directory>
  <weight>5030</weight>
  <products>
    <product>
      <abbreviation>MouseDiv</abbreviation>
      <description>High-resolution ISH data detailing the expression of approximately 50 well-known drug target genes and 12 additional genes throughout the adult male mouse brain in seven different mouse strains and in adult female C57BL/6J mice.</description>
      <id type="integer">16</id>
      <name>Mouse Strains</name>
      <product-name-facet type="integer">635972493</product-name-facet>
      <resource>Mouse Strains Study</resource>
      <species>Mouse</species>
      <species-name-facet type="integer">1861523945</species-name-facet>
      <tags>Diversity</tags>
    </product>
  </products>
  <specimen>
    <cell-prep-sample-id type="integer" nil="true"/>
    <cell-reporter-id type="integer" nil="true"/>
    <cortex-layer-id type="integer" nil="true"/>
    <data nil="true"/>
    <donor-id type="integer">13796</donor-id>
    <ephys-result-id type="integer" nil="true"/>
    <external-specimen-name nil="true"/>
    <failed-facet type="integer">734881840</failed-facet>
    <hemisphere>(none)</hemisphere>
    <id type="integer">78084750</id>
    <is-cell-specimen type="boolean">false</is-cell-specimen>
    <is-ish type="boolean">false</is-ish>
    <name>321-0726</name>
    <parent-id type="integer" nil="true"/>
    <parent-x-coord type="integer" nil="true"/>
    <parent-y-coord type="integer" nil="true"/>
    <parent-z-coord type="integer" nil="true"/>
    <pinned-radius type="float" nil="true"/>
    <rna-integrity-number type="float" nil="true"/>
    <specimen-id-path>/78084750/</specimen-id-path>
    <sphinx-id type="integer">26616</sphinx-id>
    <structure-id type="integer" nil="true"/>
    <tissue-ph type="float" nil="true"/>
    <treatment-id type="integer" nil="true"/>
    <weight type="integer">9000</weight>
    <donor>
      <age-id type="integer">15</age-id>
      <chemotherapy nil="true"/>
      <condition-description nil="true"/>
      <data nil="true"/>
      <date-of-birth type="datetime" nil="true"/>
      <donor-condition-description-facet type="integer" nil="true"/>
      <donor-race-only-facet type="integer" nil="true"/>
      <donor-sex-facet type="integer">4122955671</donor-sex-facet>
      <donor-strain-facet type="integer">1921652914</donor-strain-facet>
      <donor-strain-only-facet type="integer">1921652914</donor-strain-only-facet>
      <egfr-amplification nil="true"/>
      <extent-of-resection nil="true"/>
      <external-donor-name nil="true"/>
      <full-genotype nil="true"/>
      <handedness>unknown</handedness>
      <id type="integer">13796</id>
      <initial-kps nil="true"/>
      <mgmt-ihc type="integer" nil="true"/>
      <mgmt-methylation nil="true"/>
      <molecular-subtype nil="true"/>
      <multifocal nil="true"/>
      <name>321-0726</name>
      <organism-id type="integer">2</organism-id>
      <pmi type="float">0.0</pmi>
      <primary-tissue-source>AIBS</primary-tissue-source>
      <pten-deletion nil="true"/>
      <race-only nil="true"/>
      <radiation-therapy nil="true"/>
      <recurrence-by-six-months nil="true"/>
      <sex>M</sex>
      <sex-full-name>Male</sex-full-name>
      <sleep-state nil="true"/>
      <smoker nil="true"/>
      <strain>SPRET/EiJ</strain>
      <strain-only>SPRET/EiJ</strain-only>
      <survival-days type="integer" nil="true"/>
      <tags>321-0726 unknown</tags>
      <theiler-stage nil="true"/>
      <time-to-progression-or-recurrence nil="true"/>
      <transgenic-mouse-id type="integer" nil="true"/>
      <tumor-status nil="true"/>
      <weight-grams type="float">12.4</weight-grams>
    </donor>
  </specimen>
  <alignment3d>
    <id type="integer">171941662</id>
    <trv>-3.7653e-16,-0.00457205,0.847857,-0.00423933,0.996283,0.00537243,-0.847859,-0.00498146,-2.68624e-05,1460.18,1218.98,12040.7</trv>
    <tvr>-4.43977e-16,-0.00589711,-1.17941,-0.00635994,1.00368,-0.00501843,1.17941,0.0054123,-2.70617e-05,14208.2,-1153.75,-1728.42</tvr>
  </alignment3d>
  <section-images>
    <section-image>
      <annotated type="boolean">false</annotated>
      <axes nil="true"/>
      <bits-per-component type="integer">8</bits-per-component>
      <data-set-id type="integer">78633144</data-set-id>
      <expression type="boolean" nil="true"/>
      <expression-path>/external/mouse/prod37/0305011809/0305011809_4_expression.aff</expression-path>
      <failed type="boolean">false</failed>
      <height type="integer">4737</height>
      <id type="integer">78597061</id>
      <image-height type="integer">4737</image-height>
      <image-type>Primary</image-type>
      <image-width type="integer">4417</image-width>
      <isi-experiment-id type="integer" nil="true"/>
      <lims1-id type="integer">78597061</lims1-id>
      <number-of-components type="integer">3</number-of-components>
      <ophys-experiment-id type="integer" nil="true"/>
      <path>/external/aibssan/production21/stitch11/0305011809/0305011809_1_zoom.aff</path>
      <projection-function nil="true"/>
      <resolution type="float">1.049</resolution>
      <section-number type="integer">4</section-number>
      <specimen-id type="integer" nil="true"/>
      <structure-id type="integer" nil="true"/>
      <tier-count type="integer">6</tier-count>
      <width type="integer">4417</width>
      <x type="integer">0</x>
      <y type="integer">0</y>
      <alignment2d>
        <id type="integer">171942037</id>
        <tvs>0.953289,0.0,0.0,0.953289,-3795.92,-2510.96</tvs>
        <tsv>1.049,0.0,0.0,1.049,3981.92,2634.0</tsv>
      </alignment2d>
    </section-image>
    <section-image>
      <annotated type="boolean">false</annotated>
      <axes nil="true"/>
      <bits-per-component type="integer">8</bits-per-component>
      <data-set-id type="integer">78633144</data-set-id>
      <expression type="boolean" nil="true"/>
      <expression-path>/external/mouse/prod37/0305011809/0305011809_12_expression.aff</expression-path>
      <failed type="boolean">false</failed>
      <height type="integer">4849</height>
      <id type="integer">78597063</id>
      <image-height type="integer">4849</image-height>
      <image-type>Primary</image-type>
      <image-width type="integer">4753</image-width>
      <isi-experiment-id type="integer" nil="true"/>
      <lims1-id type="integer">78597063</lims1-id>
      <number-of-components type="integer">3</number-of-components>
      <ophys-experiment-id type="integer" nil="true"/>
      <path>/external/aibssan/production21/stitch11/0305011809/0305011809_2_zoom.aff</path>
      <projection-function nil="true"/>
      <resolution type="float">1.049</resolution>
      <section-number type="integer">12</section-number>
      <specimen-id type="integer" nil="true"/>
      <structure-id type="integer" nil="true"/>
      <tier-count type="integer">6</tier-count>
      <width type="integer">4753</width>
      <x type="integer">0</x>
      <y type="integer">0</y>
      <alignment2d>
        <id type="integer">171942039</id>
        <tvs>0.953289,0.0,0.0,0.953289,-3637.3,-2474.67</tvs>
        <tsv>1.049,0.0,0.0,1.049,3815.53,2595.93</tsv>
      </alignment2d>
    </section-image>
    <section-image>
      <annotated type="boolean">false</annotated>
      <axes nil="true"/>
      <bits-per-component type="integer">8</bits-per-component>
      <data-set-id type="integer">78633144</data-set-id>
      <expression type="boolean" nil="true"/>
      <expression-path>/external/mouse/prod37/0305011809/0305011809_20_expression.aff</expression-path>
      <failed type="boolean">false</failed>
      <height type="integer">5921</height>
      <id type="integer">78597065</id>
      <image-height type="integer">5921</image-height>
      <image-type>Primary</image-type>
      <image-width type="integer">5393</image-width>
      <isi-experiment-id type="integer" nil="true"/>
      <lims1-id type="integer">78597065</lims1-id>
      <number-of-components type="integer">3</number-of-components>
      <ophys-experiment-id type="integer" nil="true"/>
      <path>/external/aibssan/production21/stitch11/0305011809/0305011809_3_zoom.aff</path>
      <projection-function nil="true"/>
      <resolution type="float">1.049</resolution>
      <section-number type="integer">20</section-number>
      <specimen-id type="integer" nil="true"/>
      <structure-id type="integer" nil="true"/>
      <tier-count type="integer">6</tier-count>
      <width type="integer">5393</width>
      <x type="integer">0</x>
      <y type="integer">0</y>
      <alignment2d>
        <id type="integer">171942041</id>
        <tvs>0.953289,0.0,0.0,0.953289,-3275.73,-2194.89</tvs>
        <tsv>1.049,0.0,0.0,1.049,3436.24,2302.44</tsv>
      </alignment2d>
    </section-image>
    <section-image>
      <annotated type="boolean">false</annotated>
      <axes nil="true"/>
      <bits-per-component type="integer">8</bits-per-component>
      <data-set-id type="integer">78633144</data-set-id>
      <expression type="boolean" nil="true"/>
      <expression-path>/external/mouse/prod37/0305011809/0305011809_28_expression.aff</expression-path>
      <failed type="boolean">false</failed>
      <height type="integer">5937</height>
      <id type="integer">78597067</id>
      <image-height type="integer">5937</image-height>
      <image-type>Primary</image-type>
      <image-width type="integer">5937</image-width>
      <isi-experiment-id type="integer" nil="true"/>
      <lims1-id type="integer">78597067</lims1-id>
      <number-of-components type="integer">3</number-of-components>
      <ophys-experiment-id type="integer" nil="true"/>
      <path>/external/aibssan/production21/stitch11/0305011809/0305011809_4_zoom.aff</path>
      <projection-function nil="true"/>
      <resolution type="float">1.049</resolution>
      <section-number type="integer">28</section-number>
      <specimen-id type="integer" nil="true"/>
      <structure-id type="integer" nil="true"/>
      <tier-count type="integer">6</tier-count>
      <width type="integer">5937</width>
      <x type="integer">0</x>
      <y type="integer">0</y>
      <alignment2d>
        <id type="integer">171942043</id>
        <tvs>0.953289,0.0,0.0,0.953289,-2948.82,-2021.49</tvs>
        <tsv>1.049,0.0,0.0,1.049,3093.31,2120.54</tsv>
      </alignment2d>
    </section-image>
    <section-image>
      <annotated type="boolean">false</annotated>
      <axes nil="true"/>
      <bits-per-component type="integer">8</bits-per-component>
      <data-set-id type="integer">78633144</data-set-id>
      <expression type="boolean" nil="true"/>
      <expression-path>/external/mouse/prod37/0305022112/0305022112_36_expression.aff</expression-path>
      <failed type="boolean">false</failed>
      <height type="integer">6017</height>
      <id type="integer">78597071</id>
      <image-height type="integer">6017</image-height>
      <image-type>Primary</image-type>
      <image-width type="integer">6321</image-width>
      <isi-experiment-id type="integer" nil="true"/>
      <lims1-id type="integer">78597071</lims1-id>
      <number-of-components type="integer">3</number-of-components>
      <ophys-experiment-id type="integer" nil="true"/>
      <path>/external/aibssan/production21/stitch11/0305022112/0305022112_1_zoom.aff</path>
      <projection-function nil="true"/>
      <resolution type="float">1.049</resolution>
      <section-number type="integer">36</section-number>
      <specimen-id type="integer" nil="true"/>
      <structure-id type="integer" nil="true"/>
      <tier-count type="integer">6</tier-count>
      <width type="integer">6321</width>
      <x type="integer">0</x>
      <y type="integer">0</y>
      <alignment2d>
        <id type="integer">171942045</id>
        <tvs>0.953224,0.0111504,-0.0111504,0.953224,-2743.01,-2326.41</tvs>
        <tsv>1.04893,-0.0122699,0.0122699,1.04893,2848.68,2473.9</tsv>
      </alignment2d>
    </section-image>
    <section-image>
      <annotated type="boolean">false</annotated>
      <axes nil="true"/>
      <bits-per-component type="integer">8</bits-per-component>
      <data-set-id type="integer">78633144</data-set-id>
      <expression type="boolean" nil="true"/>
      <expression-path>/external/mouse/prod37/0305022112/0305022112_44_expression.aff</expression-path>
      <failed type="boolean">false</failed>
      <height type="integer">5697</height>
      <id type="integer">78597073</id>
      <image-height type="integer">5697</image-height>
      <image-type>Primary</image-type>
      <image-width type="integer">6609</image-width>
      <isi-experiment-id type="integer" nil="true"/>
      <lims1-id type="integer">78597073</lims1-id>
      <number-of-components type="integer">3</number-of-components>
      <ophys-experiment-id type="integer" nil="true"/>
      <path>/external/aibssan/production21/stitch11/0305022112/0305022112_2_zoom.aff</path>
      <projection-function nil="true"/>
      <resolution type="float">1.049</resolution>
      <section-number type="integer">44</section-number>
      <specimen-id type="integer" nil="true"/>
      <structure-id type="integer" nil="true"/>
      <tier-count type="integer">6</tier-count>
      <width type="integer">6609</width>
      <x type="integer">0</x>
      <y type="integer">0</y>
      <alignment2d>
        <id type="integer">171942047</id>
        <tvs>0.953289,0.000692035,-0.000692035,0.953289,-2567.29,-2324.0</tvs>
        <tsv>1.049,-0.000761516,0.000761516,1.049,2691.32,2439.83</tsv>
      </alignment2d>
    </section-image>
    <section-image>
      <annotated type="boolean">false</annotated>
      <axes nil="true"/>
      <bits-per-component type="integer">8</bits-per-component>
      <data-set-id type="integer">78633144</data-set-id>
      <expression type="boolean" nil="true"/>
      <expression-path>/external/mouse/prod37/0305022112/0305022112_52_expression.aff</expression-path>
      <failed type="boolean">false</failed>
      <height type="integer">6065</height>
      <id type="integer">78597075</id>
      <image-height type="integer">6065</image-height>
      <image-type>Primary</image-type>
      <image-width type="integer">7729</image-width>
      <isi-experiment-id type="integer" nil="true"/>
      <lims1-id type="integer">78597075</lims1-id>
      <number-of-components type="integer">3</number-of-components>
      <ophys-experiment-id type="integer" nil="true"/>
      <path>/external/aibssan/production21/stitch11/0305022112/0305022112_3_zoom.aff</path>
      <projection-function nil="true"/>
      <resolution type="float">1.049</resolution>
      <section-number type="integer">52</section-number>
      <specimen-id type="integer" nil="true"/>
      <structure-id type="integer" nil="true"/>
      <tier-count type="integer">6</tier-count>
      <width type="integer">7729</width>
      <x type="integer">0</x>
      <y type="integer">0</y>
      <alignment2d>
        <id type="integer">171942049</id>
        <tvs>0.953282,0.00358913,-0.00358913,0.953282,-2129.6,-2040.35</tvs>
        <tsv>1.04899,-0.00394948,0.00394948,1.04899,2225.87,2148.72</tsv>
      </alignment2d>
    </section-image>
    <section-image>
      <annotated type="boolean">false</annotated>
      <axes nil="true"/>
      <bits-per-component type="integer">8</bits-per-component>
      <data-set-id type="integer">78633144</data-set-id>
      <expression type="boolean" nil="true"/>
      <expression-path>/external/mouse/prod37/0305022112/0305022112_60_expression.aff</expression-path>
      <failed type="boolean">false</failed>
      <height type="integer">9569</height>
      <id type="integer">78597077</id>
      <image-height type="integer">9569</image-height>
      <image-type>Primary</image-type>
      <image-width type="integer">13873</image-width>
      <isi-experiment-id type="integer" nil="true"/>
      <lims1-id type="integer">78597077</lims1-id>
      <number-of-components type="integer">3</number-of-components>
      <ophys-experiment-id type="integer" nil="true"/>
      <path>/external/aibssan/production21/stitch11/0305022112/0305022112_4_zoom.aff</path>
      <projection-function nil="true"/>
      <resolution type="float">1.049</resolution>
      <section-number type="integer">60</section-number>
      <specimen-id type="integer" nil="true"/>
      <structure-id type="integer" nil="true"/>
      <tier-count type="integer">7</tier-count>
      <width type="integer">13873</width>
      <x type="integer">0</x>
      <y type="integer">0</y>
      <alignment2d>
        <id type="integer">171942051</id>
        <tvs>0.953274,0.00535183,-0.00535183,0.953274,3893.1,682.93</tvs>
        <tsv>1.04898,-0.00588916,0.00588916,1.04898,-4079.78,-739.31</tsv>
      </alignment2d>
    </section-image>
    <section-image>
      <annotated type="boolean">false</annotated>
      <axes nil="true"/>
      <bits-per-component type="integer">8</bits-per-component>
      <data-set-id type="integer">78633144</data-set-id>
      <expression type="boolean" nil="true"/>
      <expression-path>/external/mouse/prod37/0305031978/0305031978_68_expression.aff</expression-path>
      <failed type="boolean">false</failed>
      <height type="integer">6705</height>
      <id type="integer">78597081</id>
      <image-height type="integer">6705</image-height>
      <image-type>Primary</image-type>
      <image-width type="integer">8113</image-width>
      <isi-experiment-id type="integer" nil="true"/>
      <lims1-id type="integer">78597081</lims1-id>
      <number-of-components type="integer">3</number-of-components>
      <ophys-experiment-id type="integer" nil="true"/>
      <path>/external/aibssan/production21/stitch11/0305031978/0305031978_1_zoom.aff</path>
      <projection-function nil="true"/>
      <resolution type="float">1.049</resolution>
      <section-number type="integer">68</section-number>
      <specimen-id type="integer" nil="true"/>
      <structure-id type="integer" nil="true"/>
      <tier-count type="integer">6</tier-count>
      <width type="integer">8113</width>
      <x type="integer">0</x>
      <y type="integer">0</y>
      <alignment2d>
        <id type="integer">171942053</id>
        <tvs>0.953231,0.0104657,-0.0104657,0.953231,-1992.0,-1611.41</tvs>
        <tsv>1.04894,-0.0115165,0.0115165,1.04894,2070.93,1713.21</tsv>
      </alignment2d>
    </section-image>
    <section-image>
      <annotated type="boolean">false</annotated>
      <axes nil="true"/>
      <bits-per-component type="integer">8</bits-per-component>
      <data-set-id type="integer">78633144</data-set-id>
      <expression type="boolean" nil="true"/>
      <expression-path>/external/mouse/prod37/0305031978/0305031978_76_expression.aff</expression-path>
      <failed type="boolean">false</failed>
      <height type="integer">6657</height>
      <id type="integer">78597083</id>
      <image-height type="integer">6657</image-height>
      <image-type>Primary</image-type>
      <image-width type="integer">8289</image-width>
      <isi-experiment-id type="integer" nil="true"/>
      <lims1-id type="integer">78597083</lims1-id>
      <number-of-components type="integer">3</number-of-components>
      <ophys-experiment-id type="integer" nil="true"/>
      <path>/external/aibssan/production21/stitch11/0305031978/0305031978_2_zoom.aff</path>
      <projection-function nil="true"/>
      <resolution type="float">1.049</resolution>
      <section-number type="integer">76</section-number>
      <specimen-id type="integer" nil="true"/>
      <structure-id type="integer" nil="true"/>
      <tier-count type="integer">7</tier-count>
      <width type="integer">8289</width>
      <x type="integer">0</x>
      <y type="integer">0</y>
      <alignment2d>
        <id type="integer">171942055</id>
        <tvs>0.953286,0.00244096,-0.00244096,0.953286,-1902.84,-1673.77</tvs>
        <tsv>1.049,-0.00268603,0.00268603,1.049,1991.57,1760.89</tsv>
      </alignment2d>
    </section-image>
    <section-image>
      <annotated type="boolean">false</annotated>
      <axes nil="true"/>
      <bits-per-component type="integer">8</bits-per-component>
      <data-set-id type="integer">78633144</data-set-id>
      <expression type="boolean" nil="true"/>
      <expression-path>/external/mouse/prod37/0305031978/0305031978_84_expression.aff</expression-path>
      <failed type="boolean">false</failed>
      <height type="integer">6737</height>
      <id type="integer">78597085</id>
      <image-height type="integer">6737</image-height>
      <image-type>Primary</image-type>
      <image-width type="integer">8513</image-width>
      <isi-experiment-id type="integer" nil="true"/>
      <lims1-id type="integer">78597085</lims1-id>
      <number-of-components type="integer">3</number-of-components>
      <ophys-experiment-id type="integer" nil="true"/>
      <path>/external/aibssan/production21/stitch11/0305031978/0305031978_3_zoom.aff</path>
      <projection-function nil="true"/>
      <resolution type="float">1.049</resolution>
      <section-number type="integer">84</section-number>
      <specimen-id type="integer" nil="true"/>
      <structure-id type="integer" nil="true"/>
      <tier-count type="integer">7</tier-count>
      <width type="integer">8513</width>
      <x type="integer">0</x>
      <y type="integer">0</y>
      <alignment2d>
        <id type="integer">171942057</id>
        <tvs>0.953288,0.000924169,-0.000924169,0.953288,-1740.09,-1663.6</tvs>
        <tsv>1.049,-0.00101696,0.00101696,1.049,1823.66,1746.88</tsv>
      </alignment2d>
    </section-image>
    <section-image>
      <annotated type="boolean">false</annotated>
      <axes nil="true"/>
      <bits-per-component type="integer">8</bits-per-component>
      <data-set-id type="integer">78633144</data-set-id>
      <expression type="boolean" nil="true"/>
      <expression-path>/external/mouse/prod37/0305031978/0305031978_92_expression.aff</expression-path>
      <failed type="boolean">false</failed>
      <height type="integer">6897</height>
      <id type="integer">78597087</id>
      <image-height type="integer">6897</image-height>
      <image-type>Primary</image-type>
      <image-width type="integer">8529</image-width>
      <isi-experiment-id type="integer" nil="true"/>
      <lims1-id type="integer">78597087</lims1-id>
      <number-of-components type="integer">3</number-of-components>
      <ophys-experiment-id type="integer" nil="true"/>
      <path>/external/aibssan/production21/stitch11/0305031978/0305031978_4_zoom.aff</path>
      <projection-function nil="true"/>
      <resolution type="float">1.049</resolution>
      <section-number type="integer">92</section-number>
      <specimen-id type="integer" nil="true"/>
      <structure-id type="integer" nil="true"/>
      <tier-count type="integer">7</tier-count>
      <width type="integer">8529</width>
      <x type="integer">0</x>
      <y type="integer">0</y>
      <alignment2d>
        <id type="integer">171942059</id>
        <tvs>0.953276,-0.00498584,0.00498584,0.953276,-1714.22,-1710.24</tvs>
        <tsv>1.04899,0.00548642,-0.00548642,1.04899,1807.57,1784.61</tsv>
      </alignment2d>
    </section-image>
    <section-image>
      <annotated type="boolean">false</annotated>
      <axes nil="true"/>
      <bits-per-component type="integer">8</bits-per-component>
      <data-set-id type="integer">78633144</data-set-id>
      <expression type="boolean" nil="true"/>
      <expression-path>/external/mouse/prod37/0305041840/0305041840_100_expression.aff</expression-path>
      <failed type="boolean">false</failed>
      <height type="integer">6977</height>
      <id type="integer">78597091</id>
      <image-height type="integer">6977</image-height>
      <image-type>Primary</image-type>
      <image-width type="integer">8449</image-width>
      <isi-experiment-id type="integer" nil="true"/>
      <lims1-id type="integer">78597091</lims1-id>
      <number-of-components type="integer">3</number-of-components>
      <ophys-experiment-id type="integer" nil="true"/>
      <path>/external/aibssan/production21/stitch11/0305041840/0305041840_1_zoom.aff</path>
      <projection-function nil="true"/>
      <resolution type="float">1.049</resolution>
      <section-number type="integer">100</section-number>
      <specimen-id type="integer" nil="true"/>
      <structure-id type="integer" nil="true"/>
      <tier-count type="integer">7</tier-count>
      <width type="integer">8449</width>
      <x type="integer">0</x>
      <y type="integer">0</y>
      <alignment2d>
        <id type="integer">171942061</id>
        <tvs>0.953243,-0.0093464,0.0093464,0.953243,-1740.49,-1758.08</tvs>
        <tsv>1.04895,0.0102848,-0.0102848,1.04895,1843.77,1826.24</tsv>
      </alignment2d>
    </section-image>
    <section-image>
      <annotated type="boolean">false</annotated>
      <axes nil="true"/>
      <bits-per-component type="integer">8</bits-per-component>
      <data-set-id type="integer">78633144</data-set-id>
      <expression type="boolean" nil="true"/>
      <expression-path>/external/mouse/prod37/0305041840/0305041840_108_expression.aff</expression-path>
      <failed type="boolean">false</failed>
      <height type="integer">6737</height>
      <id type="integer">78597093</id>
      <image-height type="integer">6737</image-height>
      <image-type>Primary</image-type>
      <image-width type="integer">7889</image-width>
      <isi-experiment-id type="integer" nil="true"/>
      <lims1-id type="integer">78597093</lims1-id>
      <number-of-components type="integer">3</number-of-components>
      <ophys-experiment-id type="integer" nil="true"/>
      <path>/external/aibssan/production21/stitch11/0305041840/0305041840_2_zoom.aff</path>
      <projection-function nil="true"/>
      <resolution type="float">1.049</resolution>
      <section-number type="integer">108</section-number>
      <specimen-id type="integer" nil="true"/>
      <structure-id type="integer" nil="true"/>
      <tier-count type="integer">6</tier-count>
      <width type="integer">7889</width>
      <x type="integer">0</x>
      <y type="integer">0</y>
      <alignment2d>
        <id type="integer">171942063</id>
        <tvs>0.953203,-0.0128138,0.0128138,0.953203,-1806.76,-1957.04</tvs>
        <tsv>1.04891,0.0141003,-0.0141003,1.04891,1922.71,2027.28</tsv>
      </alignment2d>
    </section-image>
    <section-image>
      <annotated type="boolean">false</annotated>
      <axes nil="true"/>
      <bits-per-component type="integer">8</bits-per-component>
      <data-set-id type="integer">78633144</data-set-id>
      <expression type="boolean" nil="true"/>
      <expression-path>/external/mouse/prod37/0305041840/0305041840_116_expression.aff</expression-path>
      <failed type="boolean">false</failed>
      <height type="integer">6273</height>
      <id type="integer">78597095</id>
      <image-height type="integer">6273</image-height>
      <image-type>Primary</image-type>
      <image-width type="integer">7217</image-width>
      <isi-experiment-id type="integer" nil="true"/>
      <lims1-id type="integer">78597095</lims1-id>
      <number-of-components type="integer">3</number-of-components>
      <ophys-experiment-id type="integer" nil="true"/>
      <path>/external/aibssan/production21/stitch11/0305041840/0305041840_3_zoom.aff</path>
      <projection-function nil="true"/>
      <resolution type="float">1.049</resolution>
      <section-number type="integer">116</section-number>
      <specimen-id type="integer" nil="true"/>
      <structure-id type="integer" nil="true"/>
      <tier-count type="integer">6</tier-count>
      <width type="integer">7217</width>
      <x type="integer">0</x>
      <y type="integer">0</y>
      <alignment2d>
        <id type="integer">171942065</id>
        <tvs>0.953289,0.000275186,-0.000275186,0.953289,-2364.0,-2044.16</tvs>
        <tsv>1.049,-0.000302815,0.000302815,1.049,2479.22,2145.04</tsv>
      </alignment2d>
    </section-image>
    <section-image>
      <annotated type="boolean">false</annotated>
      <axes nil="true"/>
      <bits-per-component type="integer">8</bits-per-component>
      <data-set-id type="integer">78633144</data-set-id>
      <expression type="boolean" nil="true"/>
      <expression-path>/external/mouse/prod37/0305041840/0305041840_124_expression.aff</expression-path>
      <failed type="boolean">false</failed>
      <height type="integer">9505</height>
      <id type="integer">78597097</id>
      <image-height type="integer">9505</image-height>
      <image-type>Primary</image-type>
      <image-width type="integer">12625</image-width>
      <isi-experiment-id type="integer" nil="true"/>
      <lims1-id type="integer">78597097</lims1-id>
      <number-of-components type="integer">3</number-of-components>
      <ophys-experiment-id type="integer" nil="true"/>
      <path>/external/aibssan/production21/stitch11/0305041840/0305041840_4_zoom.aff</path>
      <projection-function nil="true"/>
      <resolution type="float">1.049</resolution>
      <section-number type="integer">124</section-number>
      <specimen-id type="integer" nil="true"/>
      <structure-id type="integer" nil="true"/>
      <tier-count type="integer">7</tier-count>
      <width type="integer">12625</width>
      <x type="integer">0</x>
      <y type="integer">0</y>
      <alignment2d>
        <id type="integer">171942067</id>
        <tvs>0.953131,-0.0173315,0.0173315,0.953131,3110.12,-369.462</tvs>
        <tsv>1.04883,0.0190716,-0.0190716,1.04883,-3254.93,446.817</tsv>
      </alignment2d>
    </section-image>
    <section-image>
      <annotated type="boolean">false</annotated>
      <axes nil="true"/>
      <bits-per-component type="integer">8</bits-per-component>
      <data-set-id type="integer">78633144</data-set-id>
      <expression type="boolean" nil="true"/>
      <expression-path>/external/mouse/prod37/0305051680/0305051680_132_expression.aff</expression-path>
      <failed type="boolean">false</failed>
      <height type="integer">6193</height>
      <id type="integer">78597101</id>
      <image-height type="integer">6193</image-height>
      <image-type>Primary</image-type>
      <image-width type="integer">7777</image-width>
      <isi-experiment-id type="integer" nil="true"/>
      <lims1-id type="integer">78597101</lims1-id>
      <number-of-components type="integer">3</number-of-components>
      <ophys-experiment-id type="integer" nil="true"/>
      <path>/external/aibssan/production21/stitch11/0305051680/0305051680_1_zoom.aff</path>
      <projection-function nil="true"/>
      <resolution type="float">1.049</resolution>
      <section-number type="integer">132</section-number>
      <specimen-id type="integer" nil="true"/>
      <structure-id type="integer" nil="true"/>
      <tier-count type="integer">6</tier-count>
      <width type="integer">7777</width>
      <x type="integer">0</x>
      <y type="integer">0</y>
      <alignment2d>
        <id type="integer">171942069</id>
        <tvs>0.953287,-0.00206003,0.00206003,0.953287,-2143.62,-1869.88</tvs>
        <tsv>1.049,0.00226686,-0.00226686,1.049,2252.89,1956.64</tsv>
      </alignment2d>
    </section-image>
    <section-image>
      <annotated type="boolean">false</annotated>
      <axes nil="true"/>
      <bits-per-component type="integer">8</bits-per-component>
      <data-set-id type="integer">78633144</data-set-id>
      <expression type="boolean" nil="true"/>
      <expression-path>/external/mouse/prod37/0305051680/0305051680_140_expression.aff</expression-path>
      <failed type="boolean">false</failed>
      <height type="integer">6321</height>
      <id type="integer">78597103</id>
      <image-height type="integer">6321</image-height>
      <image-type>Primary</image-type>
      <image-width type="integer">8289</image-width>
      <isi-experiment-id type="integer" nil="true"/>
      <lims1-id type="integer">78597103</lims1-id>
      <number-of-components type="integer">3</number-of-components>
      <ophys-experiment-id type="integer" nil="true"/>
      <path>/external/aibssan/production21/stitch11/0305051680/0305051680_2_zoom.aff</path>
      <projection-function nil="true"/>
      <resolution type="float">1.049</resolution>
      <section-number type="integer">140</section-number>
      <specimen-id type="integer" nil="true"/>
      <structure-id type="integer" nil="true"/>
      <tier-count type="integer">7</tier-count>
      <width type="integer">8289</width>
      <x type="integer">0</x>
      <y type="integer">0</y>
      <alignment2d>
        <id type="integer">171942071</id>
        <tvs>0.953262,-0.00708779,0.00708779,0.953262,-1935.92,-1744.28</tvs>
        <tsv>1.04897,0.00779941,-0.00779941,1.04897,2044.33,1814.6</tsv>
      </alignment2d>
    </section-image>
    <section-image>
      <annotated type="boolean">false</annotated>
      <axes nil="true"/>
      <bits-per-component type="integer">8</bits-per-component>
      <data-set-id type="integer">78633144</data-set-id>
      <expression type="boolean" nil="true"/>
      <expression-path>/external/mouse/prod37/0305051680/0305051680_148_expression.aff</expression-path>
      <failed type="boolean">false</failed>
      <height type="integer">6097</height>
      <id type="integer">78597105</id>
      <image-height type="integer">6097</image-height>
      <image-type>Primary</image-type>
      <image-width type="integer">8593</image-width>
      <isi-experiment-id type="integer" nil="true"/>
      <lims1-id type="integer">78597105</lims1-id>
      <number-of-components type="integer">3</number-of-components>
      <ophys-experiment-id type="integer" nil="true"/>
      <path>/external/aibssan/production21/stitch11/0305051680/0305051680_3_zoom.aff</path>
      <projection-function nil="true"/>
      <resolution type="float">1.049</resolution>
      <section-number type="integer">148</section-number>
      <specimen-id type="integer" nil="true"/>
      <structure-id type="integer" nil="true"/>
      <tier-count type="integer">7</tier-count>
      <width type="integer">8593</width>
      <x type="integer">0</x>
      <y type="integer">0</y>
      <alignment2d>
        <id type="integer">171942073</id>
        <tvs>0.953289,0.00020741,-0.00020741,0.953289,-1778.38,-1841.39</tvs>
        <tsv>1.049,-0.000228234,0.000228234,1.049,1865.1,1932.02</tsv>
      </alignment2d>
    </section-image>
    <section-image>
      <annotated type="boolean">false</annotated>
      <axes nil="true"/>
      <bits-per-component type="integer">8</bits-per-component>
      <data-set-id type="integer">78633144</data-set-id>
      <expression type="boolean" nil="true"/>
      <expression-path>/external/mouse/prod37/0305051680/0305051680_156_expression.aff</expression-path>
      <failed type="boolean">false</failed>
      <height type="integer">6513</height>
      <id type="integer">78597107</id>
      <image-height type="integer">6513</image-height>
      <image-type>Primary</image-type>
      <image-width type="integer">8657</image-width>
      <isi-experiment-id type="integer" nil="true"/>
      <lims1-id type="integer">78597107</lims1-id>
      <number-of-components type="integer">3</number-of-components>
      <ophys-experiment-id type="integer" nil="true"/>
      <path>/external/aibssan/production21/stitch11/0305051680/0305051680_4_zoom.aff</path>
      <projection-function nil="true"/>
      <resolution type="float">1.049</resolution>
      <section-number type="integer">156</section-number>
      <specimen-id type="integer" nil="true"/>
      <structure-id type="integer" nil="true"/>
      <tier-count type="integer">7</tier-count>
      <width type="integer">8657</width>
      <x type="integer">0</x>
      <y type="integer">0</y>
      <alignment2d>
        <id type="integer">171942075</id>
        <tvs>0.953283,-0.00330898,0.00330898,0.953283,-1676.27,-1533.31</tvs>
        <tsv>1.04899,0.00364121,-0.00364121,1.04899,1763.98,1602.33</tsv>
      </alignment2d>
    </section-image>
    <section-image>
      <annotated type="boolean">false</annotated>
      <axes nil="true"/>
      <bits-per-component type="integer">8</bits-per-component>
      <data-set-id type="integer">78633144</data-set-id>
      <expression type="boolean" nil="true"/>
      <expression-path>/external/mouse/prod37/0305062132/0305062132_164_expression.aff</expression-path>
      <failed type="boolean">false</failed>
      <height type="integer">6481</height>
      <id type="integer">78597111</id>
      <image-height type="integer">6481</image-height>
      <image-type>Primary</image-type>
      <image-width type="integer">8657</image-width>
      <isi-experiment-id type="integer" nil="true"/>
      <lims1-id type="integer">78597111</lims1-id>
      <number-of-components type="integer">3</number-of-components>
      <ophys-experiment-id type="integer" nil="true"/>
      <path>/external/aibssan/production21/stitch11/0305062132/0305062132_1_zoom.aff</path>
      <projection-function nil="true"/>
      <resolution type="float">1.049</resolution>
      <section-number type="integer">164</section-number>
      <specimen-id type="integer" nil="true"/>
      <structure-id type="integer" nil="true"/>
      <tier-count type="integer">7</tier-count>
      <width type="integer">8657</width>
      <x type="integer">0</x>
      <y type="integer">0</y>
      <alignment2d>
        <id type="integer">171942077</id>
        <tvs>0.953281,0.00395415,-0.00395415,0.953281,-1659.63,-1521.49</tvs>
        <tsv>1.04899,-0.00435115,0.00435115,1.04899,1734.32,1603.25</tsv>
      </alignment2d>
    </section-image>
    <section-image>
      <annotated type="boolean">false</annotated>
      <axes nil="true"/>
      <bits-per-component type="integer">8</bits-per-component>
      <data-set-id type="integer">78633144</data-set-id>
      <expression type="boolean" nil="true"/>
      <expression-path>/external/mouse/prod37/0305062132/0305062132_172_expression.aff</expression-path>
      <failed type="boolean">false</failed>
      <height type="integer">9489</height>
      <id type="integer">78597113</id>
      <image-height type="integer">9489</image-height>
      <image-type>Primary</image-type>
      <image-width type="integer">13841</image-width>
      <isi-experiment-id type="integer" nil="true"/>
      <lims1-id type="integer">78597113</lims1-id>
      <number-of-components type="integer">3</number-of-components>
      <ophys-experiment-id type="integer" nil="true"/>
      <path>/external/aibssan/production21/stitch11/0305062132/0305062132_2_zoom.aff</path>
      <projection-function nil="true"/>
      <resolution type="float">1.049</resolution>
      <section-number type="integer">172</section-number>
      <specimen-id type="integer" nil="true"/>
      <structure-id type="integer" nil="true"/>
      <tier-count type="integer">7</tier-count>
      <width type="integer">13841</width>
      <x type="integer">0</x>
      <y type="integer">0</y>
      <alignment2d>
        <id type="integer">171942079</id>
        <tvs>0.953279,0.00424043,-0.00424043,0.953279,3375.37,264.719</tvs>
        <tsv>1.04899,-0.00466618,0.00466618,1.04899,-3539.49,-293.438</tsv>
      </alignment2d>
    </section-image>
    <section-image>
      <annotated type="boolean">false</annotated>
      <axes nil="true"/>
      <bits-per-component type="integer">8</bits-per-component>
      <data-set-id type="integer">78633144</data-set-id>
      <expression type="boolean" nil="true"/>
      <expression-path>/external/mouse/prod37/0305062132/0305062132_180_expression.aff</expression-path>
      <failed type="boolean">false</failed>
      <height type="integer">7105</height>
      <id type="integer">78597115</id>
      <image-height type="integer">7105</image-height>
      <image-type>Primary</image-type>
      <image-width type="integer">9025</image-width>
      <isi-experiment-id type="integer" nil="true"/>
      <lims1-id type="integer">78597115</lims1-id>
      <number-of-components type="integer">3</number-of-components>
      <ophys-experiment-id type="integer" nil="true"/>
      <path>/external/aibssan/production21/stitch11/0305062132/0305062132_3_zoom.aff</path>
      <projection-function nil="true"/>
      <resolution type="float">1.049</resolution>
      <section-number type="integer">180</section-number>
      <specimen-id type="integer" nil="true"/>
      <structure-id type="integer" nil="true"/>
      <tier-count type="integer">7</tier-count>
      <width type="integer">9025</width>
      <x type="integer">0</x>
      <y type="integer">0</y>
      <alignment2d>
        <id type="integer">171942081</id>
        <tvs>0.953287,-0.00197296,0.00197296,0.953287,-1447.39,-1234.61</tvs>
        <tsv>1.049,0.00217105,-0.00217105,1.049,1520.99,1291.96</tsv>
      </alignment2d>
    </section-image>
    <section-image>
      <annotated type="boolean">false</annotated>
      <axes nil="true"/>
      <bits-per-component type="integer">8</bits-per-component>
      <data-set-id type="integer">78633144</data-set-id>
      <expression type="boolean" nil="true"/>
      <expression-path>/external/mouse/prod37/0305062132/0305062132_188_expression.aff</expression-path>
      <failed type="boolean">false</failed>
      <height type="integer">7377</height>
      <id type="integer">78597117</id>
      <image-height type="integer">7377</image-height>
      <image-type>Primary</image-type>
      <image-width type="integer">9089</image-width>
      <isi-experiment-id type="integer" nil="true"/>
      <lims1-id type="integer">78597117</lims1-id>
      <number-of-components type="integer">3</number-of-components>
      <ophys-experiment-id type="integer" nil="true"/>
      <path>/external/aibssan/production21/stitch11/0305062132/0305062132_4_zoom.aff</path>
      <projection-function nil="true"/>
      <resolution type="float">1.049</resolution>
      <section-number type="integer">188</section-number>
      <specimen-id type="integer" nil="true"/>
      <structure-id type="integer" nil="true"/>
      <tier-count type="integer">7</tier-count>
      <width type="integer">9089</width>
      <x type="integer">0</x>
      <y type="integer">0</y>
      <alignment2d>
        <id type="integer">171942083</id>
        <tvs>0.953211,-0.0121507,0.0121507,0.953211,-1324.93,-1036.27</tvs>
        <tsv>1.04891,0.0133706,-0.0133706,1.04891,1403.59,1069.25</tsv>
      </alignment2d>
    </section-image>
    <section-image>
      <annotated type="boolean">false</annotated>
      <axes nil="true"/>
      <bits-per-component type="integer">8</bits-per-component>
      <data-set-id type="integer">78633144</data-set-id>
      <expression type="boolean" nil="true"/>
      <expression-path>/external/mouse/prod37/0305072055/0305072055_196_expression.aff</expression-path>
      <failed type="boolean">false</failed>
      <height type="integer">6417</height>
      <id type="integer">78597121</id>
      <image-height type="integer">6417</image-height>
      <image-type>Primary</image-type>
      <image-width type="integer">9217</image-width>
      <isi-experiment-id type="integer" nil="true"/>
      <lims1-id type="integer">78597121</lims1-id>
      <number-of-components type="integer">3</number-of-components>
      <ophys-experiment-id type="integer" nil="true"/>
      <path>/external/aibssan/production21/stitch10/0305072055/0305072055_1_zoom.aff</path>
      <projection-function nil="true"/>
      <resolution type="float">1.049</resolution>
      <section-number type="integer">196</section-number>
      <specimen-id type="integer" nil="true"/>
      <structure-id type="integer" nil="true"/>
      <tier-count type="integer">7</tier-count>
      <width type="integer">9217</width>
      <x type="integer">0</x>
      <y type="integer">0</y>
      <alignment2d>
        <id type="integer">171942085</id>
        <tvs>0.953288,0.00109226,-0.00109226,0.953288,-1340.56,-1082.47</tvs>
        <tsv>1.049,-0.00120192,0.00120192,1.049,1404.95,1137.12</tsv>
      </alignment2d>
    </section-image>
    <section-image>
      <annotated type="boolean">false</annotated>
      <axes nil="true"/>
      <bits-per-component type="integer">8</bits-per-component>
      <data-set-id type="integer">78633144</data-set-id>
      <expression type="boolean" nil="true"/>
      <expression-path>/external/mouse/prod37/0305072055/0305072055_204_expression.aff</expression-path>
      <failed type="boolean">false</failed>
      <height type="integer">6849</height>
      <id type="integer">78597123</id>
      <image-height type="integer">6849</image-height>
      <image-type>Primary</image-type>
      <image-width type="integer">9313</image-width>
      <isi-experiment-id type="integer" nil="true"/>
      <lims1-id type="integer">78597123</lims1-id>
      <number-of-components type="integer">3</number-of-components>
      <ophys-experiment-id type="integer" nil="true"/>
      <path>/external/aibssan/production21/stitch10/0305072055/0305072055_2_zoom.aff</path>
      <projection-function nil="true"/>
      <resolution type="float">1.049</resolution>
      <section-number type="integer">204</section-number>
      <specimen-id type="integer" nil="true"/>
      <structure-id type="integer" nil="true"/>
      <tier-count type="integer">7</tier-count>
      <width type="integer">9313</width>
      <x type="integer">0</x>
      <y type="integer">0</y>
      <alignment2d>
        <id type="integer">171942087</id>
        <tvs>0.953285,-0.00259579,0.00259579,0.953285,-1279.49,-917.122</tvs>
        <tsv>1.049,0.00285641,-0.00285641,1.049,1344.79,958.403</tsv>
      </alignment2d>
    </section-image>
    <section-image>
      <annotated type="boolean">false</annotated>
      <axes nil="true"/>
      <bits-per-component type="integer">8</bits-per-component>
      <data-set-id type="integer">78633144</data-set-id>
      <expression type="boolean" nil="true"/>
      <expression-path>/external/mouse/prod37/0305072055/0305072055_212_expression.aff</expression-path>
      <failed type="boolean">false</failed>
      <height type="integer">6129</height>
      <id type="integer">78597125</id>
      <image-height type="integer">6129</image-height>
      <image-type>Primary</image-type>
      <image-width type="integer">9377</image-width>
      <isi-experiment-id type="integer" nil="true"/>
      <lims1-id type="integer">78597125</lims1-id>
      <number-of-components type="integer">3</number-of-components>
      <ophys-experiment-id type="integer" nil="true"/>
      <path>/external/aibssan/production21/stitch10/0305072055/0305072055_3_zoom.aff</path>
      <projection-function nil="true"/>
      <resolution type="float">1.049</resolution>
      <section-number type="integer">212</section-number>
      <specimen-id type="integer" nil="true"/>
      <structure-id type="integer" nil="true"/>
      <tier-count type="integer">7</tier-count>
      <width type="integer">9377</width>
      <x type="integer">0</x>
      <y type="integer">0</y>
      <alignment2d>
        <id type="integer">171942089</id>
        <tvs>0.953287,0.00169135,-0.00169135,0.953287,-1236.37,-1271.56</tvs>
        <tsv>1.049,-0.00186116,0.00186116,1.049,1294.58,1336.16</tsv>
      </alignment2d>
    </section-image>
    <section-image>
      <annotated type="boolean">false</annotated>
      <axes nil="true"/>
      <bits-per-component type="integer">8</bits-per-component>
      <data-set-id type="integer">78633144</data-set-id>
      <expression type="boolean" nil="true"/>
      <expression-path>/external/mouse/prod37/0305072055/0305072055_220_expression.aff</expression-path>
      <failed type="boolean">false</failed>
      <height type="integer">6433</height>
      <id type="integer">78597127</id>
      <image-height type="integer">6433</image-height>
      <image-type>Primary</image-type>
      <image-width type="integer">9265</image-width>
      <isi-experiment-id type="integer" nil="true"/>
      <lims1-id type="integer">78597127</lims1-id>
      <number-of-components type="integer">3</number-of-components>
      <ophys-experiment-id type="integer" nil="true"/>
      <path>/external/aibssan/production21/stitch10/0305072055/0305072055_4_zoom.aff</path>
      <projection-function nil="true"/>
      <resolution type="float">1.049</resolution>
      <section-number type="integer">220</section-number>
      <specimen-id type="integer" nil="true"/>
      <structure-id type="integer" nil="true"/>
      <tier-count type="integer">7</tier-count>
      <width type="integer">9265</width>
      <x type="integer">0</x>
      <y type="integer">0</y>
      <alignment2d>
        <id type="integer">171942091</id>
        <tvs>0.953286,0.0022812,-0.0022812,0.953286,-1316.64,-1125.55</tvs>
        <tsv>1.049,-0.00251023,0.00251023,1.049,1378.33,1184.01</tsv>
      </alignment2d>
    </section-image>
    <section-image>
      <annotated type="boolean">false</annotated>
      <axes nil="true"/>
      <bits-per-component type="integer">8</bits-per-component>
      <data-set-id type="integer">78633144</data-set-id>
      <expression type="boolean" nil="true"/>
      <expression-path>/external/mouse/prod37/0305082135/0305082135_228_expression.aff</expression-path>
      <failed type="boolean">false</failed>
      <height type="integer">7745</height>
      <id type="integer">78597131</id>
      <image-height type="integer">7745</image-height>
      <image-type>Primary</image-type>
      <image-width type="integer">9185</image-width>
      <isi-experiment-id type="integer" nil="true"/>
      <lims1-id type="integer">78597131</lims1-id>
      <number-of-components type="integer">3</number-of-components>
      <ophys-experiment-id type="integer" nil="true"/>
      <path>/external/aibssan/production21/stitch10/0305082135/0305082135_1_zoom.aff</path>
      <projection-function nil="true"/>
      <resolution type="float">1.049</resolution>
      <section-number type="integer">228</section-number>
      <specimen-id type="integer" nil="true"/>
      <structure-id type="integer" nil="true"/>
      <tier-count type="integer">7</tier-count>
      <width type="integer">9185</width>
      <x type="integer">0</x>
      <y type="integer">0</y>
      <alignment2d>
        <id type="integer">171942093</id>
        <tvs>0.953289,0.000806766,-0.000806766,0.953289,-1374.89,-477.661</tvs>
        <tsv>1.049,-0.000887766,0.000887766,1.049,1441.84,502.287</tsv>
      </alignment2d>
    </section-image>
    <section-image>
      <annotated type="boolean">false</annotated>
      <axes nil="true"/>
      <bits-per-component type="integer">8</bits-per-component>
      <data-set-id type="integer">78633144</data-set-id>
      <expression type="boolean" nil="true"/>
      <expression-path>/external/mouse/prod37/0305082135/0305082135_236_expression.aff</expression-path>
      <failed type="boolean">false</failed>
      <height type="integer">7777</height>
      <id type="integer">78597133</id>
      <image-height type="integer">7777</image-height>
      <image-type>Primary</image-type>
      <image-width type="integer">9057</image-width>
      <isi-experiment-id type="integer" nil="true"/>
      <lims1-id type="integer">78597133</lims1-id>
      <number-of-components type="integer">3</number-of-components>
      <ophys-experiment-id type="integer" nil="true"/>
      <path>/external/aibssan/production21/stitch10/0305082135/0305082135_2_zoom.aff</path>
      <projection-function nil="true"/>
      <resolution type="float">1.049</resolution>
      <section-number type="integer">236</section-number>
      <specimen-id type="integer" nil="true"/>
      <structure-id type="integer" nil="true"/>
      <tier-count type="integer">7</tier-count>
      <width type="integer">9057</width>
      <x type="integer">0</x>
      <y type="integer">0</y>
      <alignment2d>
        <id type="integer">171942095</id>
        <tvs>0.953287,-0.00178515,0.00178515,0.953287,-1410.83,-984.221</tvs>
        <tsv>1.049,0.00196438,-0.00196438,1.049,1481.89,1029.67</tsv>
      </alignment2d>
    </section-image>
    <section-image>
      <annotated type="boolean">false</annotated>
      <axes nil="true"/>
      <bits-per-component type="integer">8</bits-per-component>
      <data-set-id type="integer">78633144</data-set-id>
      <expression type="boolean" nil="true"/>
      <expression-path>/external/mouse/prod37/0305082135/0305082135_244_expression.aff</expression-path>
      <failed type="boolean">false</failed>
      <height type="integer">7553</height>
      <id type="integer">78597135</id>
      <image-height type="integer">7553</image-height>
      <image-type>Primary</image-type>
      <image-width type="integer">9105</image-width>
      <isi-experiment-id type="integer" nil="true"/>
      <lims1-id type="integer">78597135</lims1-id>
      <number-of-components type="integer">3</number-of-components>
      <ophys-experiment-id type="integer" nil="true"/>
      <path>/external/aibssan/production21/stitch10/0305082135/0305082135_3_zoom.aff</path>
      <projection-function nil="true"/>
      <resolution type="float">1.049</resolution>
      <section-number type="integer">244</section-number>
      <specimen-id type="integer" nil="true"/>
      <structure-id type="integer" nil="true"/>
      <tier-count type="integer">7</tier-count>
      <width type="integer">9105</width>
      <x type="integer">0</x>
      <y type="integer">0</y>
      <alignment2d>
        <id type="integer">171942097</id>
        <tvs>0.953198,-0.0131966,0.0131966,0.953198,-1347.76,-1157.55</tvs>
        <tsv>1.0489,0.0145215,-0.0145215,1.0489,1430.47,1194.58</tsv>
      </alignment2d>
    </section-image>
    <section-image>
      <annotated type="boolean">false</annotated>
      <axes nil="true"/>
      <bits-per-component type="integer">8</bits-per-component>
      <data-set-id type="integer">78633144</data-set-id>
      <expression type="boolean" nil="true"/>
      <expression-path>/external/mouse/prod37/0305082135/0305082135_252_expression.aff</expression-path>
      <failed type="boolean">false</failed>
      <height type="integer">7425</height>
      <id type="integer">78597137</id>
      <image-height type="integer">7425</image-height>
      <image-type>Primary</image-type>
      <image-width type="integer">14625</image-width>
      <isi-experiment-id type="integer" nil="true"/>
      <lims1-id type="integer">78597137</lims1-id>
      <number-of-components type="integer">3</number-of-components>
      <ophys-experiment-id type="integer" nil="true"/>
      <path>/external/aibssan/production21/stitch10/0305082135/0305082135_4_zoom.aff</path>
      <projection-function nil="true"/>
      <resolution type="float">1.049</resolution>
      <section-number type="integer">252</section-number>
      <specimen-id type="integer" nil="true"/>
      <structure-id type="integer" nil="true"/>
      <tier-count type="integer">7</tier-count>
      <width type="integer">14625</width>
      <x type="integer">0</x>
      <y type="integer">0</y>
      <alignment2d>
        <id type="integer">171942099</id>
        <tvs>0.953191,-0.0136835,0.0136835,0.953191,4182.6,-1065.49</tvs>
        <tsv>1.04889,0.0150574,-0.0150574,1.04889,-4371.06,1180.56</tsv>
      </alignment2d>
    </section-image>
    <section-image>
      <annotated type="boolean">false</annotated>
      <axes nil="true"/>
      <bits-per-component type="integer">8</bits-per-component>
      <data-set-id type="integer">78633144</data-set-id>
      <expression type="boolean" nil="true"/>
      <expression-path>/external/mouse/prod37/0305092607/0305092607_260_expression.aff</expression-path>
      <failed type="boolean">false</failed>
      <height type="integer">7601</height>
      <id type="integer">78597141</id>
      <image-height type="integer">7601</image-height>
      <image-type>Primary</image-type>
      <image-width type="integer">8929</image-width>
      <isi-experiment-id type="integer" nil="true"/>
      <lims1-id type="integer">78597141</lims1-id>
      <number-of-components type="integer">3</number-of-components>
      <ophys-experiment-id type="integer" nil="true"/>
      <path>/external/aibssan/production21/stitch10/0305092607/0305092607_1_zoom.aff</path>
      <projection-function nil="true"/>
      <resolution type="float">1.049</resolution>
      <section-number type="integer">260</section-number>
      <specimen-id type="integer" nil="true"/>
      <structure-id type="integer" nil="true"/>
      <tier-count type="integer">7</tier-count>
      <width type="integer">8929</width>
      <x type="integer">0</x>
      <y type="integer">0</y>
      <alignment2d>
        <id type="integer">171942101</id>
        <tvs>0.953289,-0.000686356,0.000686356,0.953289,-1490.26,-947.665</tvs>
        <tsv>1.049,0.000755267,-0.000755267,1.049,1564.0,992.975</tsv>
      </alignment2d>
    </section-image>
    <section-image>
      <annotated type="boolean">false</annotated>
      <axes nil="true"/>
      <bits-per-component type="integer">8</bits-per-component>
      <data-set-id type="integer">78633144</data-set-id>
      <expression type="boolean" nil="true"/>
      <expression-path>/external/mouse/prod37/0305092607/0305092607_268_expression.aff</expression-path>
      <failed type="boolean">false</failed>
      <height type="integer">7889</height>
      <id type="integer">78597143</id>
      <image-height type="integer">7889</image-height>
      <image-type>Primary</image-type>
      <image-width type="integer">8865</image-width>
      <isi-experiment-id type="integer" nil="true"/>
      <lims1-id type="integer">78597143</lims1-id>
      <number-of-components type="integer">3</number-of-components>
      <ophys-experiment-id type="integer" nil="true"/>
      <path>/external/aibssan/production21/stitch10/0305092607/0305092607_2_zoom.aff</path>
      <projection-function nil="true"/>
      <resolution type="float">1.049</resolution>
      <section-number type="integer">268</section-number>
      <specimen-id type="integer" nil="true"/>
      <structure-id type="integer" nil="true"/>
      <tier-count type="integer">7</tier-count>
      <width type="integer">8865</width>
      <x type="integer">0</x>
      <y type="integer">0</y>
      <alignment2d>
        <id type="integer">171942103</id>
        <tvs>0.953287,-0.00210198,0.00210198,0.953287,-1507.02,-1009.56</tvs>
        <tsv>1.049,0.00231303,-0.00231303,1.049,1583.19,1055.54</tsv>
      </alignment2d>
    </section-image>
    <section-image>
      <annotated type="boolean">false</annotated>
      <axes nil="true"/>
      <bits-per-component type="integer">8</bits-per-component>
      <data-set-id type="integer">78633144</data-set-id>
      <expression type="boolean" nil="true"/>
      <expression-path>/external/mouse/prod37/0305092607/0305092607_276_expression.aff</expression-path>
      <failed type="boolean">false</failed>
      <height type="integer">7633</height>
      <id type="integer">78597145</id>
      <image-height type="integer">7633</image-height>
      <image-type>Primary</image-type>
      <image-width type="integer">8561</image-width>
      <isi-experiment-id type="integer" nil="true"/>
      <lims1-id type="integer">78597145</lims1-id>
      <number-of-components type="integer">3</number-of-components>
      <ophys-experiment-id type="integer" nil="true"/>
      <path>/external/aibssan/production21/stitch10/0305092607/0305092607_3_zoom.aff</path>
      <projection-function nil="true"/>
      <resolution type="float">1.049</resolution>
      <section-number type="integer">276</section-number>
      <specimen-id type="integer" nil="true"/>
      <structure-id type="integer" nil="true"/>
      <tier-count type="integer">7</tier-count>
      <width type="integer">8561</width>
      <x type="integer">0</x>
      <y type="integer">0</y>
      <alignment2d>
        <id type="integer">171942105</id>
        <tvs>0.953253,-0.00825128,0.00825128,0.953253,-1607.3,-946.156</tvs>
        <tsv>1.04896,0.00907972,-0.00907972,1.04896,1694.59,977.886</tsv>
      </alignment2d>
    </section-image>
    <section-image>
      <annotated type="boolean">false</annotated>
      <axes nil="true"/>
      <bits-per-component type="integer">8</bits-per-component>
      <data-set-id type="integer">78633144</data-set-id>
      <expression type="boolean" nil="true"/>
      <expression-path>/external/mouse/prod37/0305092607/0305092607_284_expression.aff</expression-path>
      <failed type="boolean">false</failed>
      <height type="integer">7729</height>
      <id type="integer">78597147</id>
      <image-height type="integer">7729</image-height>
      <image-type>Primary</image-type>
      <image-width type="integer">8737</image-width>
      <isi-experiment-id type="integer" nil="true"/>
      <lims1-id type="integer">78597147</lims1-id>
      <number-of-components type="integer">3</number-of-components>
      <ophys-experiment-id type="integer" nil="true"/>
      <path>/external/aibssan/production21/stitch10/0305092607/0305092607_4_zoom.aff</path>
      <projection-function nil="true"/>
      <resolution type="float">1.049</resolution>
      <section-number type="integer">284</section-number>
      <specimen-id type="integer" nil="true"/>
      <structure-id type="integer" nil="true"/>
      <tier-count type="integer">7</tier-count>
      <width type="integer">8737</width>
      <x type="integer">0</x>
      <y type="integer">0</y>
      <alignment2d>
        <id type="integer">171942107</id>
        <tvs>0.953277,-0.00468953,0.00468953,0.953277,-1556.07,-1055.65</tvs>
        <tsv>1.04899,0.00516037,-0.00516037,1.04899,1637.75,1099.33</tsv>
      </alignment2d>
    </section-image>
    <section-image>
      <annotated type="boolean">false</annotated>
      <axes nil="true"/>
      <bits-per-component type="integer">8</bits-per-component>
      <data-set-id type="integer">78633144</data-set-id>
      <expression type="boolean" nil="true"/>
      <expression-path>/external/mouse/prod37/0305102049/0305102049_292_expression.aff</expression-path>
      <failed type="boolean">false</failed>
      <height type="integer">5265</height>
      <id type="integer">78597151</id>
      <image-height type="integer">5265</image-height>
      <image-type>Primary</image-type>
      <image-width type="integer">8641</image-width>
      <isi-experiment-id type="integer" nil="true"/>
      <lims1-id type="integer">78597151</lims1-id>
      <number-of-components type="integer">3</number-of-components>
      <ophys-experiment-id type="integer" nil="true"/>
      <path>/external/aibssan/production21/stitch10/0305102049/0305102049_1_zoom.aff</path>
      <projection-function nil="true"/>
      <resolution type="float">1.049</resolution>
      <section-number type="integer">292</section-number>
      <specimen-id type="integer" nil="true"/>
      <structure-id type="integer" nil="true"/>
      <tier-count type="integer">7</tier-count>
      <width type="integer">8641</width>
      <x type="integer">0</x>
      <y type="integer">0</y>
      <alignment2d>
        <id type="integer">171942109</id>
        <tvs>0.953288,0.000832525,-0.000832525,0.953288,-1657.71,-2382.06</tvs>
        <tsv>1.049,-0.000916112,0.000916112,1.049,1736.75,2500.3</tsv>
      </alignment2d>
    </section-image>
    <section-image>
      <annotated type="boolean">false</annotated>
      <axes nil="true"/>
      <bits-per-component type="integer">8</bits-per-component>
      <data-set-id type="integer">78633144</data-set-id>
      <expression type="boolean" nil="true"/>
      <expression-path>/external/mouse/prod37/0305102049/0305102049_300_expression.aff</expression-path>
      <failed type="boolean">false</failed>
      <height type="integer">9505</height>
      <id type="integer">78597153</id>
      <image-height type="integer">9505</image-height>
      <image-type>Primary</image-type>
      <image-width type="integer">14033</image-width>
      <isi-experiment-id type="integer" nil="true"/>
      <lims1-id type="integer">78597153</lims1-id>
      <number-of-components type="integer">3</number-of-components>
      <ophys-experiment-id type="integer" nil="true"/>
      <path>/external/aibssan/production21/stitch10/0305102049/0305102049_2_zoom.aff</path>
      <projection-function nil="true"/>
      <resolution type="float">1.049</resolution>
      <section-number type="integer">300</section-number>
      <specimen-id type="integer" nil="true"/>
      <structure-id type="integer" nil="true"/>
      <tier-count type="integer">7</tier-count>
      <width type="integer">14033</width>
      <x type="integer">0</x>
      <y type="integer">0</y>
      <alignment2d>
        <id type="integer">171942111</id>
        <tvs>0.953279,0.00439973,-0.00439973,0.953279,3801.36,1167.25</tvs>
        <tsv>1.04899,-0.00484147,0.00484147,1.04899,-3981.93,-1242.84</tsv>
      </alignment2d>
    </section-image>
    <section-image>
      <annotated type="boolean">false</annotated>
      <axes nil="true"/>
      <bits-per-component type="integer">8</bits-per-component>
      <data-set-id type="integer">78633144</data-set-id>
      <expression type="boolean" nil="true"/>
      <expression-path>/external/mouse/prod37/0305102049/0305102049_308_expression.aff</expression-path>
      <failed type="boolean">false</failed>
      <height type="integer">9409</height>
      <id type="integer">78597155</id>
      <image-height type="integer">9409</image-height>
      <image-type>Primary</image-type>
      <image-width type="integer">13665</image-width>
      <isi-experiment-id type="integer" nil="true"/>
      <lims1-id type="integer">78597155</lims1-id>
      <number-of-components type="integer">3</number-of-components>
      <ophys-experiment-id type="integer" nil="true"/>
      <path>/external/aibssan/production21/stitch10/0305102049/0305102049_3_zoom.aff</path>
      <projection-function nil="true"/>
      <resolution type="float">1.049</resolution>
      <section-number type="integer">308</section-number>
      <specimen-id type="integer" nil="true"/>
      <structure-id type="integer" nil="true"/>
      <tier-count type="integer">7</tier-count>
      <width type="integer">13665</width>
      <x type="integer">0</x>
      <y type="integer">0</y>
      <alignment2d>
        <id type="integer">171942113</id>
        <tvs>0.953244,-0.00922239,0.00922239,0.953244,3576.27,456.333</tvs>
        <tsv>1.04895,0.0101483,-0.0101483,1.04895,-3755.97,-442.377</tsv>
      </alignment2d>
    </section-image>
    <section-image>
      <annotated type="boolean">false</annotated>
      <axes nil="true"/>
      <bits-per-component type="integer">8</bits-per-component>
      <data-set-id type="integer">78633144</data-set-id>
      <expression type="boolean" nil="true"/>
      <expression-path>/external/mouse/prod37/0305102049/0305102049_316_expression.aff</expression-path>
      <failed type="boolean">false</failed>
      <height type="integer">8481</height>
      <id type="integer">78597157</id>
      <image-height type="integer">8481</image-height>
      <image-type>Primary</image-type>
      <image-width type="integer">14737</image-width>
      <isi-experiment-id type="integer" nil="true"/>
      <lims1-id type="integer">78597157</lims1-id>
      <number-of-components type="integer">3</number-of-components>
      <ophys-experiment-id type="integer" nil="true"/>
      <path>/external/aibssan/production21/stitch10/0305102049/0305102049_4_zoom.aff</path>
      <projection-function nil="true"/>
      <resolution type="float">1.049</resolution>
      <section-number type="integer">316</section-number>
      <specimen-id type="integer" nil="true"/>
      <structure-id type="integer" nil="true"/>
      <tier-count type="integer">7</tier-count>
      <width type="integer">14737</width>
      <x type="integer">0</x>
      <y type="integer">0</y>
      <alignment2d>
        <id type="integer">171942115</id>
        <tvs>0.953242,-0.00944148,0.00944148,0.953242,4730.46,-483.649</tvs>
        <tsv>1.04895,0.0103894,-0.0103894,1.04895,-4956.99,556.47</tsv>
      </alignment2d>
    </section-image>
    <section-image>
      <annotated type="boolean">false</annotated>
      <axes nil="true"/>
      <bits-per-component type="integer">8</bits-per-component>
      <data-set-id type="integer">78633144</data-set-id>
      <expression type="boolean" nil="true"/>
      <expression-path>/external/mouse/prod37/0305111576/0305111576_324_expression.aff</expression-path>
      <failed type="boolean">false</failed>
      <height type="integer">6913</height>
      <id type="integer">78597161</id>
      <image-height type="integer">6913</image-height>
      <image-type>Primary</image-type>
      <image-width type="integer">8001</image-width>
      <isi-experiment-id type="integer" nil="true"/>
      <lims1-id type="integer">78597161</lims1-id>
      <number-of-components type="integer">3</number-of-components>
      <ophys-experiment-id type="integer" nil="true"/>
      <path>/external/aibssan/production21/stitch10/0305111576/0305111576_1_zoom.aff</path>
      <projection-function nil="true"/>
      <resolution type="float">1.049</resolution>
      <section-number type="integer">324</section-number>
      <specimen-id type="integer" nil="true"/>
      <structure-id type="integer" nil="true"/>
      <tier-count type="integer">6</tier-count>
      <width type="integer">8001</width>
      <x type="integer">0</x>
      <y type="integer">0</y>
      <alignment2d>
        <id type="integer">171942117</id>
        <tvs>0.953283,-0.00322744,0.00322744,0.953283,-1937.77,-1658.01</tvs>
        <tsv>1.04899,0.00355148,-0.00355148,1.04899,2038.6,1732.36</tsv>
      </alignment2d>
    </section-image>
    <section-image>
      <annotated type="boolean">false</annotated>
      <axes nil="true"/>
      <bits-per-component type="integer">8</bits-per-component>
      <data-set-id type="integer">78633144</data-set-id>
      <expression type="boolean" nil="true"/>
      <expression-path>/external/mouse/prod37/0305111576/0305111576_332_expression.aff</expression-path>
      <failed type="boolean">false</failed>
      <height type="integer">6961</height>
      <id type="integer">78597163</id>
      <image-height type="integer">6961</image-height>
      <image-type>Primary</image-type>
      <image-width type="integer">7809</image-width>
      <isi-experiment-id type="integer" nil="true"/>
      <lims1-id type="integer">78597163</lims1-id>
      <number-of-components type="integer">3</number-of-components>
      <ophys-experiment-id type="integer" nil="true"/>
      <path>/external/aibssan/production21/stitch10/0305111576/0305111576_2_zoom.aff</path>
      <projection-function nil="true"/>
      <resolution type="float">1.049</resolution>
      <section-number type="integer">332</section-number>
      <specimen-id type="integer" nil="true"/>
      <structure-id type="integer" nil="true"/>
      <tier-count type="integer">6</tier-count>
      <width type="integer">7809</width>
      <x type="integer">0</x>
      <y type="integer">0</y>
      <alignment2d>
        <id type="integer">171942119</id>
        <tvs>0.953288,-0.00138188,0.00138188,0.953288,-2029.96,-1647.01</tvs>
        <tsv>1.049,0.00152063,-0.00152063,1.049,2131.93,1724.63</tsv>
      </alignment2d>
    </section-image>
    <section-image>
      <annotated type="boolean">false</annotated>
      <axes nil="true"/>
      <bits-per-component type="integer">8</bits-per-component>
      <data-set-id type="integer">78633144</data-set-id>
      <expression type="boolean" nil="true"/>
      <expression-path>/external/mouse/prod37/0305111576/0305111576_340_expression.aff</expression-path>
      <failed type="boolean">false</failed>
      <height type="integer">6401</height>
      <id type="integer">78597165</id>
      <image-height type="integer">6401</image-height>
      <image-type>Primary</image-type>
      <image-width type="integer">7521</image-width>
      <isi-experiment-id type="integer" nil="true"/>
      <lims1-id type="integer">78597165</lims1-id>
      <number-of-components type="integer">3</number-of-components>
      <ophys-experiment-id type="integer" nil="true"/>
      <path>/external/aibssan/production21/stitch10/0305111576/0305111576_3_zoom.aff</path>
      <projection-function nil="true"/>
      <resolution type="float">1.049</resolution>
      <section-number type="integer">340</section-number>
      <specimen-id type="integer" nil="true"/>
      <structure-id type="integer" nil="true"/>
      <tier-count type="integer">6</tier-count>
      <width type="integer">7521</width>
      <x type="integer">0</x>
      <y type="integer">0</y>
      <alignment2d>
        <id type="integer">171942121</id>
        <tvs>0.953289,0.000661139,-0.000661139,0.953289,-2168.05,-1825.86</tvs>
        <tsv>1.049,-0.000727518,0.000727518,1.049,2272.96,1916.91</tsv>
      </alignment2d>
    </section-image>
    <section-image>
      <annotated type="boolean">false</annotated>
      <axes nil="true"/>
      <bits-per-component type="integer">8</bits-per-component>
      <data-set-id type="integer">78633144</data-set-id>
      <expression type="boolean" nil="true"/>
      <expression-path>/external/mouse/prod37/0305111576/0305111576_348_expression.aff</expression-path>
      <failed type="boolean">false</failed>
      <height type="integer">6561</height>
      <id type="integer">78597167</id>
      <image-height type="integer">6561</image-height>
      <image-type>Primary</image-type>
      <image-width type="integer">7489</image-width>
      <isi-experiment-id type="integer" nil="true"/>
      <lims1-id type="integer">78597167</lims1-id>
      <number-of-components type="integer">3</number-of-components>
      <ophys-experiment-id type="integer" nil="true"/>
      <path>/external/aibssan/production21/stitch10/0305111576/0305111576_4_zoom.aff</path>
      <projection-function nil="true"/>
      <resolution type="float">1.049</resolution>
      <section-number type="integer">348</section-number>
      <specimen-id type="integer" nil="true"/>
      <structure-id type="integer" nil="true"/>
      <tier-count type="integer">6</tier-count>
      <width type="integer">7489</width>
      <x type="integer">0</x>
      <y type="integer">0</y>
      <alignment2d>
        <id type="integer">171942123</id>
        <tvs>0.953196,-0.0133299,0.0133299,0.953196,-2188.67,-1816.8</tvs>
        <tsv>1.0489,0.0146682,-0.0146682,1.0489,2322.34,1873.54</tsv>
      </alignment2d>
    </section-image>
    <section-image>
      <annotated type="boolean">false</annotated>
      <axes nil="true"/>
      <bits-per-component type="integer">8</bits-per-component>
      <data-set-id type="integer">78633144</data-set-id>
      <expression type="boolean" nil="true"/>
      <expression-path>/external/mouse/prod37/0305121957/0305121957_356_expression.aff</expression-path>
      <failed type="boolean">false</failed>
      <height type="integer">6305</height>
      <id type="integer">78597171</id>
      <image-height type="integer">6305</image-height>
      <image-type>Primary</image-type>
      <image-width type="integer">7297</image-width>
      <isi-experiment-id type="integer" nil="true"/>
      <lims1-id type="integer">78597171</lims1-id>
      <number-of-components type="integer">3</number-of-components>
      <ophys-experiment-id type="integer" nil="true"/>
      <path>/external/aibssan/production21/stitch10/0305121957/0305121957_1_zoom.aff</path>
      <projection-function nil="true"/>
      <resolution type="float">1.049</resolution>
      <section-number type="integer">356</section-number>
      <specimen-id type="integer" nil="true"/>
      <structure-id type="integer" nil="true"/>
      <tier-count type="integer">6</tier-count>
      <width type="integer">7297</width>
      <x type="integer">0</x>
      <y type="integer">0</y>
      <alignment2d>
        <id type="integer">171942125</id>
        <tvs>0.953288,-0.00103299,0.00103299,0.953288,-2282.18,-1935.6</tvs>
        <tsv>1.049,0.0011367,-0.0011367,1.049,2396.2,2027.85</tsv>
      </alignment2d>
    </section-image>
    <section-image>
      <annotated type="boolean">false</annotated>
      <axes nil="true"/>
      <bits-per-component type="integer">8</bits-per-component>
      <data-set-id type="integer">78633144</data-set-id>
      <expression type="boolean" nil="true"/>
      <expression-path>/external/mouse/prod37/0305121957/0305121957_364_expression.aff</expression-path>
      <failed type="boolean">false</failed>
      <height type="integer">5553</height>
      <id type="integer">78597173</id>
      <image-height type="integer">5553</image-height>
      <image-type>Primary</image-type>
      <image-width type="integer">7009</image-width>
      <isi-experiment-id type="integer" nil="true"/>
      <lims1-id type="integer">78597173</lims1-id>
      <number-of-components type="integer">3</number-of-components>
      <ophys-experiment-id type="integer" nil="true"/>
      <path>/external/aibssan/production21/stitch10/0305121957/0305121957_2_zoom.aff</path>
      <projection-function nil="true"/>
      <resolution type="float">1.049</resolution>
      <section-number type="integer">364</section-number>
      <specimen-id type="integer" nil="true"/>
      <structure-id type="integer" nil="true"/>
      <tier-count type="integer">6</tier-count>
      <width type="integer">7009</width>
      <x type="integer">0</x>
      <y type="integer">0</y>
      <alignment2d>
        <id type="integer">171942127</id>
        <tvs>0.953282,-0.00367473,0.00367473,0.953282,-2429.05,-2305.0</tvs>
        <tsv>1.04899,0.00404368,-0.00404368,1.04899,2557.38,2408.11</tsv>
      </alignment2d>
    </section-image>
    <section-image>
      <annotated type="boolean">false</annotated>
      <axes nil="true"/>
      <bits-per-component type="integer">8</bits-per-component>
      <data-set-id type="integer">78633144</data-set-id>
      <expression type="boolean" nil="true"/>
      <expression-path>/external/mouse/prod37/0305121957/0305121957_372_expression.aff</expression-path>
      <failed type="boolean">false</failed>
      <height type="integer">5841</height>
      <id type="integer">78597175</id>
      <image-height type="integer">5841</image-height>
      <image-type>Primary</image-type>
      <image-width type="integer">6705</image-width>
      <isi-experiment-id type="integer" nil="true"/>
      <lims1-id type="integer">78597175</lims1-id>
      <number-of-components type="integer">3</number-of-components>
      <ophys-experiment-id type="integer" nil="true"/>
      <path>/external/aibssan/production21/stitch10/0305121957/0305121957_3_zoom.aff</path>
      <projection-function nil="true"/>
      <resolution type="float">1.049</resolution>
      <section-number type="integer">372</section-number>
      <specimen-id type="integer" nil="true"/>
      <structure-id type="integer" nil="true"/>
      <tier-count type="integer">6</tier-count>
      <width type="integer">6705</width>
      <x type="integer">0</x>
      <y type="integer">0</y>
      <alignment2d>
        <id type="integer">171942129</id>
        <tvs>0.953284,-0.00305661,0.00305661,0.953284,-2624.5,-2199.81</tvs>
        <tsv>1.04899,0.00336349,-0.00336349,1.04899,2760.49,2298.76</tsv>
      </alignment2d>
    </section-image>
    <section-image>
      <annotated type="boolean">false</annotated>
      <axes nil="true"/>
      <bits-per-component type="integer">8</bits-per-component>
      <data-set-id type="integer">78633144</data-set-id>
      <expression type="boolean" nil="true"/>
      <expression-path>/external/mouse/prod37/0305121957/0305121957_380_expression.aff</expression-path>
      <failed type="boolean">false</failed>
      <height type="integer">6113</height>
      <id type="integer">78597177</id>
      <image-height type="integer">6113</image-height>
      <image-type>Primary</image-type>
      <image-width type="integer">6433</image-width>
      <isi-experiment-id type="integer" nil="true"/>
      <lims1-id type="integer">78597177</lims1-id>
      <number-of-components type="integer">3</number-of-components>
      <ophys-experiment-id type="integer" nil="true"/>
      <path>/external/aibssan/production21/stitch10/0305121957/0305121957_4_zoom.aff</path>
      <projection-function nil="true"/>
      <resolution type="float">1.049</resolution>
      <section-number type="integer">380</section-number>
      <specimen-id type="integer" nil="true"/>
      <structure-id type="integer" nil="true"/>
      <tier-count type="integer">6</tier-count>
      <width type="integer">6433</width>
      <x type="integer">0</x>
      <y type="integer">0</y>
      <alignment2d>
        <id type="integer">171942131</id>
        <tvs>0.953278,-0.00454671,0.00454671,0.953278,-2750.5,-2071.31</tvs>
        <tsv>1.04899,0.00500321,-0.00500321,1.04899,2895.6,2159.02</tsv>
      </alignment2d>
    </section-image>
    <section-image>
      <annotated type="boolean">false</annotated>
      <axes nil="true"/>
      <bits-per-component type="integer">8</bits-per-component>
      <data-set-id type="integer">78633144</data-set-id>
      <expression type="boolean" nil="true"/>
      <expression-path>/external/mouse/prod37/0305131606/0305131606_388_expression.aff</expression-path>
      <failed type="boolean">false</failed>
      <height type="integer">4833</height>
      <id type="integer">78597181</id>
      <image-height type="integer">4833</image-height>
      <image-type>Primary</image-type>
      <image-width type="integer">6177</image-width>
      <isi-experiment-id type="integer" nil="true"/>
      <lims1-id type="integer">78597181</lims1-id>
      <number-of-components type="integer">3</number-of-components>
      <ophys-experiment-id type="integer" nil="true"/>
      <path>/external/aibssan/production21/stitch10/0305131606/0305131606_1_zoom.aff</path>
      <projection-function nil="true"/>
      <resolution type="float">1.049</resolution>
      <section-number type="integer">388</section-number>
      <specimen-id type="integer" nil="true"/>
      <structure-id type="integer" nil="true"/>
      <tier-count type="integer">6</tier-count>
      <width type="integer">6177</width>
      <x type="integer">0</x>
      <y type="integer">0</y>
      <alignment2d>
        <id type="integer">171942133</id>
        <tvs>0.953255,-0.00801766,0.00801766,0.953255,-2864.25,-2674.61</tvs>
        <tsv>1.04896,0.00882264,-0.00882264,1.04896,3028.09,2780.3</tsv>
      </alignment2d>
    </section-image>
    <section-image>
      <annotated type="boolean">false</annotated>
      <axes nil="true"/>
      <bits-per-component type="integer">8</bits-per-component>
      <data-set-id type="integer">78633144</data-set-id>
      <expression type="boolean" nil="true"/>
      <expression-path>/external/mouse/prod37/0305131606/0305131606_396_expression.aff</expression-path>
      <failed type="boolean">false</failed>
      <height type="integer">4913</height>
      <id type="integer">78597183</id>
      <image-height type="integer">4913</image-height>
      <image-type>Primary</image-type>
      <image-width type="integer">5809</image-width>
      <isi-experiment-id type="integer" nil="true"/>
      <lims1-id type="integer">78597183</lims1-id>
      <number-of-components type="integer">3</number-of-components>
      <ophys-experiment-id type="integer" nil="true"/>
      <path>/external/aibssan/production21/stitch10/0305131606/0305131606_2_zoom.aff</path>
      <projection-function nil="true"/>
      <resolution type="float">1.049</resolution>
      <section-number type="integer">396</section-number>
      <specimen-id type="integer" nil="true"/>
      <structure-id type="integer" nil="true"/>
      <tier-count type="integer">6</tier-count>
      <width type="integer">5809</width>
      <x type="integer">0</x>
      <y type="integer">0</y>
      <alignment2d>
        <id type="integer">171942135</id>
        <tvs>0.953242,-0.00942419,0.00942419,0.953242,-3050.39,-2657.96</tvs>
        <tsv>1.04895,0.0103704,-0.0103704,1.04895,3227.27,2756.43</tsv>
      </alignment2d>
    </section-image>
    <section-image>
      <annotated type="boolean">false</annotated>
      <axes nil="true"/>
      <bits-per-component type="integer">8</bits-per-component>
      <data-set-id type="integer">78633144</data-set-id>
      <expression type="boolean" nil="true"/>
      <expression-path>/external/mouse/prod37/0305131606/0305131606_404_expression.aff</expression-path>
      <failed type="boolean">false</failed>
      <height type="integer">4721</height>
      <id type="integer">78597185</id>
      <image-height type="integer">4721</image-height>
      <image-type>Primary</image-type>
      <image-width type="integer">5489</image-width>
      <isi-experiment-id type="integer" nil="true"/>
      <lims1-id type="integer">78597185</lims1-id>
      <number-of-components type="integer">3</number-of-components>
      <ophys-experiment-id type="integer" nil="true"/>
      <path>/external/aibssan/production21/stitch10/0305131606/0305131606_3_zoom.aff</path>
      <projection-function nil="true"/>
      <resolution type="float">1.049</resolution>
      <section-number type="integer">404</section-number>
      <specimen-id type="integer" nil="true"/>
      <structure-id type="integer" nil="true"/>
      <tier-count type="integer">6</tier-count>
      <width type="integer">5489</width>
      <x type="integer">0</x>
      <y type="integer">0</y>
      <alignment2d>
        <id type="integer">171942137</id>
        <tvs>0.953251,-0.00846618,0.00846618,0.953251,-3218.18,-2810.45</tvs>
        <tsv>1.04896,0.00931619,-0.00931619,1.04896,3401.92,2918.07</tsv>
      </alignment2d>
    </section-image>
    <section-image>
      <annotated type="boolean">false</annotated>
      <axes nil="true"/>
      <bits-per-component type="integer">8</bits-per-component>
      <data-set-id type="integer">78633144</data-set-id>
      <expression type="boolean" nil="true"/>
      <expression-path>/external/mouse/prod37/0305131606/0305131606_412_expression.aff</expression-path>
      <failed type="boolean">false</failed>
      <height type="integer">4353</height>
      <id type="integer">78597187</id>
      <image-height type="integer">4353</image-height>
      <image-type>Primary</image-type>
      <image-width type="integer">5073</image-width>
      <isi-experiment-id type="integer" nil="true"/>
      <lims1-id type="integer">78597187</lims1-id>
      <number-of-components type="integer">3</number-of-components>
      <ophys-experiment-id type="integer" nil="true"/>
      <path>/external/aibssan/production21/stitch10/0305131606/0305131606_4_zoom.aff</path>
      <projection-function nil="true"/>
      <resolution type="float">1.049</resolution>
      <section-number type="integer">412</section-number>
      <specimen-id type="integer" nil="true"/>
      <structure-id type="integer" nil="true"/>
      <tier-count type="integer">6</tier-count>
      <width type="integer">5073</width>
      <x type="integer">0</x>
      <y type="integer">0</y>
      <alignment2d>
        <id type="integer">171942139</id>
        <tvs>0.953237,-0.00995947,0.00995947,0.953237,-3467.58,-3170.01</tvs>
        <tsv>1.04894,0.0109594,-0.0109594,1.04894,3672.03,3287.16</tsv>
      </alignment2d>
    </section-image>
    <section-image>
      <annotated type="boolean">false</annotated>
      <axes nil="true"/>
      <bits-per-component type="integer">8</bits-per-component>
      <data-set-id type="integer">78633144</data-set-id>
      <expression type="boolean" nil="true"/>
      <expression-path>/external/mouse/prod37/0305141932/0305141932_420_expression.aff</expression-path>
      <failed type="boolean">false</failed>
      <height type="integer">4561</height>
      <id type="integer">78597191</id>
      <image-height type="integer">4561</image-height>
      <image-type>Primary</image-type>
      <image-width type="integer">4497</image-width>
      <isi-experiment-id type="integer" nil="true"/>
      <lims1-id type="integer">78597191</lims1-id>
      <number-of-components type="integer">3</number-of-components>
      <ophys-experiment-id type="integer" nil="true"/>
      <path>/external/aibssan/production21/stitch10/0305141932/0305141932_1_zoom.aff</path>
      <projection-function nil="true"/>
      <resolution type="float">1.049</resolution>
      <section-number type="integer">420</section-number>
      <specimen-id type="integer" nil="true"/>
      <structure-id type="integer" nil="true"/>
      <tier-count type="integer">6</tier-count>
      <width type="integer">4497</width>
      <x type="integer">0</x>
      <y type="integer">0</y>
      <alignment2d>
        <id type="integer">171942141</id>
        <tvs>0.95325,-0.00855286,0.00855286,0.95325,-3715.42,-3037.69</tvs>
        <tsv>1.04896,0.00941158,-0.00941158,1.04896,3925.91,3151.44</tsv>
      </alignment2d>
    </section-image>
    <section-image>
      <annotated type="boolean">false</annotated>
      <axes nil="true"/>
      <bits-per-component type="integer">8</bits-per-component>
      <data-set-id type="integer">78633144</data-set-id>
      <expression type="boolean" nil="true"/>
      <expression-path>/external/mouse/prod37/0305141932/0305141932_428_expression.aff</expression-path>
      <failed type="boolean">false</failed>
      <height type="integer">3793</height>
      <id type="integer">78597193</id>
      <image-height type="integer">3793</image-height>
      <image-type>Primary</image-type>
      <image-width type="integer">4385</image-width>
      <isi-experiment-id type="integer" nil="true"/>
      <lims1-id type="integer">78597193</lims1-id>
      <number-of-components type="integer">3</number-of-components>
      <ophys-experiment-id type="integer" nil="true"/>
      <path>/external/aibssan/production21/stitch10/0305141932/0305141932_2_zoom.aff</path>
      <projection-function nil="true"/>
      <resolution type="float">1.049</resolution>
      <section-number type="integer">428</section-number>
      <specimen-id type="integer" nil="true"/>
      <structure-id type="integer" nil="true"/>
      <tier-count type="integer">6</tier-count>
      <width type="integer">4385</width>
      <x type="integer">0</x>
      <y type="integer">0</y>
      <alignment2d>
        <id type="integer">171942143</id>
        <tvs>0.953244,-0.00926101,0.00926101,0.953244,-3741.08,-3346.06</tvs>
        <tsv>1.04895,0.0101908,-0.0101908,1.04895,3958.31,3471.73</tsv>
      </alignment2d>
    </section-image>
    <section-image>
      <annotated type="boolean">false</annotated>
      <axes nil="true"/>
      <bits-per-component type="integer">8</bits-per-component>
      <data-set-id type="integer">78633144</data-set-id>
      <expression type="boolean" nil="true"/>
      <expression-path>/external/mouse/prod37/0305141932/0305141932_436_expression.aff</expression-path>
      <failed type="boolean">false</failed>
      <height type="integer">3473</height>
      <id type="integer">78597195</id>
      <image-height type="integer">3473</image-height>
      <image-type>Primary</image-type>
      <image-width type="integer">4369</image-width>
      <isi-experiment-id type="integer" nil="true"/>
      <lims1-id type="integer">78597195</lims1-id>
      <number-of-components type="integer">3</number-of-components>
      <ophys-experiment-id type="integer" nil="true"/>
      <path>/external/aibssan/production21/stitch10/0305141932/0305141932_3_zoom.aff</path>
      <projection-function nil="true"/>
      <resolution type="float">1.049</resolution>
      <section-number type="integer">436</section-number>
      <specimen-id type="integer" nil="true"/>
      <structure-id type="integer" nil="true"/>
      <tier-count type="integer">6</tier-count>
      <width type="integer">4369</width>
      <x type="integer">0</x>
      <y type="integer">0</y>
      <alignment2d>
        <id type="integer">171942145</id>
        <tvs>0.953236,-0.0100259,0.0100259,0.953236,-3765.82,-3410.98</tvs>
        <tsv>1.04894,0.0110325,-0.0110325,1.04894,3987.75,3536.38</tsv>
      </alignment2d>
    </section-image>
    <section-image>
      <annotated type="boolean">false</annotated>
      <axes nil="true"/>
      <bits-per-component type="integer">8</bits-per-component>
      <data-set-id type="integer">78633144</data-set-id>
      <expression type="boolean" nil="true"/>
      <expression-path>/external/mouse/prod37/0305141932/0305141932_444_expression.aff</expression-path>
      <failed type="boolean">false</failed>
      <height type="integer">3617</height>
      <id type="integer">78597197</id>
      <image-height type="integer">3617</image-height>
      <image-type>Primary</image-type>
      <image-width type="integer">4177</image-width>
      <isi-experiment-id type="integer" nil="true"/>
      <lims1-id type="integer">78597197</lims1-id>
      <number-of-components type="integer">3</number-of-components>
      <ophys-experiment-id type="integer" nil="true"/>
      <path>/external/aibssan/production21/stitch10/0305141932/0305141932_4_zoom.aff</path>
      <projection-function nil="true"/>
      <resolution type="float">1.049</resolution>
      <section-number type="integer">444</section-number>
      <specimen-id type="integer" nil="true"/>
      <structure-id type="integer" nil="true"/>
      <tier-count type="integer">6</tier-count>
      <width type="integer">4177</width>
      <x type="integer">0</x>
      <y type="integer">0</y>
      <alignment2d>
        <id type="integer">171942147</id>
        <tvs>0.953234,-0.0102641,0.0102641,0.953234,-3838.46,-3338.27</tvs>
        <tsv>1.04894,0.0112946,-0.0112946,1.04894,4064.01,3458.29</tsv>
      </alignment2d>
    </section-image>
  </section-images>
  <plane_of_section/>
  <age>P56</age>
</section-data-set>
