<?xml version="1.0" encoding="UTF-8"?>
<section-data-set>
  <blue-channel nil="true"/>
  <delegate>false</delegate>
  <expression>true</expression>
  <failed>false</failed>
  <failed-facet>734881840</failed-facet>
  <green-channel nil="true"/>
  <id>80409540</id>
  <name nil="true"/>
  <qc-date>2008-05-27T11:11:30Z</qc-date>
  <red-channel nil="true"/>
  <reference-space-id>9</reference-space-id>
  <rnaseq-design-id nil="true"/>
  <section-thickness>25.0</section-thickness>
  <specimen-id>79871134</specimen-id>
  <sphinx-id>7284</sphinx-id>
  <storage-directory>/external/mouse/prod41/image_series_80409540/</storage-directory>
  <weight>5030</weight>
  <products>
    <product>
      <abbreviation>MouseDiv</abbreviation>
      <description>High-resolution ISH data detailing the expression of approximately 50 well-known drug target genes and 12 additional genes throughout the adult male mouse brain in seven different mouse strains and in adult female C57BL/6J mice.</description>
      <id type="integer">16</id>
      <name>Mouse Strains</name>
      <product-name-facet type="integer">635972493</product-name-facet>
      <resource>Mouse Strains Study</resource>
      <species>Mouse</species>
      <species-name-facet type="integer">1861523945</species-name-facet>
      <tags>Diversity</tags>
    </product>
  </products>
  <specimen>
    <cell-prep-sample-id type="integer" nil="true"/>
    <cell-reporter-id type="integer" nil="true"/>
    <cortex-layer-id type="integer" nil="true"/>
    <data nil="true"/>
    <donor-id type="integer">13838</donor-id>
    <ephys-result-id type="integer" nil="true"/>
    <external-specimen-name nil="true"/>
    <failed-facet type="integer">734881840</failed-facet>
    <hemisphere>(none)</hemisphere>
    <id type="integer">79871134</id>
    <is-cell-specimen type="boolean">false</is-cell-specimen>
    <is-ish type="boolean">false</is-ish>
    <name>321-1524</name>
    <parent-id type="integer" nil="true"/>
    <parent-x-coord type="integer" nil="true"/>
    <parent-y-coord type="integer" nil="true"/>
    <parent-z-coord type="integer" nil="true"/>
    <pinned-radius type="float" nil="true"/>
    <rna-integrity-number type="float" nil="true"/>
    <specimen-id-path>/79871134/</specimen-id-path>
    <sphinx-id type="integer">27045</sphinx-id>
    <structure-id type="integer" nil="true"/>
    <tissue-ph type="float" nil="true"/>
    <treatment-id type="integer" nil="true"/>
    <weight type="integer">9000</weight>
    <donor>
      <age-id type="integer">15</age-id>
      <chemotherapy nil="true"/>
      <condition-description nil="true"/>
      <data nil="true"/>
      <date-of-birth type="datetime" nil="true"/>
      <donor-condition-description-facet type="integer" nil="true"/>
      <donor-race-only-facet type="integer" nil="true"/>
      <donor-sex-facet type="integer">4122955671</donor-sex-facet>
      <donor-strain-facet type="integer">2910922998</donor-strain-facet>
      <donor-strain-only-facet type="integer">2910922998</donor-strain-only-facet>
      <egfr-amplification nil="true"/>
      <extent-of-resection nil="true"/>
      <external-donor-name nil="true"/>
      <full-genotype nil="true"/>
      <handedness>unknown</handedness>
      <id type="integer">13838</id>
      <initial-kps nil="true"/>
      <mgmt-ihc type="integer" nil="true"/>
      <mgmt-methylation nil="true"/>
      <molecular-subtype nil="true"/>
      <multifocal nil="true"/>
      <name>321-1524</name>
      <organism-id type="integer">2</organism-id>
      <pmi type="float">0.0</pmi>
      <primary-tissue-source>AIBS</primary-tissue-source>
      <pten-deletion nil="true"/>
      <race-only nil="true"/>
      <radiation-therapy nil="true"/>
      <recurrence-by-six-months nil="true"/>
      <sex>M</sex>
      <sex-full-name>Male</sex-full-name>
      <sleep-state nil="true"/>
      <smoker nil="true"/>
      <strain>PWD/PhJ</strain>
      <strain-only>PWD/PhJ</strain-only>
      <survival-days type="integer" nil="true"/>
      <tags>321-1524 unknown</tags>
      <theiler-stage nil="true"/>
      <time-to-progression-or-recurrence nil="true"/>
      <transgenic-mouse-id type="integer" nil="true"/>
      <tumor-status nil="true"/>
      <weight-grams type="float">14.3</weight-grams>
    </donor>
  </specimen>
  <alignment3d>
    <id type="integer">172026896</id>
    <trv>-0.00238439,-0.00837855,0.912115,0.0122186,0.953018,0.00710785,-0.871505,0.01042,-0.00257102,1172.33,1087.08,12058.0</trv>
    <tvr>-0.00333134,0.0125144,-1.14726,-0.00813354,1.04907,0.0147302,1.09627,0.00966927,-0.00286377,13823.9,-1308.5,-1261.17</tvr>
  </alignment3d>
  <section-images>
    <section-image>
      <annotated type="boolean">false</annotated>
      <axes nil="true"/>
      <bits-per-component type="integer">8</bits-per-component>
      <data-set-id type="integer">80409540</data-set-id>
      <expression type="boolean" nil="true"/>
      <expression-path>/external/mouse/prod39/0500010930/0500010930_6_expression.aff</expression-path>
      <failed type="boolean">false</failed>
      <height type="integer">7281</height>
      <id type="integer">80296953</id>
      <image-height type="integer">7281</image-height>
      <image-type>Primary</image-type>
      <image-width type="integer">13825</image-width>
      <isi-experiment-id type="integer" nil="true"/>
      <lims1-id type="integer">80296953</lims1-id>
      <number-of-components type="integer">3</number-of-components>
      <ophys-experiment-id type="integer" nil="true"/>
      <path>/external/aibssan/production28/stitch2/0500010930/0500010930_1_zoom.aff</path>
      <projection-function nil="true"/>
      <resolution type="float">1.049</resolution>
      <section-number type="integer">6</section-number>
      <specimen-id type="integer" nil="true"/>
      <structure-id type="integer" nil="true"/>
      <tier-count type="integer">7</tier-count>
      <width type="integer">13825</width>
      <x type="integer">0</x>
      <y type="integer">0</y>
      <alignment2d>
        <id type="integer">172027140</id>
        <tvs>0.95308,-0.0199639,0.0199639,0.95308,4612.1,-2136.09</tvs>
        <tsv>1.04877,0.0219683,-0.0219683,1.04877,-4790.1,2341.59</tsv>
      </alignment2d>
    </section-image>
    <section-image>
      <annotated type="boolean">false</annotated>
      <axes nil="true"/>
      <bits-per-component type="integer">8</bits-per-component>
      <data-set-id type="integer">80409540</data-set-id>
      <expression type="boolean" nil="true"/>
      <expression-path>/external/mouse/prod39/0500010930/0500010930_14_expression.aff</expression-path>
      <failed type="boolean">false</failed>
      <height type="integer">5697</height>
      <id type="integer">80296955</id>
      <image-height type="integer">5697</image-height>
      <image-type>Primary</image-type>
      <image-width type="integer">6305</image-width>
      <isi-experiment-id type="integer" nil="true"/>
      <lims1-id type="integer">80296955</lims1-id>
      <number-of-components type="integer">3</number-of-components>
      <ophys-experiment-id type="integer" nil="true"/>
      <path>/external/aibssan/production28/stitch2/0500010930/0500010930_2_zoom.aff</path>
      <projection-function nil="true"/>
      <resolution type="float">1.049</resolution>
      <section-number type="integer">14</section-number>
      <specimen-id type="integer" nil="true"/>
      <structure-id type="integer" nil="true"/>
      <tier-count type="integer">6</tier-count>
      <width type="integer">6305</width>
      <x type="integer">0</x>
      <y type="integer">0</y>
      <alignment2d>
        <id type="integer">172027142</id>
        <tvs>0.95308,-0.0199639,0.0199639,0.95308,-2682.34,-2326.9</tvs>
        <tsv>1.04877,0.0219683,-0.0219683,1.04877,2864.28,2381.46</tsv>
      </alignment2d>
    </section-image>
    <section-image>
      <annotated type="boolean">false</annotated>
      <axes nil="true"/>
      <bits-per-component type="integer">8</bits-per-component>
      <data-set-id type="integer">80409540</data-set-id>
      <expression type="boolean" nil="true"/>
      <expression-path>/external/mouse/prod39/0500010930/0500010930_22_expression.aff</expression-path>
      <failed type="boolean">false</failed>
      <height type="integer">9361</height>
      <id type="integer">80296957</id>
      <image-height type="integer">9361</image-height>
      <image-type>Primary</image-type>
      <image-width type="integer">17729</image-width>
      <isi-experiment-id type="integer" nil="true"/>
      <lims1-id type="integer">80296957</lims1-id>
      <number-of-components type="integer">3</number-of-components>
      <ophys-experiment-id type="integer" nil="true"/>
      <path>/external/aibssan/production28/stitch2/0500010930/0500010930_3_zoom.aff</path>
      <projection-function nil="true"/>
      <resolution type="float">1.049</resolution>
      <section-number type="integer">22</section-number>
      <specimen-id type="integer" nil="true"/>
      <structure-id type="integer" nil="true"/>
      <tier-count type="integer">8</tier-count>
      <width type="integer">17729</width>
      <x type="integer">0</x>
      <y type="integer">0</y>
      <alignment2d>
        <id type="integer">172027144</id>
        <tvs>0.95308,-0.0199639,0.0199639,0.95308,4670.89,-124.871</tvs>
        <tsv>1.04877,0.0219683,-0.0219683,1.04877,-4895.95,233.573</tsv>
      </alignment2d>
    </section-image>
    <section-image>
      <annotated type="boolean">false</annotated>
      <axes nil="true"/>
      <bits-per-component type="integer">8</bits-per-component>
      <data-set-id type="integer">80409540</data-set-id>
      <expression type="boolean" nil="true"/>
      <expression-path>/external/mouse/prod39/0500010930/0500010930_30_expression.aff</expression-path>
      <failed type="boolean">false</failed>
      <height type="integer">7345</height>
      <id type="integer">80296959</id>
      <image-height type="integer">7345</image-height>
      <image-type>Primary</image-type>
      <image-width type="integer">16321</image-width>
      <isi-experiment-id type="integer" nil="true"/>
      <lims1-id type="integer">80296959</lims1-id>
      <number-of-components type="integer">3</number-of-components>
      <ophys-experiment-id type="integer" nil="true"/>
      <path>/external/aibssan/production28/stitch2/0500010930/0500010930_4_zoom.aff</path>
      <projection-function nil="true"/>
      <resolution type="float">1.049</resolution>
      <section-number type="integer">30</section-number>
      <specimen-id type="integer" nil="true"/>
      <structure-id type="integer" nil="true"/>
      <tier-count type="integer">7</tier-count>
      <width type="integer">16321</width>
      <x type="integer">0</x>
      <y type="integer">0</y>
      <alignment2d>
        <id type="integer">172027146</id>
        <tvs>0.95323,-0.0106307,0.0106307,0.95323,4227.46,-2351.3</tvs>
        <tsv>1.04893,0.011698,-0.011698,1.04893,-4406.82,2515.82</tsv>
      </alignment2d>
    </section-image>
    <section-image>
      <annotated type="boolean">false</annotated>
      <axes nil="true"/>
      <bits-per-component type="integer">8</bits-per-component>
      <data-set-id type="integer">80409540</data-set-id>
      <expression type="boolean" nil="true"/>
      <expression-path>/external/mouse/prod39/0500010934/0500010934_38_expression.aff</expression-path>
      <failed type="boolean">false</failed>
      <height type="integer">6593</height>
      <id type="integer">80296963</id>
      <image-height type="integer">6593</image-height>
      <image-type>Primary</image-type>
      <image-width type="integer">10129</image-width>
      <isi-experiment-id type="integer" nil="true"/>
      <lims1-id type="integer">80296963</lims1-id>
      <number-of-components type="integer">3</number-of-components>
      <ophys-experiment-id type="integer" nil="true"/>
      <path>/external/aibssan/production28/stitch2/0500010934/0500010934_1_zoom.aff</path>
      <projection-function nil="true"/>
      <resolution type="float">1.049</resolution>
      <section-number type="integer">38</section-number>
      <specimen-id type="integer" nil="true"/>
      <structure-id type="integer" nil="true"/>
      <tier-count type="integer">7</tier-count>
      <width type="integer">10129</width>
      <x type="integer">0</x>
      <y type="integer">0</y>
      <alignment2d>
        <id type="integer">172027148</id>
        <tvs>0.953252,0.00843119,-0.00843119,0.953252,384.818,-2114.23</tvs>
        <tsv>1.04896,-0.00927769,0.00927769,1.04896,-423.273,2214.17</tsv>
      </alignment2d>
    </section-image>
    <section-image>
      <annotated type="boolean">false</annotated>
      <axes nil="true"/>
      <bits-per-component type="integer">8</bits-per-component>
      <data-set-id type="integer">80409540</data-set-id>
      <expression type="boolean" nil="true"/>
      <expression-path>/external/mouse/prod39/0500010934/0500010934_46_expression.aff</expression-path>
      <failed type="boolean">false</failed>
      <height type="integer">6625</height>
      <id type="integer">80296965</id>
      <image-height type="integer">6625</image-height>
      <image-type>Primary</image-type>
      <image-width type="integer">8865</image-width>
      <isi-experiment-id type="integer" nil="true"/>
      <lims1-id type="integer">80296965</lims1-id>
      <number-of-components type="integer">3</number-of-components>
      <ophys-experiment-id type="integer" nil="true"/>
      <path>/external/aibssan/production28/stitch2/0500010934/0500010934_2_zoom.aff</path>
      <projection-function nil="true"/>
      <resolution type="float">1.049</resolution>
      <section-number type="integer">46</section-number>
      <specimen-id type="integer" nil="true"/>
      <structure-id type="integer" nil="true"/>
      <tier-count type="integer">7</tier-count>
      <width type="integer">8865</width>
      <x type="integer">0</x>
      <y type="integer">0</y>
      <alignment2d>
        <id type="integer">172027150</id>
        <tvs>0.953255,0.00798878,-0.00798878,0.953255,-1382.62,-1830.07</tvs>
        <tsv>1.04896,-0.00879086,0.00879086,1.04896,1434.23,1931.84</tsv>
      </alignment2d>
    </section-image>
    <section-image>
      <annotated type="boolean">false</annotated>
      <axes nil="true"/>
      <bits-per-component type="integer">8</bits-per-component>
      <data-set-id type="integer">80409540</data-set-id>
      <expression type="boolean" nil="true"/>
      <expression-path>/external/mouse/prod39/0500010934/0500010934_54_expression.aff</expression-path>
      <failed type="boolean">false</failed>
      <height type="integer">6625</height>
      <id type="integer">80296967</id>
      <image-height type="integer">6625</image-height>
      <image-type>Primary</image-type>
      <image-width type="integer">8865</image-width>
      <isi-experiment-id type="integer" nil="true"/>
      <lims1-id type="integer">80296967</lims1-id>
      <number-of-components type="integer">3</number-of-components>
      <ophys-experiment-id type="integer" nil="true"/>
      <path>/external/aibssan/production28/stitch2/0500010934/0500010934_3_zoom.aff</path>
      <projection-function nil="true"/>
      <resolution type="float">1.049</resolution>
      <section-number type="integer">54</section-number>
      <specimen-id type="integer" nil="true"/>
      <structure-id type="integer" nil="true"/>
      <tier-count type="integer">7</tier-count>
      <width type="integer">8865</width>
      <x type="integer">0</x>
      <y type="integer">0</y>
      <alignment2d>
        <id type="integer">172027152</id>
        <tvs>0.953232,0.0103824,-0.0103824,0.953232,-1424.31,-1831.89</tvs>
        <tsv>1.04894,-0.0114247,0.0114247,1.04894,1473.09,1937.81</tsv>
      </alignment2d>
    </section-image>
    <section-image>
      <annotated type="boolean">false</annotated>
      <axes nil="true"/>
      <bits-per-component type="integer">8</bits-per-component>
      <data-set-id type="integer">80409540</data-set-id>
      <expression type="boolean" nil="true"/>
      <expression-path>/external/mouse/prod39/0500010934/0500010934_62_expression.aff</expression-path>
      <failed type="boolean">false</failed>
      <height type="integer">6593</height>
      <id type="integer">80296969</id>
      <image-height type="integer">6593</image-height>
      <image-type>Primary</image-type>
      <image-width type="integer">8865</image-width>
      <isi-experiment-id type="integer" nil="true"/>
      <lims1-id type="integer">80296969</lims1-id>
      <number-of-components type="integer">3</number-of-components>
      <ophys-experiment-id type="integer" nil="true"/>
      <path>/external/aibssan/production28/stitch2/0500010934/0500010934_4_zoom.aff</path>
      <projection-function nil="true"/>
      <resolution type="float">1.049</resolution>
      <section-number type="integer">62</section-number>
      <specimen-id type="integer" nil="true"/>
      <structure-id type="integer" nil="true"/>
      <tier-count type="integer">7</tier-count>
      <width type="integer">8865</width>
      <x type="integer">0</x>
      <y type="integer">0</y>
      <alignment2d>
        <id type="integer">172027154</id>
        <tvs>0.95328,0.00406606,-0.00406606,0.95328,-1392.94,-1843.68</tvs>
        <tsv>1.04899,-0.0044743,0.0044743,1.04899,1452.94,1940.23</tsv>
      </alignment2d>
    </section-image>
    <section-image>
      <annotated type="boolean">false</annotated>
      <axes nil="true"/>
      <bits-per-component type="integer">8</bits-per-component>
      <data-set-id type="integer">80409540</data-set-id>
      <expression type="boolean" nil="true"/>
      <expression-path>/external/mouse/prod39/0500010914/0500010914_70_expression.aff</expression-path>
      <failed type="boolean">false</failed>
      <height type="integer">7361</height>
      <id type="integer">80296973</id>
      <image-height type="integer">7361</image-height>
      <image-type>Primary</image-type>
      <image-width type="integer">15153</image-width>
      <isi-experiment-id type="integer" nil="true"/>
      <lims1-id type="integer">80296973</lims1-id>
      <number-of-components type="integer">3</number-of-components>
      <ophys-experiment-id type="integer" nil="true"/>
      <path>/external/aibssan/production28/stitch2/0500010914/0500010914_1_zoom.aff</path>
      <projection-function nil="true"/>
      <resolution type="float">1.049</resolution>
      <section-number type="integer">70</section-number>
      <specimen-id type="integer" nil="true"/>
      <structure-id type="integer" nil="true"/>
      <tier-count type="integer">7</tier-count>
      <width type="integer">15153</width>
      <x type="integer">0</x>
      <y type="integer">0</y>
      <alignment2d>
        <id type="integer">172027156</id>
        <tvs>0.953264,0.00682695,-0.00682695,0.953264,4900.29,-1701.86</tvs>
        <tsv>1.04897,-0.00751238,0.00751238,1.04897,-5153.06,1748.39</tsv>
      </alignment2d>
    </section-image>
    <section-image>
      <annotated type="boolean">false</annotated>
      <axes nil="true"/>
      <bits-per-component type="integer">8</bits-per-component>
      <data-set-id type="integer">80409540</data-set-id>
      <expression type="boolean" nil="true"/>
      <expression-path>/external/mouse/prod39/0500010914/0500010914_78_expression.aff</expression-path>
      <failed type="boolean">false</failed>
      <height type="integer">6641</height>
      <id type="integer">80296975</id>
      <image-height type="integer">6641</image-height>
      <image-type>Primary</image-type>
      <image-width type="integer">8865</image-width>
      <isi-experiment-id type="integer" nil="true"/>
      <lims1-id type="integer">80296975</lims1-id>
      <number-of-components type="integer">3</number-of-components>
      <ophys-experiment-id type="integer" nil="true"/>
      <path>/external/aibssan/production28/stitch2/0500010914/0500010914_2_zoom.aff</path>
      <projection-function nil="true"/>
      <resolution type="float">1.049</resolution>
      <section-number type="integer">78</section-number>
      <specimen-id type="integer" nil="true"/>
      <structure-id type="integer" nil="true"/>
      <tier-count type="integer">7</tier-count>
      <width type="integer">8865</width>
      <x type="integer">0</x>
      <y type="integer">0</y>
      <alignment2d>
        <id type="integer">172027158</id>
        <tvs>0.953289,0.000478316,-0.000478316,0.953289,-1328.04,-1806.91</tvs>
        <tsv>1.049,-0.000526339,0.000526339,1.049,1392.16,1896.15</tsv>
      </alignment2d>
    </section-image>
    <section-image>
      <annotated type="boolean">false</annotated>
      <axes nil="true"/>
      <bits-per-component type="integer">8</bits-per-component>
      <data-set-id type="integer">80409540</data-set-id>
      <expression type="boolean" nil="true"/>
      <expression-path>/external/mouse/prod39/0500010914/0500010914_86_expression.aff</expression-path>
      <failed type="boolean">false</failed>
      <height type="integer">6625</height>
      <id type="integer">80296977</id>
      <image-height type="integer">6625</image-height>
      <image-type>Primary</image-type>
      <image-width type="integer">8881</image-width>
      <isi-experiment-id type="integer" nil="true"/>
      <lims1-id type="integer">80296977</lims1-id>
      <number-of-components type="integer">3</number-of-components>
      <ophys-experiment-id type="integer" nil="true"/>
      <path>/external/aibssan/production28/stitch2/0500010914/0500010914_3_zoom.aff</path>
      <projection-function nil="true"/>
      <resolution type="float">1.049</resolution>
      <section-number type="integer">86</section-number>
      <specimen-id type="integer" nil="true"/>
      <structure-id type="integer" nil="true"/>
      <tier-count type="integer">7</tier-count>
      <width type="integer">8881</width>
      <x type="integer">0</x>
      <y type="integer">0</y>
      <alignment2d>
        <id type="integer">172027160</id>
        <tvs>0.953265,-0.00671864,0.00671864,0.953265,-1328.76,-1857.88</tvs>
        <tsv>1.04897,0.0073932,-0.0073932,1.04897,1407.57,1939.04</tsv>
      </alignment2d>
    </section-image>
    <section-image>
      <annotated type="boolean">false</annotated>
      <axes nil="true"/>
      <bits-per-component type="integer">8</bits-per-component>
      <data-set-id type="integer">80409540</data-set-id>
      <expression type="boolean" nil="true"/>
      <expression-path>/external/mouse/prod39/0500010914/0500010914_94_expression.aff</expression-path>
      <failed type="boolean">false</failed>
      <height type="integer">6529</height>
      <id type="integer">80296979</id>
      <image-height type="integer">6529</image-height>
      <image-type>Primary</image-type>
      <image-width type="integer">17793</image-width>
      <isi-experiment-id type="integer" nil="true"/>
      <lims1-id type="integer">80296979</lims1-id>
      <number-of-components type="integer">3</number-of-components>
      <ophys-experiment-id type="integer" nil="true"/>
      <path>/external/aibssan/production28/stitch2/0500010914/0500010914_4_zoom.aff</path>
      <projection-function nil="true"/>
      <resolution type="float">1.049</resolution>
      <section-number type="integer">94</section-number>
      <specimen-id type="integer" nil="true"/>
      <structure-id type="integer" nil="true"/>
      <tier-count type="integer">8</tier-count>
      <width type="integer">17793</width>
      <x type="integer">0</x>
      <y type="integer">0</y>
      <alignment2d>
        <id type="integer">172027162</id>
        <tvs>0.953226,-0.0109806,0.0109806,0.953226,5795.11,-1913.2</tvs>
        <tsv>1.04893,0.0120831,-0.0120831,1.04893,-6055.55,2076.84</tsv>
      </alignment2d>
    </section-image>
    <section-image>
      <annotated type="boolean">false</annotated>
      <axes nil="true"/>
      <bits-per-component type="integer">8</bits-per-component>
      <data-set-id type="integer">80409540</data-set-id>
      <expression type="boolean" nil="true"/>
      <expression-path>/external/mouse/prod39/0500010938/0500010938_102_expression.aff</expression-path>
      <failed type="boolean">false</failed>
      <height type="integer">6593</height>
      <id type="integer">80296983</id>
      <image-height type="integer">6593</image-height>
      <image-type>Primary</image-type>
      <image-width type="integer">10113</image-width>
      <isi-experiment-id type="integer" nil="true"/>
      <lims1-id type="integer">80296983</lims1-id>
      <number-of-components type="integer">3</number-of-components>
      <ophys-experiment-id type="integer" nil="true"/>
      <path>/external/aibssan/production28/stitch2/0500010938/0500010938_1_zoom.aff</path>
      <projection-function nil="true"/>
      <resolution type="float">1.049</resolution>
      <section-number type="integer">102</section-number>
      <specimen-id type="integer" nil="true"/>
      <structure-id type="integer" nil="true"/>
      <tier-count type="integer">7</tier-count>
      <width type="integer">10113</width>
      <x type="integer">0</x>
      <y type="integer">0</y>
      <alignment2d>
        <id type="integer">172027164</id>
        <tvs>0.953089,-0.0195402,0.0195402,0.953089,-1099.27,-1969.26</tvs>
        <tsv>1.04878,0.0215021,-0.0215021,1.04878,1195.24,2041.68</tsv>
      </alignment2d>
    </section-image>
    <section-image>
      <annotated type="boolean">false</annotated>
      <axes nil="true"/>
      <bits-per-component type="integer">8</bits-per-component>
      <data-set-id type="integer">80409540</data-set-id>
      <expression type="boolean" nil="true"/>
      <expression-path>/external/mouse/prod39/0500010938/0500010938_110_expression.aff</expression-path>
      <failed type="boolean">false</failed>
      <height type="integer">6609</height>
      <id type="integer">80296985</id>
      <image-height type="integer">6609</image-height>
      <image-type>Primary</image-type>
      <image-width type="integer">10145</image-width>
      <isi-experiment-id type="integer" nil="true"/>
      <lims1-id type="integer">80296985</lims1-id>
      <number-of-components type="integer">3</number-of-components>
      <ophys-experiment-id type="integer" nil="true"/>
      <path>/external/aibssan/production28/stitch2/0500010938/0500010938_2_zoom.aff</path>
      <projection-function nil="true"/>
      <resolution type="float">1.049</resolution>
      <section-number type="integer">110</section-number>
      <specimen-id type="integer" nil="true"/>
      <structure-id type="integer" nil="true"/>
      <tier-count type="integer">7</tier-count>
      <width type="integer">10145</width>
      <x type="integer">0</x>
      <y type="integer">0</y>
      <alignment2d>
        <id type="integer">172027166</id>
        <tvs>0.953122,-0.0178135,0.0178135,0.953122,-819.686,-2030.78</tvs>
        <tsv>1.04882,0.019602,-0.019602,1.04882,899.508,2113.85</tsv>
      </alignment2d>
    </section-image>
    <section-image>
      <annotated type="boolean">false</annotated>
      <axes nil="true"/>
      <bits-per-component type="integer">8</bits-per-component>
      <data-set-id type="integer">80409540</data-set-id>
      <expression type="boolean" nil="true"/>
      <expression-path>/external/mouse/prod39/0500010938/0500010938_118_expression.aff</expression-path>
      <failed type="boolean">false</failed>
      <height type="integer">7553</height>
      <id type="integer">80296987</id>
      <image-height type="integer">7553</image-height>
      <image-type>Primary</image-type>
      <image-width type="integer">10129</image-width>
      <isi-experiment-id type="integer" nil="true"/>
      <lims1-id type="integer">80296987</lims1-id>
      <number-of-components type="integer">3</number-of-components>
      <ophys-experiment-id type="integer" nil="true"/>
      <path>/external/aibssan/production28/stitch2/0500010938/0500010938_3_zoom.aff</path>
      <projection-function nil="true"/>
      <resolution type="float">1.049</resolution>
      <section-number type="integer">118</section-number>
      <specimen-id type="integer" nil="true"/>
      <structure-id type="integer" nil="true"/>
      <tier-count type="integer">7</tier-count>
      <width type="integer">10129</width>
      <x type="integer">0</x>
      <y type="integer">0</y>
      <alignment2d>
        <id type="integer">172027168</id>
        <tvs>0.953235,-0.0101264,0.0101264,0.953235,-736.569,-1540.58</tvs>
        <tsv>1.04894,0.0111431,-0.0111431,1.04894,789.784,1607.77</tsv>
      </alignment2d>
    </section-image>
    <section-image>
      <annotated type="boolean">false</annotated>
      <axes nil="true"/>
      <bits-per-component type="integer">8</bits-per-component>
      <data-set-id type="integer">80409540</data-set-id>
      <expression type="boolean" nil="true"/>
      <expression-path>/external/mouse/prod39/0500010938/0500010938_126_expression.aff</expression-path>
      <failed type="boolean">false</failed>
      <height type="integer">6609</height>
      <id type="integer">80296989</id>
      <image-height type="integer">6609</image-height>
      <image-type>Primary</image-type>
      <image-width type="integer">10129</image-width>
      <isi-experiment-id type="integer" nil="true"/>
      <lims1-id type="integer">80296989</lims1-id>
      <number-of-components type="integer">3</number-of-components>
      <ophys-experiment-id type="integer" nil="true"/>
      <path>/external/aibssan/production28/stitch2/0500010938/0500010938_4_zoom.aff</path>
      <projection-function nil="true"/>
      <resolution type="float">1.049</resolution>
      <section-number type="integer">126</section-number>
      <specimen-id type="integer" nil="true"/>
      <structure-id type="integer" nil="true"/>
      <tier-count type="integer">7</tier-count>
      <width type="integer">10129</width>
      <x type="integer">0</x>
      <y type="integer">0</y>
      <alignment2d>
        <id type="integer">172027170</id>
        <tvs>0.953016,-0.0228207,0.0228207,0.953016,-536.128,-1736.66</tvs>
        <tsv>1.0487,0.025112,-0.025112,1.0487,605.848,1807.77</tsv>
      </alignment2d>
    </section-image>
    <section-image>
      <annotated type="boolean">false</annotated>
      <axes nil="true"/>
      <bits-per-component type="integer">8</bits-per-component>
      <data-set-id type="integer">80409540</data-set-id>
      <expression type="boolean" nil="true"/>
      <expression-path>/external/mouse/prod39/0500010918/0500010918_134_expression.aff</expression-path>
      <failed type="boolean">false</failed>
      <height type="integer">7505</height>
      <id type="integer">80296993</id>
      <image-height type="integer">7505</image-height>
      <image-type>Primary</image-type>
      <image-width type="integer">15185</image-width>
      <isi-experiment-id type="integer" nil="true"/>
      <lims1-id type="integer">80296993</lims1-id>
      <number-of-components type="integer">3</number-of-components>
      <ophys-experiment-id type="integer" nil="true"/>
      <path>/external/aibssan/production28/stitch2/0500010918/0500010918_1_zoom.aff</path>
      <projection-function nil="true"/>
      <resolution type="float">1.049</resolution>
      <section-number type="integer">134</section-number>
      <specimen-id type="integer" nil="true"/>
      <structure-id type="integer" nil="true"/>
      <tier-count type="integer">7</tier-count>
      <width type="integer">15185</width>
      <x type="integer">0</x>
      <y type="integer">0</y>
      <alignment2d>
        <id type="integer">172027172</id>
        <tvs>0.953164,-0.0154003,0.0154003,0.953164,4290.1,-1128.25</tvs>
        <tsv>1.04886,0.0169465,-0.0169465,1.04886,-4480.6,1256.08</tsv>
      </alignment2d>
    </section-image>
    <section-image>
      <annotated type="boolean">false</annotated>
      <axes nil="true"/>
      <bits-per-component type="integer">8</bits-per-component>
      <data-set-id type="integer">80409540</data-set-id>
      <expression type="boolean" nil="true"/>
      <expression-path>/external/mouse/prod39/0500010918/0500010918_142_expression.aff</expression-path>
      <failed type="boolean">false</failed>
      <height type="integer">7537</height>
      <id type="integer">80296995</id>
      <image-height type="integer">7537</image-height>
      <image-type>Primary</image-type>
      <image-width type="integer">11393</image-width>
      <isi-experiment-id type="integer" nil="true"/>
      <lims1-id type="integer">80296995</lims1-id>
      <number-of-components type="integer">3</number-of-components>
      <ophys-experiment-id type="integer" nil="true"/>
      <path>/external/aibssan/production28/stitch2/0500010918/0500010918_2_zoom.aff</path>
      <projection-function nil="true"/>
      <resolution type="float">1.049</resolution>
      <section-number type="integer">142</section-number>
      <specimen-id type="integer" nil="true"/>
      <structure-id type="integer" nil="true"/>
      <tier-count type="integer">7</tier-count>
      <width type="integer">11393</width>
      <x type="integer">0</x>
      <y type="integer">0</y>
      <alignment2d>
        <id type="integer">172027174</id>
        <tvs>0.952908,-0.0269287,0.0269287,0.952908,61.6136,-841.596</tvs>
        <tsv>1.04858,0.0296324,-0.0296324,1.04858,-39.6684,884.308</tsv>
      </alignment2d>
    </section-image>
    <section-image>
      <annotated type="boolean">false</annotated>
      <axes nil="true"/>
      <bits-per-component type="integer">8</bits-per-component>
      <data-set-id type="integer">80409540</data-set-id>
      <expression type="boolean" nil="true"/>
      <expression-path>/external/mouse/prod39/0500010918/0500010918_150_expression.aff</expression-path>
      <failed type="boolean">false</failed>
      <height type="integer">7537</height>
      <id type="integer">80296997</id>
      <image-height type="integer">7537</image-height>
      <image-type>Primary</image-type>
      <image-width type="integer">11393</image-width>
      <isi-experiment-id type="integer" nil="true"/>
      <lims1-id type="integer">80296997</lims1-id>
      <number-of-components type="integer">3</number-of-components>
      <ophys-experiment-id type="integer" nil="true"/>
      <path>/external/aibssan/production28/stitch2/0500010918/0500010918_3_zoom.aff</path>
      <projection-function nil="true"/>
      <resolution type="float">1.049</resolution>
      <section-number type="integer">150</section-number>
      <specimen-id type="integer" nil="true"/>
      <structure-id type="integer" nil="true"/>
      <tier-count type="integer">7</tier-count>
      <width type="integer">11393</width>
      <x type="integer">0</x>
      <y type="integer">0</y>
      <alignment2d>
        <id type="integer">172027176</id>
        <tvs>0.953108,-0.018573,0.018573,0.953108,52.2001,-1207.49</tvs>
        <tsv>1.0488,0.0204378,-0.0204378,1.0488,-30.0691,1267.48</tsv>
      </alignment2d>
    </section-image>
    <section-image>
      <annotated type="boolean">false</annotated>
      <axes nil="true"/>
      <bits-per-component type="integer">8</bits-per-component>
      <data-set-id type="integer">80409540</data-set-id>
      <expression type="boolean" nil="true"/>
      <expression-path>/external/mouse/prod39/0500010918/0500010918_158_expression.aff</expression-path>
      <failed type="boolean">false</failed>
      <height type="integer">9409</height>
      <id type="integer">80296999</id>
      <image-height type="integer">9409</image-height>
      <image-type>Primary</image-type>
      <image-width type="integer">15185</image-width>
      <isi-experiment-id type="integer" nil="true"/>
      <lims1-id type="integer">80296999</lims1-id>
      <number-of-components type="integer">3</number-of-components>
      <ophys-experiment-id type="integer" nil="true"/>
      <path>/external/aibssan/production28/stitch2/0500010918/0500010918_4_zoom.aff</path>
      <projection-function nil="true"/>
      <resolution type="float">1.049</resolution>
      <section-number type="integer">158</section-number>
      <specimen-id type="integer" nil="true"/>
      <structure-id type="integer" nil="true"/>
      <tier-count type="integer">7</tier-count>
      <width type="integer">15185</width>
      <x type="integer">0</x>
      <y type="integer">0</y>
      <alignment2d>
        <id type="integer">172027178</id>
        <tvs>0.953155,-0.0159882,0.0159882,0.953155,4174.25,1601.8</tvs>
        <tsv>1.04885,0.0175935,-0.0175935,1.04885,-4406.35,-1606.61</tsv>
      </alignment2d>
    </section-image>
    <section-image>
      <annotated type="boolean">false</annotated>
      <axes nil="true"/>
      <bits-per-component type="integer">8</bits-per-component>
      <data-set-id type="integer">80409540</data-set-id>
      <expression type="boolean" nil="true"/>
      <expression-path>/external/mouse/prod39/0500010752/0500010752_166_expression.aff</expression-path>
      <failed type="boolean">false</failed>
      <height type="integer">7473</height>
      <id type="integer">80297003</id>
      <image-height type="integer">7473</image-height>
      <image-type>Primary</image-type>
      <image-width type="integer">16433</image-width>
      <isi-experiment-id type="integer" nil="true"/>
      <lims1-id type="integer">80297003</lims1-id>
      <number-of-components type="integer">3</number-of-components>
      <ophys-experiment-id type="integer" nil="true"/>
      <path>/external/aibssan/production28/stitch2/0500010752/0500010752_1_zoom.aff</path>
      <projection-function nil="true"/>
      <resolution type="float">1.049</resolution>
      <section-number type="integer">166</section-number>
      <specimen-id type="integer" nil="true"/>
      <structure-id type="integer" nil="true"/>
      <tier-count type="integer">8</tier-count>
      <width type="integer">16433</width>
      <x type="integer">0</x>
      <y type="integer">0</y>
      <alignment2d>
        <id type="integer">172027180</id>
        <tvs>0.952786,-0.0309601,0.0309601,0.952786,5101.19,-1182.32</tvs>
        <tsv>1.04845,0.0340685,-0.0340685,1.04845,-5308.05,1413.39</tsv>
      </alignment2d>
    </section-image>
    <section-image>
      <annotated type="boolean">false</annotated>
      <axes nil="true"/>
      <bits-per-component type="integer">8</bits-per-component>
      <data-set-id type="integer">80409540</data-set-id>
      <expression type="boolean" nil="true"/>
      <expression-path>/external/mouse/prod39/0500010752/0500010752_174_expression.aff</expression-path>
      <failed type="boolean">false</failed>
      <height type="integer">7537</height>
      <id type="integer">80297005</id>
      <image-height type="integer">7537</image-height>
      <image-type>Primary</image-type>
      <image-width type="integer">11409</image-width>
      <isi-experiment-id type="integer" nil="true"/>
      <lims1-id type="integer">80297005</lims1-id>
      <number-of-components type="integer">3</number-of-components>
      <ophys-experiment-id type="integer" nil="true"/>
      <path>/external/aibssan/production28/stitch2/0500010752/0500010752_2_zoom.aff</path>
      <projection-function nil="true"/>
      <resolution type="float">1.049</resolution>
      <section-number type="integer">174</section-number>
      <specimen-id type="integer" nil="true"/>
      <structure-id type="integer" nil="true"/>
      <tier-count type="integer">7</tier-count>
      <width type="integer">11409</width>
      <x type="integer">0</x>
      <y type="integer">0</y>
      <alignment2d>
        <id type="integer">172027182</id>
        <tvs>0.953024,-0.0224485,0.0224485,0.953024,122.025,-1097.13</tvs>
        <tsv>1.04871,0.0247024,-0.0247024,1.04871,-100.867,1153.59</tsv>
      </alignment2d>
    </section-image>
    <section-image>
      <annotated type="boolean">false</annotated>
      <axes nil="true"/>
      <bits-per-component type="integer">8</bits-per-component>
      <data-set-id type="integer">80409540</data-set-id>
      <expression type="boolean" nil="true"/>
      <expression-path>/external/mouse/prod39/0500010752/0500010752_182_expression.aff</expression-path>
      <failed type="boolean">false</failed>
      <height type="integer">7521</height>
      <id type="integer">80297007</id>
      <image-height type="integer">7521</image-height>
      <image-type>Primary</image-type>
      <image-width type="integer">11377</image-width>
      <isi-experiment-id type="integer" nil="true"/>
      <lims1-id type="integer">80297007</lims1-id>
      <number-of-components type="integer">3</number-of-components>
      <ophys-experiment-id type="integer" nil="true"/>
      <path>/external/aibssan/production28/stitch2/0500010752/0500010752_3_zoom.aff</path>
      <projection-function nil="true"/>
      <resolution type="float">1.049</resolution>
      <section-number type="integer">182</section-number>
      <specimen-id type="integer" nil="true"/>
      <structure-id type="integer" nil="true"/>
      <tier-count type="integer">7</tier-count>
      <width type="integer">11377</width>
      <x type="integer">0</x>
      <y type="integer">0</y>
      <alignment2d>
        <id type="integer">172027184</id>
        <tvs>0.952773,-0.0313417,0.0313417,0.952773,56.3892,-399.136</tvs>
        <tsv>1.04843,0.0344885,-0.0344885,1.04843,-45.3547,420.412</tsv>
      </alignment2d>
    </section-image>
    <section-image>
      <annotated type="boolean">false</annotated>
      <axes nil="true"/>
      <bits-per-component type="integer">8</bits-per-component>
      <data-set-id type="integer">80409540</data-set-id>
      <expression type="boolean" nil="true"/>
      <expression-path>/external/mouse/prod39/0500010752/0500010752_190_expression.aff</expression-path>
      <failed type="boolean">false</failed>
      <height type="integer">7521</height>
      <id type="integer">80297009</id>
      <image-height type="integer">7521</image-height>
      <image-type>Primary</image-type>
      <image-width type="integer">11425</image-width>
      <isi-experiment-id type="integer" nil="true"/>
      <lims1-id type="integer">80297009</lims1-id>
      <number-of-components type="integer">3</number-of-components>
      <ophys-experiment-id type="integer" nil="true"/>
      <path>/external/aibssan/production28/stitch2/0500010752/0500010752_4_zoom.aff</path>
      <projection-function nil="true"/>
      <resolution type="float">1.049</resolution>
      <section-number type="integer">190</section-number>
      <specimen-id type="integer" nil="true"/>
      <structure-id type="integer" nil="true"/>
      <tier-count type="integer">7</tier-count>
      <width type="integer">11425</width>
      <x type="integer">0</x>
      <y type="integer">0</y>
      <alignment2d>
        <id type="integer">172027186</id>
        <tvs>0.952175,-0.0460689,0.0460689,0.952175,216.636,-1275.71</tvs>
        <tsv>1.04777,0.0506942,-0.0506942,1.04777,-162.315,1347.64</tsv>
      </alignment2d>
    </section-image>
    <section-image>
      <annotated type="boolean">false</annotated>
      <axes nil="true"/>
      <bits-per-component type="integer">8</bits-per-component>
      <data-set-id type="integer">80409540</data-set-id>
      <expression type="boolean" nil="true"/>
      <expression-path>/external/mouse/prod39/0500010776/0500010776_198_expression.aff</expression-path>
      <failed type="boolean">false</failed>
      <height type="integer">7649</height>
      <id type="integer">80297013</id>
      <image-height type="integer">7649</image-height>
      <image-type>Primary</image-type>
      <image-width type="integer">15489</image-width>
      <isi-experiment-id type="integer" nil="true"/>
      <lims1-id type="integer">80297013</lims1-id>
      <number-of-components type="integer">3</number-of-components>
      <ophys-experiment-id type="integer" nil="true"/>
      <path>/external/aibssan/production28/stitch3/0500010776/0500010776_1_zoom.aff</path>
      <projection-function nil="true"/>
      <resolution type="float">1.049</resolution>
      <section-number type="integer">198</section-number>
      <specimen-id type="integer" nil="true"/>
      <structure-id type="integer" nil="true"/>
      <tier-count type="integer">7</tier-count>
      <width type="integer">15489</width>
      <x type="integer">0</x>
      <y type="integer">0</y>
      <alignment2d>
        <id type="integer">172027188</id>
        <tvs>0.952768,-0.0315112,0.0315112,0.952768,4519.34,-1391.86</tvs>
        <tsv>1.04843,0.0346749,-0.0346749,1.04843,-4689.93,1615.97</tsv>
      </alignment2d>
    </section-image>
    <section-image>
      <annotated type="boolean">false</annotated>
      <axes nil="true"/>
      <bits-per-component type="integer">8</bits-per-component>
      <data-set-id type="integer">80409540</data-set-id>
      <expression type="boolean" nil="true"/>
      <expression-path>/external/mouse/prod39/0500010776/0500010776_206_expression.aff</expression-path>
      <failed type="boolean">false</failed>
      <height type="integer">7649</height>
      <id type="integer">80297015</id>
      <image-height type="integer">7649</image-height>
      <image-type>Primary</image-type>
      <image-width type="integer">11425</image-width>
      <isi-experiment-id type="integer" nil="true"/>
      <lims1-id type="integer">80297015</lims1-id>
      <number-of-components type="integer">3</number-of-components>
      <ophys-experiment-id type="integer" nil="true"/>
      <path>/external/aibssan/production28/stitch3/0500010776/0500010776_2_zoom.aff</path>
      <projection-function nil="true"/>
      <resolution type="float">1.049</resolution>
      <section-number type="integer">206</section-number>
      <specimen-id type="integer" nil="true"/>
      <structure-id type="integer" nil="true"/>
      <tier-count type="integer">7</tier-count>
      <width type="integer">11425</width>
      <x type="integer">0</x>
      <y type="integer">0</y>
      <alignment2d>
        <id type="integer">172027190</id>
        <tvs>0.952574,-0.0368995,0.0368995,0.952574,549.326,-1173.87</tvs>
        <tsv>1.04821,0.0406043,-0.0406043,1.04821,-528.147,1252.77</tsv>
      </alignment2d>
    </section-image>
    <section-image>
      <annotated type="boolean">false</annotated>
      <axes nil="true"/>
      <bits-per-component type="integer">8</bits-per-component>
      <data-set-id type="integer">80409540</data-set-id>
      <expression type="boolean" nil="true"/>
      <expression-path>/external/mouse/prod39/0500010776/0500010776_214_expression.aff</expression-path>
      <failed type="boolean">false</failed>
      <height type="integer">7649</height>
      <id type="integer">80297017</id>
      <image-height type="integer">7649</image-height>
      <image-type>Primary</image-type>
      <image-width type="integer">11425</image-width>
      <isi-experiment-id type="integer" nil="true"/>
      <lims1-id type="integer">80297017</lims1-id>
      <number-of-components type="integer">3</number-of-components>
      <ophys-experiment-id type="integer" nil="true"/>
      <path>/external/aibssan/production28/stitch3/0500010776/0500010776_3_zoom.aff</path>
      <projection-function nil="true"/>
      <resolution type="float">1.049</resolution>
      <section-number type="integer">214</section-number>
      <specimen-id type="integer" nil="true"/>
      <structure-id type="integer" nil="true"/>
      <tier-count type="integer">7</tier-count>
      <width type="integer">11425</width>
      <x type="integer">0</x>
      <y type="integer">0</y>
      <alignment2d>
        <id type="integer">172027192</id>
        <tvs>0.951933,-0.0508166,0.0508166,0.951933,556.531,-1358.5</tvs>
        <tsv>1.04751,0.0559186,-0.0559186,1.04751,-507.005,1454.16</tsv>
      </alignment2d>
    </section-image>
    <section-image>
      <annotated type="boolean">false</annotated>
      <axes nil="true"/>
      <bits-per-component type="integer">8</bits-per-component>
      <data-set-id type="integer">80409540</data-set-id>
      <expression type="boolean" nil="true"/>
      <expression-path>/external/mouse/prod39/0500010776/0500010776_222_expression.aff</expression-path>
      <failed type="boolean">false</failed>
      <height type="integer">8593</height>
      <id type="integer">80297019</id>
      <image-height type="integer">8593</image-height>
      <image-type>Primary</image-type>
      <image-width type="integer">11457</image-width>
      <isi-experiment-id type="integer" nil="true"/>
      <lims1-id type="integer">80297019</lims1-id>
      <number-of-components type="integer">3</number-of-components>
      <ophys-experiment-id type="integer" nil="true"/>
      <path>/external/aibssan/production28/stitch3/0500010776/0500010776_4_zoom.aff</path>
      <projection-function nil="true"/>
      <resolution type="float">1.049</resolution>
      <section-number type="integer">222</section-number>
      <specimen-id type="integer" nil="true"/>
      <structure-id type="integer" nil="true"/>
      <tier-count type="integer">7</tier-count>
      <width type="integer">11457</width>
      <x type="integer">0</x>
      <y type="integer">0</y>
      <alignment2d>
        <id type="integer">172027194</id>
        <tvs>0.952267,-0.044125,0.044125,0.952267,543.54,-602.876</tvs>
        <tsv>1.04788,0.0485552,-0.0485552,1.04788,-540.289,658.13</tsv>
      </alignment2d>
    </section-image>
    <section-image>
      <annotated type="boolean">false</annotated>
      <axes nil="true"/>
      <bits-per-component type="integer">8</bits-per-component>
      <data-set-id type="integer">80409540</data-set-id>
      <expression type="boolean" nil="true"/>
      <expression-path>/external/mouse/prod39/0500010756/0500010756_230_expression.aff</expression-path>
      <failed type="boolean">false</failed>
      <height type="integer">6593</height>
      <id type="integer">80297023</id>
      <image-height type="integer">6593</image-height>
      <image-type>Primary</image-type>
      <image-width type="integer">11425</image-width>
      <isi-experiment-id type="integer" nil="true"/>
      <lims1-id type="integer">80297023</lims1-id>
      <number-of-components type="integer">3</number-of-components>
      <ophys-experiment-id type="integer" nil="true"/>
      <path>/external/aibssan/production28/stitch2/0500010756/0500010756_1_zoom.aff</path>
      <projection-function nil="true"/>
      <resolution type="float">1.049</resolution>
      <section-number type="integer">230</section-number>
      <specimen-id type="integer" nil="true"/>
      <structure-id type="integer" nil="true"/>
      <tier-count type="integer">7</tier-count>
      <width type="integer">11425</width>
      <x type="integer">0</x>
      <y type="integer">0</y>
      <alignment2d>
        <id type="integer">172027196</id>
        <tvs>0.953132,-0.017294,0.017294,0.953132,38.9931,-1247.82</tvs>
        <tsv>1.04883,0.0190304,-0.0190304,1.04883,-17.1504,1309.49</tsv>
      </alignment2d>
    </section-image>
    <section-image>
      <annotated type="boolean">false</annotated>
      <axes nil="true"/>
      <bits-per-component type="integer">8</bits-per-component>
      <data-set-id type="integer">80409540</data-set-id>
      <expression type="boolean" nil="true"/>
      <expression-path>/external/mouse/prod39/0500010756/0500010756_238_expression.aff</expression-path>
      <failed type="boolean">false</failed>
      <height type="integer">7553</height>
      <id type="integer">80297025</id>
      <image-height type="integer">7553</image-height>
      <image-type>Primary</image-type>
      <image-width type="integer">11361</image-width>
      <isi-experiment-id type="integer" nil="true"/>
      <lims1-id type="integer">80297025</lims1-id>
      <number-of-components type="integer">3</number-of-components>
      <ophys-experiment-id type="integer" nil="true"/>
      <path>/external/aibssan/production28/stitch2/0500010756/0500010756_2_zoom.aff</path>
      <projection-function nil="true"/>
      <resolution type="float">1.049</resolution>
      <section-number type="integer">238</section-number>
      <specimen-id type="integer" nil="true"/>
      <structure-id type="integer" nil="true"/>
      <tier-count type="integer">7</tier-count>
      <width type="integer">11361</width>
      <x type="integer">0</x>
      <y type="integer">0</y>
      <alignment2d>
        <id type="integer">172027198</id>
        <tvs>0.952572,-0.0369598,0.0369598,0.952572,127.299,-1340.07</tvs>
        <tsv>1.04821,0.0406706,-0.0406706,1.04821,-78.9351,1409.85</tsv>
      </alignment2d>
    </section-image>
    <section-image>
      <annotated type="boolean">false</annotated>
      <axes nil="true"/>
      <bits-per-component type="integer">8</bits-per-component>
      <data-set-id type="integer">80409540</data-set-id>
      <expression type="boolean" nil="true"/>
      <expression-path>/external/mouse/prod39/0500010756/0500010756_246_expression.aff</expression-path>
      <failed type="boolean">false</failed>
      <height type="integer">7537</height>
      <id type="integer">80297027</id>
      <image-height type="integer">7537</image-height>
      <image-type>Primary</image-type>
      <image-width type="integer">11409</image-width>
      <isi-experiment-id type="integer" nil="true"/>
      <lims1-id type="integer">80297027</lims1-id>
      <number-of-components type="integer">3</number-of-components>
      <ophys-experiment-id type="integer" nil="true"/>
      <path>/external/aibssan/production28/stitch2/0500010756/0500010756_3_zoom.aff</path>
      <projection-function nil="true"/>
      <resolution type="float">1.049</resolution>
      <section-number type="integer">246</section-number>
      <specimen-id type="integer" nil="true"/>
      <structure-id type="integer" nil="true"/>
      <tier-count type="integer">7</tier-count>
      <width type="integer">11409</width>
      <x type="integer">0</x>
      <y type="integer">0</y>
      <alignment2d>
        <id type="integer">172027200</id>
        <tvs>0.952201,-0.0455334,0.0455334,0.952201,105.377,-1451.35</tvs>
        <tsv>1.0478,0.050105,-0.050105,1.0478,-37.694,1526.01</tsv>
      </alignment2d>
    </section-image>
    <section-image>
      <annotated type="boolean">false</annotated>
      <axes nil="true"/>
      <bits-per-component type="integer">8</bits-per-component>
      <data-set-id type="integer">80409540</data-set-id>
      <expression type="boolean" nil="true"/>
      <expression-path>/external/mouse/prod39/0500010756/0500010756_254_expression.aff</expression-path>
      <failed type="boolean">false</failed>
      <height type="integer">7521</height>
      <id type="integer">80297029</id>
      <image-height type="integer">7521</image-height>
      <image-type>Primary</image-type>
      <image-width type="integer">11409</image-width>
      <isi-experiment-id type="integer" nil="true"/>
      <lims1-id type="integer">80297029</lims1-id>
      <number-of-components type="integer">3</number-of-components>
      <ophys-experiment-id type="integer" nil="true"/>
      <path>/external/aibssan/production28/stitch2/0500010756/0500010756_4_zoom.aff</path>
      <projection-function nil="true"/>
      <resolution type="float">1.049</resolution>
      <section-number type="integer">254</section-number>
      <specimen-id type="integer" nil="true"/>
      <structure-id type="integer" nil="true"/>
      <tier-count type="integer">7</tier-count>
      <width type="integer">11409</width>
      <x type="integer">0</x>
      <y type="integer">0</y>
      <alignment2d>
        <id type="integer">172027202</id>
        <tvs>0.951778,-0.0536421,0.0536421,0.951778,229.329,-1469.1</tvs>
        <tsv>1.04734,0.0590279,-0.0590279,1.04734,-153.468,1552.18</tsv>
      </alignment2d>
    </section-image>
    <section-image>
      <annotated type="boolean">false</annotated>
      <axes nil="true"/>
      <bits-per-component type="integer">8</bits-per-component>
      <data-set-id type="integer">80409540</data-set-id>
      <expression type="boolean" nil="true"/>
      <expression-path>/external/mouse/prod39/0500010780/0500010780_262_expression.aff</expression-path>
      <failed type="boolean">false</failed>
      <height type="integer">9569</height>
      <id type="integer">80297033</id>
      <image-height type="integer">9569</image-height>
      <image-type>Primary</image-type>
      <image-width type="integer">14065</image-width>
      <isi-experiment-id type="integer" nil="true"/>
      <lims1-id type="integer">80297033</lims1-id>
      <number-of-components type="integer">3</number-of-components>
      <ophys-experiment-id type="integer" nil="true"/>
      <path>/external/aibssan/production28/stitch2/0500010780/0500010780_1_zoom.aff</path>
      <projection-function nil="true"/>
      <resolution type="float">1.049</resolution>
      <section-number type="integer">262</section-number>
      <specimen-id type="integer" nil="true"/>
      <structure-id type="integer" nil="true"/>
      <tier-count type="integer">7</tier-count>
      <width type="integer">14065</width>
      <x type="integer">0</x>
      <y type="integer">0</y>
      <alignment2d>
        <id type="integer">172027204</id>
        <tvs>0.952484,-0.0391687,0.0391687,0.952484,3157.82,1406.19</tvs>
        <tsv>1.04811,0.0431013,-0.0431013,1.04811,-3370.36,-1337.74</tsv>
      </alignment2d>
    </section-image>
    <section-image>
      <annotated type="boolean">false</annotated>
      <axes nil="true"/>
      <bits-per-component type="integer">8</bits-per-component>
      <data-set-id type="integer">80409540</data-set-id>
      <expression type="boolean" nil="true"/>
      <expression-path>/external/mouse/prod39/0500010780/0500010780_270_expression.aff</expression-path>
      <failed type="boolean">false</failed>
      <height type="integer">7665</height>
      <id type="integer">80297035</id>
      <image-height type="integer">7665</image-height>
      <image-type>Primary</image-type>
      <image-width type="integer">11553</image-width>
      <isi-experiment-id type="integer" nil="true"/>
      <lims1-id type="integer">80297035</lims1-id>
      <number-of-components type="integer">3</number-of-components>
      <ophys-experiment-id type="integer" nil="true"/>
      <path>/external/aibssan/production28/stitch2/0500010780/0500010780_2_zoom.aff</path>
      <projection-function nil="true"/>
      <resolution type="float">1.049</resolution>
      <section-number type="integer">270</section-number>
      <specimen-id type="integer" nil="true"/>
      <structure-id type="integer" nil="true"/>
      <tier-count type="integer">7</tier-count>
      <width type="integer">11553</width>
      <x type="integer">0</x>
      <y type="integer">0</y>
      <alignment2d>
        <id type="integer">172027206</id>
        <tvs>0.952583,-0.0366729,0.0366729,0.952583,164.543,-484.942</tvs>
        <tsv>1.04822,0.0403549,-0.0403549,1.04822,-152.908,514.967</tsv>
      </alignment2d>
    </section-image>
    <section-image>
      <annotated type="boolean">false</annotated>
      <axes nil="true"/>
      <bits-per-component type="integer">8</bits-per-component>
      <data-set-id type="integer">80409540</data-set-id>
      <expression type="boolean" nil="true"/>
      <expression-path>/external/mouse/prod39/0500010780/0500010780_278_expression.aff</expression-path>
      <failed type="boolean">false</failed>
      <height type="integer">7697</height>
      <id type="integer">80297037</id>
      <image-height type="integer">7697</image-height>
      <image-type>Primary</image-type>
      <image-width type="integer">11537</image-width>
      <isi-experiment-id type="integer" nil="true"/>
      <lims1-id type="integer">80297037</lims1-id>
      <number-of-components type="integer">3</number-of-components>
      <ophys-experiment-id type="integer" nil="true"/>
      <path>/external/aibssan/production28/stitch2/0500010780/0500010780_3_zoom.aff</path>
      <projection-function nil="true"/>
      <resolution type="float">1.049</resolution>
      <section-number type="integer">278</section-number>
      <specimen-id type="integer" nil="true"/>
      <structure-id type="integer" nil="true"/>
      <tier-count type="integer">7</tier-count>
      <width type="integer">11537</width>
      <x type="integer">0</x>
      <y type="integer">0</y>
      <alignment2d>
        <id type="integer">172027208</id>
        <tvs>0.952366,-0.041925,0.041925,0.952366,221.569,-682.093</tvs>
        <tsv>1.04799,0.0461343,-0.0461343,1.04799,-200.733,725.046</tsv>
      </alignment2d>
    </section-image>
    <section-image>
      <annotated type="boolean">false</annotated>
      <axes nil="true"/>
      <bits-per-component type="integer">8</bits-per-component>
      <data-set-id type="integer">80409540</data-set-id>
      <expression type="boolean" nil="true"/>
      <expression-path>/external/mouse/prod39/0500010780/0500010780_286_expression.aff</expression-path>
      <failed type="boolean">false</failed>
      <height type="integer">7665</height>
      <id type="integer">80297039</id>
      <image-height type="integer">7665</image-height>
      <image-type>Primary</image-type>
      <image-width type="integer">10273</image-width>
      <isi-experiment-id type="integer" nil="true"/>
      <lims1-id type="integer">80297039</lims1-id>
      <number-of-components type="integer">3</number-of-components>
      <ophys-experiment-id type="integer" nil="true"/>
      <path>/external/aibssan/production28/stitch2/0500010780/0500010780_4_zoom.aff</path>
      <projection-function nil="true"/>
      <resolution type="float">1.049</resolution>
      <section-number type="integer">286</section-number>
      <specimen-id type="integer" nil="true"/>
      <structure-id type="integer" nil="true"/>
      <tier-count type="integer">7</tier-count>
      <width type="integer">10273</width>
      <x type="integer">0</x>
      <y type="integer">0</y>
      <alignment2d>
        <id type="integer">172027210</id>
        <tvs>0.952738,-0.0323939,0.0323939,0.952738,-407.542,-1392.04</tvs>
        <tsv>1.04839,0.0356463,-0.0356463,1.04839,476.885,1444.88</tsv>
      </alignment2d>
    </section-image>
    <section-image>
      <annotated type="boolean">false</annotated>
      <axes nil="true"/>
      <bits-per-component type="integer">8</bits-per-component>
      <data-set-id type="integer">80409540</data-set-id>
      <expression type="boolean" nil="true"/>
      <expression-path>/external/mouse/prod39/0500010760/0500010760_294_expression.aff</expression-path>
      <failed type="boolean">false</failed>
      <height type="integer">7681</height>
      <id type="integer">80297043</id>
      <image-height type="integer">7681</image-height>
      <image-type>Primary</image-type>
      <image-width type="integer">17953</image-width>
      <isi-experiment-id type="integer" nil="true"/>
      <lims1-id type="integer">80297043</lims1-id>
      <number-of-components type="integer">3</number-of-components>
      <ophys-experiment-id type="integer" nil="true"/>
      <path>/external/aibssan/production28/stitch2/0500010760/0500010760_1_zoom.aff</path>
      <projection-function nil="true"/>
      <resolution type="float">1.049</resolution>
      <section-number type="integer">294</section-number>
      <specimen-id type="integer" nil="true"/>
      <structure-id type="integer" nil="true"/>
      <tier-count type="integer">8</tier-count>
      <width type="integer">17953</width>
      <x type="integer">0</x>
      <y type="integer">0</y>
      <alignment2d>
        <id type="integer">172027212</id>
        <tvs>0.952423,-0.0406167,0.0406167,0.952423,5197.43,-1013.73</tvs>
        <tsv>1.04805,0.0446946,-0.0446946,1.04805,-5401.84,1294.73</tsv>
      </alignment2d>
    </section-image>
    <section-image>
      <annotated type="boolean">false</annotated>
      <axes nil="true"/>
      <bits-per-component type="integer">8</bits-per-component>
      <data-set-id type="integer">80409540</data-set-id>
      <expression type="boolean" nil="true"/>
      <expression-path>/external/mouse/prod39/0500010760/0500010760_302_expression.aff</expression-path>
      <failed type="boolean">false</failed>
      <height type="integer">6721</height>
      <id type="integer">80297045</id>
      <image-height type="integer">6721</image-height>
      <image-type>Primary</image-type>
      <image-width type="integer">10241</image-width>
      <isi-experiment-id type="integer" nil="true"/>
      <lims1-id type="integer">80297045</lims1-id>
      <number-of-components type="integer">3</number-of-components>
      <ophys-experiment-id type="integer" nil="true"/>
      <path>/external/aibssan/production28/stitch2/0500010760/0500010760_2_zoom.aff</path>
      <projection-function nil="true"/>
      <resolution type="float">1.049</resolution>
      <section-number type="integer">302</section-number>
      <specimen-id type="integer" nil="true"/>
      <structure-id type="integer" nil="true"/>
      <tier-count type="integer">7</tier-count>
      <width type="integer">10241</width>
      <x type="integer">0</x>
      <y type="integer">0</y>
      <alignment2d>
        <id type="integer">172027214</id>
        <tvs>0.95273,-0.0326276,0.0326276,0.95273,-538.649,-1491.09</tvs>
        <tsv>1.04839,0.0359034,-0.0359034,1.04839,618.247,1543.9</tsv>
      </alignment2d>
    </section-image>
    <section-image>
      <annotated type="boolean">false</annotated>
      <axes nil="true"/>
      <bits-per-component type="integer">8</bits-per-component>
      <data-set-id type="integer">80409540</data-set-id>
      <expression type="boolean" nil="true"/>
      <expression-path>/external/mouse/prod39/0500010760/0500010760_310_expression.aff</expression-path>
      <failed type="boolean">false</failed>
      <height type="integer">7681</height>
      <id type="integer">80297047</id>
      <image-height type="integer">7681</image-height>
      <image-type>Primary</image-type>
      <image-width type="integer">10257</image-width>
      <isi-experiment-id type="integer" nil="true"/>
      <lims1-id type="integer">80297047</lims1-id>
      <number-of-components type="integer">3</number-of-components>
      <ophys-experiment-id type="integer" nil="true"/>
      <path>/external/aibssan/production28/stitch2/0500010760/0500010760_3_zoom.aff</path>
      <projection-function nil="true"/>
      <resolution type="float">1.049</resolution>
      <section-number type="integer">310</section-number>
      <specimen-id type="integer" nil="true"/>
      <structure-id type="integer" nil="true"/>
      <tier-count type="integer">7</tier-count>
      <width type="integer">10257</width>
      <x type="integer">0</x>
      <y type="integer">0</y>
      <alignment2d>
        <id type="integer">172027216</id>
        <tvs>0.952941,-0.0257677,0.0257677,0.952941,-281.022,-1336.17</tvs>
        <tsv>1.04862,0.0283548,-0.0283548,1.04862,332.571,1393.16</tsv>
      </alignment2d>
    </section-image>
    <section-image>
      <annotated type="boolean">false</annotated>
      <axes nil="true"/>
      <bits-per-component type="integer">8</bits-per-component>
      <data-set-id type="integer">80409540</data-set-id>
      <expression type="boolean" nil="true"/>
      <expression-path>/external/mouse/prod39/0500010760/0500010760_318_expression.aff</expression-path>
      <failed type="boolean">false</failed>
      <height type="integer">7665</height>
      <id type="integer">80297049</id>
      <image-height type="integer">7665</image-height>
      <image-type>Primary</image-type>
      <image-width type="integer">10257</image-width>
      <isi-experiment-id type="integer" nil="true"/>
      <lims1-id type="integer">80297049</lims1-id>
      <number-of-components type="integer">3</number-of-components>
      <ophys-experiment-id type="integer" nil="true"/>
      <path>/external/aibssan/production28/stitch2/0500010760/0500010760_4_zoom.aff</path>
      <projection-function nil="true"/>
      <resolution type="float">1.049</resolution>
      <section-number type="integer">318</section-number>
      <specimen-id type="integer" nil="true"/>
      <structure-id type="integer" nil="true"/>
      <tier-count type="integer">7</tier-count>
      <width type="integer">10257</width>
      <x type="integer">0</x>
      <y type="integer">0</y>
      <alignment2d>
        <id type="integer">172027218</id>
        <tvs>0.952369,-0.0418569,0.0418569,0.952369,-555.3,-1496.91</tvs>
        <tsv>1.04799,0.0460594,-0.0460594,1.04799,650.894,1543.17</tsv>
      </alignment2d>
    </section-image>
    <section-image>
      <annotated type="boolean">false</annotated>
      <axes nil="true"/>
      <bits-per-component type="integer">8</bits-per-component>
      <data-set-id type="integer">80409540</data-set-id>
      <expression type="boolean" nil="true"/>
      <expression-path>/external/mouse/prod39/0500010784/0500010784_326_expression.aff</expression-path>
      <failed type="boolean">false</failed>
      <height type="integer">8593</height>
      <id type="integer">80297053</id>
      <image-height type="integer">8593</image-height>
      <image-type>Primary</image-type>
      <image-width type="integer">14129</image-width>
      <isi-experiment-id type="integer" nil="true"/>
      <lims1-id type="integer">80297053</lims1-id>
      <number-of-components type="integer">3</number-of-components>
      <ophys-experiment-id type="integer" nil="true"/>
      <path>/external/aibssan/production28/stitch3/0500010784/0500010784_1_zoom.aff</path>
      <projection-function nil="true"/>
      <resolution type="float">1.049</resolution>
      <section-number type="integer">326</section-number>
      <specimen-id type="integer" nil="true"/>
      <structure-id type="integer" nil="true"/>
      <tier-count type="integer">7</tier-count>
      <width type="integer">14129</width>
      <x type="integer">0</x>
      <y type="integer">0</y>
      <alignment2d>
        <id type="integer">172027220</id>
        <tvs>0.952689,-0.0338116,0.0338116,0.952689,3696.89,-1006.61</tvs>
        <tsv>1.04834,0.0372063,-0.0372063,1.04834,-3838.14,1192.82</tsv>
      </alignment2d>
    </section-image>
    <section-image>
      <annotated type="boolean">false</annotated>
      <axes nil="true"/>
      <bits-per-component type="integer">8</bits-per-component>
      <data-set-id type="integer">80409540</data-set-id>
      <expression type="boolean" nil="true"/>
      <expression-path>/external/mouse/prod39/0500010784/0500010784_334_expression.aff</expression-path>
      <failed type="boolean">false</failed>
      <height type="integer">7665</height>
      <id type="integer">80297055</id>
      <image-height type="integer">7665</image-height>
      <image-type>Primary</image-type>
      <image-width type="integer">10161</image-width>
      <isi-experiment-id type="integer" nil="true"/>
      <lims1-id type="integer">80297055</lims1-id>
      <number-of-components type="integer">3</number-of-components>
      <ophys-experiment-id type="integer" nil="true"/>
      <path>/external/aibssan/production28/stitch3/0500010784/0500010784_2_zoom.aff</path>
      <projection-function nil="true"/>
      <resolution type="float">1.049</resolution>
      <section-number type="integer">334</section-number>
      <specimen-id type="integer" nil="true"/>
      <structure-id type="integer" nil="true"/>
      <tier-count type="integer">7</tier-count>
      <width type="integer">10161</width>
      <x type="integer">0</x>
      <y type="integer">0</y>
      <alignment2d>
        <id type="integer">172027222</id>
        <tvs>0.952625,-0.0355749,0.0355749,0.952625,-269.591,-1084.37</tvs>
        <tsv>1.04827,0.0391467,-0.0391467,1.04827,325.053,1126.16</tsv>
      </alignment2d>
    </section-image>
    <section-image>
      <annotated type="boolean">false</annotated>
      <axes nil="true"/>
      <bits-per-component type="integer">8</bits-per-component>
      <data-set-id type="integer">80409540</data-set-id>
      <expression type="boolean" nil="true"/>
      <expression-path>/external/mouse/prod39/0500010784/0500010784_342_expression.aff</expression-path>
      <failed type="boolean">false</failed>
      <height type="integer">6721</height>
      <id type="integer">80297057</id>
      <image-height type="integer">6721</image-height>
      <image-type>Primary</image-type>
      <image-width type="integer">8881</image-width>
      <isi-experiment-id type="integer" nil="true"/>
      <lims1-id type="integer">80297057</lims1-id>
      <number-of-components type="integer">3</number-of-components>
      <ophys-experiment-id type="integer" nil="true"/>
      <path>/external/aibssan/production28/stitch3/0500010784/0500010784_3_zoom.aff</path>
      <projection-function nil="true"/>
      <resolution type="float">1.049</resolution>
      <section-number type="integer">342</section-number>
      <specimen-id type="integer" nil="true"/>
      <structure-id type="integer" nil="true"/>
      <tier-count type="integer">7</tier-count>
      <width type="integer">8881</width>
      <x type="integer">0</x>
      <y type="integer">0</y>
      <alignment2d>
        <id type="integer">172027224</id>
        <tvs>0.952856,-0.0287331,0.0287331,0.952856,-892.114,-2034.77</tvs>
        <tsv>1.04852,0.0316179,-0.0316179,1.04852,999.737,2105.29</tsv>
      </alignment2d>
    </section-image>
    <section-image>
      <annotated type="boolean">false</annotated>
      <axes nil="true"/>
      <bits-per-component type="integer">8</bits-per-component>
      <data-set-id type="integer">80409540</data-set-id>
      <expression type="boolean" nil="true"/>
      <expression-path>/external/mouse/prod39/0500010784/0500010784_350_expression.aff</expression-path>
      <failed type="boolean">false</failed>
      <height type="integer">6689</height>
      <id type="integer">80297059</id>
      <image-height type="integer">6689</image-height>
      <image-type>Primary</image-type>
      <image-width type="integer">8929</image-width>
      <isi-experiment-id type="integer" nil="true"/>
      <lims1-id type="integer">80297059</lims1-id>
      <number-of-components type="integer">3</number-of-components>
      <ophys-experiment-id type="integer" nil="true"/>
      <path>/external/aibssan/production28/stitch3/0500010784/0500010784_4_zoom.aff</path>
      <projection-function nil="true"/>
      <resolution type="float">1.049</resolution>
      <section-number type="integer">350</section-number>
      <specimen-id type="integer" nil="true"/>
      <structure-id type="integer" nil="true"/>
      <tier-count type="integer">7</tier-count>
      <width type="integer">8929</width>
      <x type="integer">0</x>
      <y type="integer">0</y>
      <alignment2d>
        <id type="integer">172027226</id>
        <tvs>0.952884,-0.0277783,0.0277783,0.952884,-890.168,-1980.93</tvs>
        <tsv>1.04855,0.0305672,-0.0305672,1.04855,993.941,2049.9</tsv>
      </alignment2d>
    </section-image>
    <section-image>
      <annotated type="boolean">false</annotated>
      <axes nil="true"/>
      <bits-per-component type="integer">8</bits-per-component>
      <data-set-id type="integer">80409540</data-set-id>
      <expression type="boolean" nil="true"/>
      <expression-path>/external/mouse/prod39/0500010764/0500010764_358_expression.aff</expression-path>
      <failed type="boolean">false</failed>
      <height type="integer">7681</height>
      <id type="integer">80297063</id>
      <image-height type="integer">7681</image-height>
      <image-type>Primary</image-type>
      <image-width type="integer">10241</image-width>
      <isi-experiment-id type="integer" nil="true"/>
      <lims1-id type="integer">80297063</lims1-id>
      <number-of-components type="integer">3</number-of-components>
      <ophys-experiment-id type="integer" nil="true"/>
      <path>/external/aibssan/production28/stitch2/0500010764/0500010764_1_zoom.aff</path>
      <projection-function nil="true"/>
      <resolution type="float">1.049</resolution>
      <section-number type="integer">358</section-number>
      <specimen-id type="integer" nil="true"/>
      <structure-id type="integer" nil="true"/>
      <tier-count type="integer">7</tier-count>
      <width type="integer">10241</width>
      <x type="integer">0</x>
      <y type="integer">0</y>
      <alignment2d>
        <id type="integer">172027228</id>
        <tvs>0.953178,-0.0145111,0.0145111,0.953178,-162.937,-906.557</tvs>
        <tsv>1.04888,0.015968,-0.015968,1.04888,185.377,948.266</tsv>
      </alignment2d>
    </section-image>
    <section-image>
      <annotated type="boolean">false</annotated>
      <axes nil="true"/>
      <bits-per-component type="integer">8</bits-per-component>
      <data-set-id type="integer">80409540</data-set-id>
      <expression type="boolean" nil="true"/>
      <expression-path>/external/mouse/prod39/0500010764/0500010764_366_expression.aff</expression-path>
      <failed type="boolean">false</failed>
      <height type="integer">6705</height>
      <id type="integer">80297065</id>
      <image-height type="integer">6705</image-height>
      <image-type>Primary</image-type>
      <image-width type="integer">8961</image-width>
      <isi-experiment-id type="integer" nil="true"/>
      <lims1-id type="integer">80297065</lims1-id>
      <number-of-components type="integer">3</number-of-components>
      <ophys-experiment-id type="integer" nil="true"/>
      <path>/external/aibssan/production28/stitch2/0500010764/0500010764_2_zoom.aff</path>
      <projection-function nil="true"/>
      <resolution type="float">1.049</resolution>
      <section-number type="integer">366</section-number>
      <specimen-id type="integer" nil="true"/>
      <structure-id type="integer" nil="true"/>
      <tier-count type="integer">7</tier-count>
      <width type="integer">8961</width>
      <x type="integer">0</x>
      <y type="integer">0</y>
      <alignment2d>
        <id type="integer">172027230</id>
        <tvs>0.952913,-0.0267778,0.0267778,0.952913,-1223.0,-2057.77</tvs>
        <tsv>1.04859,0.0294663,-0.0294663,1.04859,1343.06,2121.71</tsv>
      </alignment2d>
    </section-image>
    <section-image>
      <annotated type="boolean">false</annotated>
      <axes nil="true"/>
      <bits-per-component type="integer">8</bits-per-component>
      <data-set-id type="integer">80409540</data-set-id>
      <expression type="boolean" nil="true"/>
      <expression-path>/external/mouse/prod39/0500010764/0500010764_374_expression.aff</expression-path>
      <failed type="boolean">false</failed>
      <height type="integer">6721</height>
      <id type="integer">80297067</id>
      <image-height type="integer">6721</image-height>
      <image-type>Primary</image-type>
      <image-width type="integer">7697</image-width>
      <isi-experiment-id type="integer" nil="true"/>
      <lims1-id type="integer">80297067</lims1-id>
      <number-of-components type="integer">3</number-of-components>
      <ophys-experiment-id type="integer" nil="true"/>
      <path>/external/aibssan/production28/stitch2/0500010764/0500010764_3_zoom.aff</path>
      <projection-function nil="true"/>
      <resolution type="float">1.049</resolution>
      <section-number type="integer">374</section-number>
      <specimen-id type="integer" nil="true"/>
      <structure-id type="integer" nil="true"/>
      <tier-count type="integer">6</tier-count>
      <width type="integer">7697</width>
      <x type="integer">0</x>
      <y type="integer">0</y>
      <alignment2d>
        <id type="integer">172027232</id>
        <tvs>0.952876,-0.0280639,0.0280639,0.952876,-1860.24,-1552.23</tvs>
        <tsv>1.04855,0.0308815,-0.0308815,1.04855,1998.48,1570.14</tsv>
      </alignment2d>
    </section-image>
    <section-image>
      <annotated type="boolean">false</annotated>
      <axes nil="true"/>
      <bits-per-component type="integer">8</bits-per-component>
      <data-set-id type="integer">80409540</data-set-id>
      <expression type="boolean" nil="true"/>
      <expression-path>/external/mouse/prod39/0500010764/0500010764_382_expression.aff</expression-path>
      <failed type="boolean">false</failed>
      <height type="integer">9633</height>
      <id type="integer">80297069</id>
      <image-height type="integer">9633</image-height>
      <image-type>Primary</image-type>
      <image-width type="integer">13601</image-width>
      <isi-experiment-id type="integer" nil="true"/>
      <lims1-id type="integer">80297069</lims1-id>
      <number-of-components type="integer">3</number-of-components>
      <ophys-experiment-id type="integer" nil="true"/>
      <path>/external/aibssan/production28/stitch2/0500010764/0500010764_4_zoom.aff</path>
      <projection-function nil="true"/>
      <resolution type="float">1.049</resolution>
      <section-number type="integer">382</section-number>
      <specimen-id type="integer" nil="true"/>
      <structure-id type="integer" nil="true"/>
      <tier-count type="integer">7</tier-count>
      <width type="integer">13601</width>
      <x type="integer">0</x>
      <y type="integer">0</y>
      <alignment2d>
        <id type="integer">172027234</id>
        <tvs>0.952734,-0.0325283,0.0325283,0.952734,4163.15,1288.85</tvs>
        <tsv>1.04839,0.0357942,-0.0357942,1.04839,-4410.73,-1202.2</tsv>
      </alignment2d>
    </section-image>
    <section-image>
      <annotated type="boolean">false</annotated>
      <axes nil="true"/>
      <bits-per-component type="integer">8</bits-per-component>
      <data-set-id type="integer">80409540</data-set-id>
      <expression type="boolean" nil="true"/>
      <expression-path>/external/mouse/prod39/0500010788/0500010788_398_expression.aff</expression-path>
      <failed type="boolean">false</failed>
      <height type="integer">8017</height>
      <id type="integer">80297075</id>
      <image-height type="integer">8017</image-height>
      <image-type>Primary</image-type>
      <image-width type="integer">11121</image-width>
      <isi-experiment-id type="integer" nil="true"/>
      <lims1-id type="integer">80297075</lims1-id>
      <number-of-components type="integer">3</number-of-components>
      <ophys-experiment-id type="integer" nil="true"/>
      <path>/external/aibssan/production28/stitch3/0500010788/0500010788_2_zoom.aff</path>
      <projection-function nil="true"/>
      <resolution type="float">1.049</resolution>
      <section-number type="integer">398</section-number>
      <specimen-id type="integer" nil="true"/>
      <structure-id type="integer" nil="true"/>
      <tier-count type="integer">7</tier-count>
      <width type="integer">11121</width>
      <x type="integer">0</x>
      <y type="integer">0</y>
      <alignment2d>
        <id type="integer">172027236</id>
        <tvs>0.952918,-0.0265981,0.0265981,0.952918,2454.16,447.058</tvs>
        <tsv>1.04859,0.0292686,-0.0292686,1.04859,-2586.5,-396.952</tsv>
      </alignment2d>
    </section-image>
    <section-image>
      <annotated type="boolean">false</annotated>
      <axes nil="true"/>
      <bits-per-component type="integer">8</bits-per-component>
      <data-set-id type="integer">80409540</data-set-id>
      <expression type="boolean" nil="true"/>
      <expression-path>/external/mouse/prod39/0500010788/0500010788_406_expression.aff</expression-path>
      <failed type="boolean">false</failed>
      <height type="integer">9617</height>
      <id type="integer">80297077</id>
      <image-height type="integer">9617</image-height>
      <image-type>Primary</image-type>
      <image-width type="integer">6417</image-width>
      <isi-experiment-id type="integer" nil="true"/>
      <lims1-id type="integer">80297077</lims1-id>
      <number-of-components type="integer">3</number-of-components>
      <ophys-experiment-id type="integer" nil="true"/>
      <path>/external/aibssan/production28/stitch3/0500010788/0500010788_3_zoom.aff</path>
      <projection-function nil="true"/>
      <resolution type="float">1.049</resolution>
      <section-number type="integer">406</section-number>
      <specimen-id type="integer" nil="true"/>
      <structure-id type="integer" nil="true"/>
      <tier-count type="integer">7</tier-count>
      <width type="integer">6417</width>
      <x type="integer">0</x>
      <y type="integer">0</y>
      <alignment2d>
        <id type="integer">172027238</id>
        <tvs>0.952797,-0.0306169,0.0306169,0.952797,-2100.17,-1563.8</tvs>
        <tsv>1.04846,0.0336909,-0.0336909,1.04846,2254.63,1568.82</tsv>
      </alignment2d>
    </section-image>
    <section-image>
      <annotated type="boolean">false</annotated>
      <axes nil="true"/>
      <bits-per-component type="integer">8</bits-per-component>
      <data-set-id type="integer">80409540</data-set-id>
      <expression type="boolean" nil="true"/>
      <expression-path>/external/mouse/prod39/0500010788/0500010788_414_expression.aff</expression-path>
      <failed type="boolean">false</failed>
      <height type="integer">7601</height>
      <id type="integer">80297079</id>
      <image-height type="integer">7601</image-height>
      <image-type>Primary</image-type>
      <image-width type="integer">6225</image-width>
      <isi-experiment-id type="integer" nil="true"/>
      <lims1-id type="integer">80297079</lims1-id>
      <number-of-components type="integer">3</number-of-components>
      <ophys-experiment-id type="integer" nil="true"/>
      <path>/external/aibssan/production28/stitch3/0500010788/0500010788_4_zoom.aff</path>
      <projection-function nil="true"/>
      <resolution type="float">1.049</resolution>
      <section-number type="integer">414</section-number>
      <specimen-id type="integer" nil="true"/>
      <structure-id type="integer" nil="true"/>
      <tier-count type="integer">6</tier-count>
      <width type="integer">6225</width>
      <x type="integer">0</x>
      <y type="integer">0</y>
      <alignment2d>
        <id type="integer">172027240</id>
        <tvs>0.952112,-0.0473633,0.0473633,0.952112,-1766.73,-1594.74</tvs>
        <tsv>1.0477,0.0521186,-0.0521186,1.0477,1934.12,1578.74</tsv>
      </alignment2d>
    </section-image>
    <section-image>
      <annotated type="boolean">false</annotated>
      <axes nil="true"/>
      <bits-per-component type="integer">8</bits-per-component>
      <data-set-id type="integer">80409540</data-set-id>
      <expression type="boolean" nil="true"/>
      <expression-path>/external/mouse/prod39/0500010768/0500010768_422_expression.aff</expression-path>
      <failed type="boolean">false</failed>
      <height type="integer">6417</height>
      <id type="integer">80297083</id>
      <image-height type="integer">6417</image-height>
      <image-type>Primary</image-type>
      <image-width type="integer">16513</image-width>
      <isi-experiment-id type="integer" nil="true"/>
      <lims1-id type="integer">80297083</lims1-id>
      <number-of-components type="integer">3</number-of-components>
      <ophys-experiment-id type="integer" nil="true"/>
      <path>/external/aibssan/production28/stitch2/0500010768/0500010768_1_zoom.aff</path>
      <projection-function nil="true"/>
      <resolution type="float">1.049</resolution>
      <section-number type="integer">422</section-number>
      <specimen-id type="integer" nil="true"/>
      <structure-id type="integer" nil="true"/>
      <tier-count type="integer">8</tier-count>
      <width type="integer">16513</width>
      <x type="integer">0</x>
      <y type="integer">0</y>
      <alignment2d>
        <id type="integer">172027242</id>
        <tvs>0.952301,-0.04339,0.04339,0.952301,4447.27,-3029.85</tvs>
        <tsv>1.04791,0.0477464,-0.0477464,1.04791,-4515.69,3387.36</tsv>
      </alignment2d>
    </section-image>
    <section-image>
      <annotated type="boolean">false</annotated>
      <axes nil="true"/>
      <bits-per-component type="integer">8</bits-per-component>
      <data-set-id type="integer">80409540</data-set-id>
      <expression type="boolean" nil="true"/>
      <expression-path>/external/mouse/prod39/0500010768/0500010768_430_expression.aff</expression-path>
      <failed type="boolean">false</failed>
      <height type="integer">5777</height>
      <id type="integer">80297085</id>
      <image-height type="integer">5777</image-height>
      <image-type>Primary</image-type>
      <image-width type="integer">10241</image-width>
      <isi-experiment-id type="integer" nil="true"/>
      <lims1-id type="integer">80297085</lims1-id>
      <number-of-components type="integer">3</number-of-components>
      <ophys-experiment-id type="integer" nil="true"/>
      <path>/external/aibssan/production28/stitch2/0500010768/0500010768_2_zoom.aff</path>
      <projection-function nil="true"/>
      <resolution type="float">1.049</resolution>
      <section-number type="integer">430</section-number>
      <specimen-id type="integer" nil="true"/>
      <structure-id type="integer" nil="true"/>
      <tier-count type="integer">7</tier-count>
      <width type="integer">10241</width>
      <x type="integer">0</x>
      <y type="integer">0</y>
      <alignment2d>
        <id type="integer">172027244</id>
        <tvs>0.951686,-0.0552532,0.0552532,0.951686,-1890.42,-3019.69</tvs>
        <tsv>1.04724,0.0608007,-0.0608007,1.04724,2163.31,3047.39</tsv>
      </alignment2d>
    </section-image>
    <section-image>
      <annotated type="boolean">false</annotated>
      <axes nil="true"/>
      <bits-per-component type="integer">8</bits-per-component>
      <data-set-id type="integer">80409540</data-set-id>
      <expression type="boolean" nil="true"/>
      <expression-path>/external/mouse/prod39/0500010768/0500010768_438_expression.aff</expression-path>
      <failed type="boolean">false</failed>
      <height type="integer">5777</height>
      <id type="integer">80297087</id>
      <image-height type="integer">5777</image-height>
      <image-type>Primary</image-type>
      <image-width type="integer">6401</image-width>
      <isi-experiment-id type="integer" nil="true"/>
      <lims1-id type="integer">80297087</lims1-id>
      <number-of-components type="integer">3</number-of-components>
      <ophys-experiment-id type="integer" nil="true"/>
      <path>/external/aibssan/production28/stitch2/0500010768/0500010768_3_zoom.aff</path>
      <projection-function nil="true"/>
      <resolution type="float">1.049</resolution>
      <section-number type="integer">438</section-number>
      <specimen-id type="integer" nil="true"/>
      <structure-id type="integer" nil="true"/>
      <tier-count type="integer">6</tier-count>
      <width type="integer">6401</width>
      <x type="integer">0</x>
      <y type="integer">0</y>
      <alignment2d>
        <id type="integer">172027246</id>
        <tvs>0.952059,-0.0484092,0.0484092,0.952059,-2420.55,-2560.56</tvs>
        <tsv>1.04765,0.0532695,-0.0532695,1.04765,2672.28,2553.62</tsv>
      </alignment2d>
    </section-image>
    <section-image>
      <annotated type="boolean">false</annotated>
      <axes nil="true"/>
      <bits-per-component type="integer">8</bits-per-component>
      <data-set-id type="integer">80409540</data-set-id>
      <expression type="boolean" nil="true"/>
      <expression-path>/external/mouse/prod39/0500010768/0500010768_446_expression.aff</expression-path>
      <failed type="boolean">false</failed>
      <height type="integer">6737</height>
      <id type="integer">80297089</id>
      <image-height type="integer">6737</image-height>
      <image-type>Primary</image-type>
      <image-width type="integer">6401</image-width>
      <isi-experiment-id type="integer" nil="true"/>
      <lims1-id type="integer">80297089</lims1-id>
      <number-of-components type="integer">3</number-of-components>
      <ophys-experiment-id type="integer" nil="true"/>
      <path>/external/aibssan/production28/stitch2/0500010768/0500010768_4_zoom.aff</path>
      <projection-function nil="true"/>
      <resolution type="float">1.049</resolution>
      <section-number type="integer">446</section-number>
      <specimen-id type="integer" nil="true"/>
      <structure-id type="integer" nil="true"/>
      <tier-count type="integer">6</tier-count>
      <width type="integer">6401</width>
      <x type="integer">0</x>
      <y type="integer">0</y>
      <alignment2d>
        <id type="integer">172027248</id>
        <tvs>0.951483,-0.0586492,0.0586492,0.951483,-2380.34,-1425.74</tvs>
        <tsv>1.04701,0.0645376,-0.0645376,1.04701,2584.26,1339.15</tsv>
      </alignment2d>
    </section-image>
    <section-image>
      <annotated type="boolean">false</annotated>
      <axes nil="true"/>
      <bits-per-component type="integer">8</bits-per-component>
      <data-set-id type="integer">80409540</data-set-id>
      <expression type="boolean" nil="true"/>
      <expression-path>/external/mouse/prod39/0500010792/0500010792_454_expression.aff</expression-path>
      <failed type="boolean">false</failed>
      <height type="integer">6545</height>
      <id type="integer">80297093</id>
      <image-height type="integer">6545</image-height>
      <image-type>Primary</image-type>
      <image-width type="integer">15073</image-width>
      <isi-experiment-id type="integer" nil="true"/>
      <lims1-id type="integer">80297093</lims1-id>
      <number-of-components type="integer">3</number-of-components>
      <ophys-experiment-id type="integer" nil="true"/>
      <path>/external/aibssan/production28/stitch2/0500010792/0500010792_1_zoom.aff</path>
      <projection-function nil="true"/>
      <resolution type="float">1.049</resolution>
      <section-number type="integer">454</section-number>
      <specimen-id type="integer" nil="true"/>
      <structure-id type="integer" nil="true"/>
      <tier-count type="integer">7</tier-count>
      <width type="integer">15073</width>
      <x type="integer">0</x>
      <y type="integer">0</y>
      <alignment2d>
        <id type="integer">172027250</id>
        <tvs>0.952046,-0.0486695,0.0486695,0.952046,6416.68,-2741.05</tvs>
        <tsv>1.04763,0.053556,-0.053556,1.04763,-6575.52,3215.27</tsv>
      </alignment2d>
    </section-image>
    <section-image>
      <annotated type="boolean">false</annotated>
      <axes nil="true"/>
      <bits-per-component type="integer">8</bits-per-component>
      <data-set-id type="integer">80409540</data-set-id>
      <expression type="boolean" nil="true"/>
      <expression-path>/external/mouse/prod39/0500010792/0500010792_462_expression.aff</expression-path>
      <failed type="boolean">false</failed>
      <height type="integer">4817</height>
      <id type="integer">80297095</id>
      <image-height type="integer">4817</image-height>
      <image-type>Primary</image-type>
      <image-width type="integer">5105</image-width>
      <isi-experiment-id type="integer" nil="true"/>
      <lims1-id type="integer">80297095</lims1-id>
      <number-of-components type="integer">3</number-of-components>
      <ophys-experiment-id type="integer" nil="true"/>
      <path>/external/aibssan/production28/stitch2/0500010792/0500010792_2_zoom.aff</path>
      <projection-function nil="true"/>
      <resolution type="float">1.049</resolution>
      <section-number type="integer">462</section-number>
      <specimen-id type="integer" nil="true"/>
      <structure-id type="integer" nil="true"/>
      <tier-count type="integer">6</tier-count>
      <width type="integer">5105</width>
      <x type="integer">0</x>
      <y type="integer">0</y>
      <alignment2d>
        <id type="integer">172027252</id>
        <tvs>0.951837,-0.0525946,0.0525946,0.951837,-3089.11,-3057.66</tvs>
        <tsv>1.0474,0.0578752,-0.0578752,1.0474,3412.51,3023.81</tsv>
      </alignment2d>
    </section-image>
    <section-image>
      <annotated type="boolean">false</annotated>
      <axes nil="true"/>
      <bits-per-component type="integer">8</bits-per-component>
      <data-set-id type="integer">80409540</data-set-id>
      <expression type="boolean" nil="true"/>
      <expression-path>/external/mouse/prod39/0500010792/0500010792_470_expression.aff</expression-path>
      <failed type="boolean">false</failed>
      <height type="integer">7681</height>
      <id type="integer">80297097</id>
      <image-height type="integer">7681</image-height>
      <image-type>Primary</image-type>
      <image-width type="integer">7681</image-width>
      <isi-experiment-id type="integer" nil="true"/>
      <lims1-id type="integer">80297097</lims1-id>
      <number-of-components type="integer">3</number-of-components>
      <ophys-experiment-id type="integer" nil="true"/>
      <path>/external/aibssan/production28/stitch2/0500010792/0500010792_3_zoom.aff</path>
      <projection-function nil="true"/>
      <resolution type="float">1.049</resolution>
      <section-number type="integer">470</section-number>
      <specimen-id type="integer" nil="true"/>
      <structure-id type="integer" nil="true"/>
      <tier-count type="integer">6</tier-count>
      <width type="integer">7681</width>
      <x type="integer">0</x>
      <y type="integer">0</y>
      <alignment2d>
        <id type="integer">172027254</id>
        <tvs>0.951651,-0.055857,0.055857,0.951651,-990.149,-249.108</tvs>
        <tsv>1.0472,0.0614651,-0.0614651,1.0472,1052.19,200.006</tsv>
      </alignment2d>
    </section-image>
    <section-image>
      <annotated type="boolean">false</annotated>
      <axes nil="true"/>
      <bits-per-component type="integer">8</bits-per-component>
      <data-set-id type="integer">80409540</data-set-id>
      <expression type="boolean" nil="true"/>
      <expression-path>/external/mouse/prod39/0500010792/0500010792_478_expression.aff</expression-path>
      <failed type="boolean">false</failed>
      <height type="integer">9569</height>
      <id type="integer">80297099</id>
      <image-height type="integer">9569</image-height>
      <image-type>Primary</image-type>
      <image-width type="integer">5105</image-width>
      <isi-experiment-id type="integer" nil="true"/>
      <lims1-id type="integer">80297099</lims1-id>
      <number-of-components type="integer">3</number-of-components>
      <ophys-experiment-id type="integer" nil="true"/>
      <path>/external/aibssan/production28/stitch2/0500010792/0500010792_4_zoom.aff</path>
      <projection-function nil="true"/>
      <resolution type="float">1.049</resolution>
      <section-number type="integer">478</section-number>
      <specimen-id type="integer" nil="true"/>
      <structure-id type="integer" nil="true"/>
      <tier-count type="integer">7</tier-count>
      <width type="integer">5105</width>
      <x type="integer">0</x>
      <y type="integer">0</y>
      <alignment2d>
        <id type="integer">172027256</id>
        <tvs>0.95068,-0.0704791,0.0704791,0.95068,-2796.83,-1032.36</tvs>
        <tsv>1.04613,0.0775553,-0.0775553,1.04613,3005.91,863.068</tsv>
      </alignment2d>
    </section-image>
  </section-images>
  <plane_of_section/>
  <age>P56</age>
</section-data-set>
