<?xml version="1.0" encoding="UTF-8"?>
<section-data-set>
  <blue-channel nil="true"/>
  <delegate>false</delegate>
  <expression>true</expression>
  <failed>false</failed>
  <failed-facet>734881840</failed-facet>
  <green-channel nil="true"/>
  <id>77764089</id>
  <name nil="true"/>
  <qc-date>2007-05-21T08:51:33Z</qc-date>
  <red-channel nil="true"/>
  <reference-space-id>9</reference-space-id>
  <rnaseq-design-id nil="true"/>
  <section-thickness>25.0</section-thickness>
  <specimen-id>77440620</specimen-id>
  <sphinx-id>4039</sphinx-id>
  <storage-directory>/external/mouse/prod41/image_series_77764089/</storage-directory>
  <weight>5030</weight>
  <products>
    <product>
      <abbreviation>MouseDiv</abbreviation>
      <description>High-resolution ISH data detailing the expression of approximately 50 well-known drug target genes and 12 additional genes throughout the adult male mouse brain in seven different mouse strains and in adult female C57BL/6J mice.</description>
      <id type="integer">16</id>
      <name>Mouse Strains</name>
      <product-name-facet type="integer">635972493</product-name-facet>
      <resource>Mouse Strains Study</resource>
      <species>Mouse</species>
      <species-name-facet type="integer">1861523945</species-name-facet>
      <tags>Diversity</tags>
    </product>
  </products>
  <specimen>
    <cell-prep-sample-id type="integer" nil="true"/>
    <cell-reporter-id type="integer" nil="true"/>
    <cortex-layer-id type="integer" nil="true"/>
    <data nil="true"/>
    <donor-id type="integer">13655</donor-id>
    <ephys-result-id type="integer" nil="true"/>
    <external-specimen-name nil="true"/>
    <failed-facet type="integer">734881840</failed-facet>
    <hemisphere>(none)</hemisphere>
    <id type="integer">77440620</id>
    <is-cell-specimen type="boolean">false</is-cell-specimen>
    <is-ish type="boolean">false</is-ish>
    <name>321-0056</name>
    <parent-id type="integer" nil="true"/>
    <parent-x-coord type="integer" nil="true"/>
    <parent-y-coord type="integer" nil="true"/>
    <parent-z-coord type="integer" nil="true"/>
    <pinned-radius type="float" nil="true"/>
    <rna-integrity-number type="float" nil="true"/>
    <specimen-id-path>/77440620/</specimen-id-path>
    <sphinx-id type="integer">26452</sphinx-id>
    <structure-id type="integer" nil="true"/>
    <tissue-ph type="float" nil="true"/>
    <treatment-id type="integer" nil="true"/>
    <weight type="integer">9000</weight>
    <donor>
      <age-id type="integer">15</age-id>
      <chemotherapy nil="true"/>
      <condition-description nil="true"/>
      <data nil="true"/>
      <date-of-birth type="datetime" nil="true"/>
      <donor-condition-description-facet type="integer" nil="true"/>
      <donor-race-only-facet type="integer" nil="true"/>
      <donor-sex-facet type="integer">1306038106</donor-sex-facet>
      <donor-strain-facet type="integer">4276187917</donor-strain-facet>
      <donor-strain-only-facet type="integer">4276187917</donor-strain-only-facet>
      <egfr-amplification nil="true"/>
      <extent-of-resection nil="true"/>
      <external-donor-name nil="true"/>
      <full-genotype nil="true"/>
      <handedness>unknown</handedness>
      <id type="integer">13655</id>
      <initial-kps nil="true"/>
      <mgmt-ihc type="integer" nil="true"/>
      <mgmt-methylation nil="true"/>
      <molecular-subtype nil="true"/>
      <multifocal nil="true"/>
      <name>321-0056</name>
      <organism-id type="integer">2</organism-id>
      <pmi type="float">0.0</pmi>
      <primary-tissue-source>AIBS</primary-tissue-source>
      <pten-deletion nil="true"/>
      <race-only nil="true"/>
      <radiation-therapy nil="true"/>
      <recurrence-by-six-months nil="true"/>
      <sex>F</sex>
      <sex-full-name>Female</sex-full-name>
      <sleep-state nil="true"/>
      <smoker nil="true"/>
      <strain>C57BL/6J</strain>
      <strain-only>C57BL/6J</strain-only>
      <survival-days type="integer" nil="true"/>
      <tags>321-0056 unknown</tags>
      <theiler-stage nil="true"/>
      <time-to-progression-or-recurrence nil="true"/>
      <transgenic-mouse-id type="integer" nil="true"/>
      <tumor-status nil="true"/>
      <weight-grams type="float">16.6</weight-grams>
    </donor>
  </specimen>
  <alignment3d>
    <id type="integer">171743220</id>
    <trv>-0.00610233,-0.0024137,0.965534,-0.0105094,0.946763,-0.00337421,-0.956531,-0.0155216,-0.00623356,893.918,1209.76,13072.0</trv>
    <tvr>-0.00680791,-0.017153,-1.04521,0.00361546,1.05605,-0.0116259,1.03566,0.00253157,-0.00663497,13689.9,-1128.82,-842.127</tvr>
  </alignment3d>
  <section-images>
    <section-image>
      <annotated type="boolean">false</annotated>
      <axes nil="true"/>
      <bits-per-component type="integer">8</bits-per-component>
      <data-set-id type="integer">77764089</data-set-id>
      <expression type="boolean" nil="true"/>
      <expression-path>/external/mouse/prod28/0301011867/0301011867_0_expression.aff</expression-path>
      <failed type="boolean">false</failed>
      <height type="integer">5697</height>
      <id type="integer">77719834</id>
      <image-height type="integer">5697</image-height>
      <image-type>Primary</image-type>
      <image-width type="integer">8481</image-width>
      <isi-experiment-id type="integer" nil="true"/>
      <lims1-id type="integer">77719834</lims1-id>
      <number-of-components type="integer">3</number-of-components>
      <ophys-experiment-id type="integer" nil="true"/>
      <path>/external/aibssan/production20/stitch18/0301011867/0301011867_1_zoom.aff</path>
      <projection-function nil="true"/>
      <resolution type="float">1.049</resolution>
      <section-number type="integer">0</section-number>
      <specimen-id type="integer" nil="true"/>
      <structure-id type="integer" nil="true"/>
      <tier-count type="integer">7</tier-count>
      <width type="integer">8481</width>
      <x type="integer">0</x>
      <y type="integer">0</y>
      <alignment2d>
        <id type="integer">171743832</id>
        <tvs>0.953214,-0.0119102,0.0119102,0.953214,-41.4634,-2071.43</tvs>
        <tsv>1.04892,0.013106,-0.013106,1.04892,70.6398,2172.22</tsv>
      </alignment2d>
    </section-image>
    <section-image>
      <annotated type="boolean">false</annotated>
      <axes nil="true"/>
      <bits-per-component type="integer">8</bits-per-component>
      <data-set-id type="integer">77764089</data-set-id>
      <expression type="boolean" nil="true"/>
      <expression-path>/external/mouse/prod28/0301011867/0301011867_8_expression.aff</expression-path>
      <failed type="boolean">false</failed>
      <height type="integer">5457</height>
      <id type="integer">77719836</id>
      <image-height type="integer">5457</image-height>
      <image-type>Primary</image-type>
      <image-width type="integer">4977</image-width>
      <isi-experiment-id type="integer" nil="true"/>
      <lims1-id type="integer">77719836</lims1-id>
      <number-of-components type="integer">3</number-of-components>
      <ophys-experiment-id type="integer" nil="true"/>
      <path>/external/aibssan/production20/stitch18/0301011867/0301011867_2_zoom.aff</path>
      <projection-function nil="true"/>
      <resolution type="float">1.049</resolution>
      <section-number type="integer">8</section-number>
      <specimen-id type="integer" nil="true"/>
      <structure-id type="integer" nil="true"/>
      <tier-count type="integer">6</tier-count>
      <width type="integer">4977</width>
      <x type="integer">0</x>
      <y type="integer">0</y>
      <alignment2d>
        <id type="integer">171743834</id>
        <tvs>0.953214,-0.0119102,0.0119102,0.953214,-3380.34,-2098.56</tvs>
        <tsv>1.04892,0.013106,-0.013106,1.04892,3573.2,2156.92</tsv>
      </alignment2d>
    </section-image>
    <section-image>
      <annotated type="boolean">false</annotated>
      <axes nil="true"/>
      <bits-per-component type="integer">8</bits-per-component>
      <data-set-id type="integer">77764089</data-set-id>
      <expression type="boolean" nil="true"/>
      <expression-path>/external/mouse/prod28/0301011867/0301011867_16_expression.aff</expression-path>
      <failed type="boolean">false</failed>
      <height type="integer">6049</height>
      <id type="integer">77719838</id>
      <image-height type="integer">6049</image-height>
      <image-type>Primary</image-type>
      <image-width type="integer">5585</image-width>
      <isi-experiment-id type="integer" nil="true"/>
      <lims1-id type="integer">77719838</lims1-id>
      <number-of-components type="integer">3</number-of-components>
      <ophys-experiment-id type="integer" nil="true"/>
      <path>/external/aibssan/production20/stitch18/0301011867/0301011867_3_zoom.aff</path>
      <projection-function nil="true"/>
      <resolution type="float">1.049</resolution>
      <section-number type="integer">16</section-number>
      <specimen-id type="integer" nil="true"/>
      <structure-id type="integer" nil="true"/>
      <tier-count type="integer">6</tier-count>
      <width type="integer">5585</width>
      <x type="integer">0</x>
      <y type="integer">0</y>
      <alignment2d>
        <id type="integer">171743836</id>
        <tvs>0.953214,-0.0119102,0.0119102,0.953214,-3264.22,-1827.98</tvs>
        <tsv>1.04892,0.013106,-0.013106,1.04892,3447.85,1874.62</tsv>
      </alignment2d>
    </section-image>
    <section-image>
      <annotated type="boolean">false</annotated>
      <axes nil="true"/>
      <bits-per-component type="integer">8</bits-per-component>
      <data-set-id type="integer">77764089</data-set-id>
      <expression type="boolean" nil="true"/>
      <expression-path>/external/mouse/prod28/0301011867/0301011867_24_expression.aff</expression-path>
      <failed type="boolean">false</failed>
      <height type="integer">6385</height>
      <id type="integer">77719840</id>
      <image-height type="integer">6385</image-height>
      <image-type>Primary</image-type>
      <image-width type="integer">6257</image-width>
      <isi-experiment-id type="integer" nil="true"/>
      <lims1-id type="integer">77719840</lims1-id>
      <number-of-components type="integer">3</number-of-components>
      <ophys-experiment-id type="integer" nil="true"/>
      <path>/external/aibssan/production20/stitch18/0301011867/0301011867_4_zoom.aff</path>
      <projection-function nil="true"/>
      <resolution type="float">1.049</resolution>
      <section-number type="integer">24</section-number>
      <specimen-id type="integer" nil="true"/>
      <structure-id type="integer" nil="true"/>
      <tier-count type="integer">6</tier-count>
      <width type="integer">6257</width>
      <x type="integer">0</x>
      <y type="integer">0</y>
      <alignment2d>
        <id type="integer">171743838</id>
        <tvs>0.952922,-0.0264503,0.0264503,0.952922,-3006.72,-2120.52</tvs>
        <tsv>1.0486,0.029106,-0.029106,1.0486,3214.55,2136.05</tsv>
      </alignment2d>
    </section-image>
    <section-image>
      <annotated type="boolean">false</annotated>
      <axes nil="true"/>
      <bits-per-component type="integer">8</bits-per-component>
      <data-set-id type="integer">77764089</data-set-id>
      <expression type="boolean" nil="true"/>
      <expression-path>/external/mouse/prod28/0301021885/0301021885_32_expression.aff</expression-path>
      <failed type="boolean">false</failed>
      <height type="integer">6497</height>
      <id type="integer">77719844</id>
      <image-height type="integer">6497</image-height>
      <image-type>Primary</image-type>
      <image-width type="integer">6977</image-width>
      <isi-experiment-id type="integer" nil="true"/>
      <lims1-id type="integer">77719844</lims1-id>
      <number-of-components type="integer">3</number-of-components>
      <ophys-experiment-id type="integer" nil="true"/>
      <path>/external/aibssan/production20/stitch18/0301021885/0301021885_1_zoom.aff</path>
      <projection-function nil="true"/>
      <resolution type="float">1.049</resolution>
      <section-number type="integer">32</section-number>
      <specimen-id type="integer" nil="true"/>
      <structure-id type="integer" nil="true"/>
      <tier-count type="integer">6</tier-count>
      <width type="integer">6977</width>
      <x type="integer">0</x>
      <y type="integer">0</y>
      <alignment2d>
        <id type="integer">171743840</id>
        <tvs>0.952807,-0.0303148,0.0303148,0.952807,-2487.92,-2159.89</tvs>
        <tsv>1.04847,0.0333584,-0.0333584,1.04847,2680.55,2181.58</tsv>
      </alignment2d>
    </section-image>
    <section-image>
      <annotated type="boolean">false</annotated>
      <axes nil="true"/>
      <bits-per-component type="integer">8</bits-per-component>
      <data-set-id type="integer">77764089</data-set-id>
      <expression type="boolean" nil="true"/>
      <expression-path>/external/mouse/prod28/0301021885/0301021885_40_expression.aff</expression-path>
      <failed type="boolean">false</failed>
      <height type="integer">7041</height>
      <id type="integer">77719846</id>
      <image-height type="integer">7041</image-height>
      <image-type>Primary</image-type>
      <image-width type="integer">7425</image-width>
      <isi-experiment-id type="integer" nil="true"/>
      <lims1-id type="integer">77719846</lims1-id>
      <number-of-components type="integer">3</number-of-components>
      <ophys-experiment-id type="integer" nil="true"/>
      <path>/external/aibssan/production20/stitch18/0301021885/0301021885_2_zoom.aff</path>
      <projection-function nil="true"/>
      <resolution type="float">1.049</resolution>
      <section-number type="integer">40</section-number>
      <specimen-id type="integer" nil="true"/>
      <structure-id type="integer" nil="true"/>
      <tier-count type="integer">6</tier-count>
      <width type="integer">7425</width>
      <x type="integer">0</x>
      <y type="integer">0</y>
      <alignment2d>
        <id type="integer">171743842</id>
        <tvs>0.953185,-0.0140383,0.0140383,0.953185,-2248.42,-1687.87</tvs>
        <tsv>1.04889,0.0154477,-0.0154477,1.04889,2384.41,1735.65</tsv>
      </alignment2d>
    </section-image>
    <section-image>
      <annotated type="boolean">false</annotated>
      <axes nil="true"/>
      <bits-per-component type="integer">8</bits-per-component>
      <data-set-id type="integer">77764089</data-set-id>
      <expression type="boolean" nil="true"/>
      <expression-path>/external/mouse/prod28/0301021885/0301021885_48_expression.aff</expression-path>
      <failed type="boolean">false</failed>
      <height type="integer">7041</height>
      <id type="integer">77719848</id>
      <image-height type="integer">7041</image-height>
      <image-type>Primary</image-type>
      <image-width type="integer">7841</image-width>
      <isi-experiment-id type="integer" nil="true"/>
      <lims1-id type="integer">77719848</lims1-id>
      <number-of-components type="integer">3</number-of-components>
      <ophys-experiment-id type="integer" nil="true"/>
      <path>/external/aibssan/production20/stitch18/0301021885/0301021885_3_zoom.aff</path>
      <projection-function nil="true"/>
      <resolution type="float">1.049</resolution>
      <section-number type="integer">48</section-number>
      <specimen-id type="integer" nil="true"/>
      <structure-id type="integer" nil="true"/>
      <tier-count type="integer">6</tier-count>
      <width type="integer">7841</width>
      <x type="integer">0</x>
      <y type="integer">0</y>
      <alignment2d>
        <id type="integer">171743844</id>
        <tvs>0.953144,-0.0166183,0.0166183,0.953144,-2040.09,-1691.5</tvs>
        <tsv>1.04884,0.0182868,-0.0182868,1.04884,2170.66,1736.81</tsv>
      </alignment2d>
    </section-image>
    <section-image>
      <annotated type="boolean">false</annotated>
      <axes nil="true"/>
      <bits-per-component type="integer">8</bits-per-component>
      <data-set-id type="integer">77764089</data-set-id>
      <expression type="boolean" nil="true"/>
      <expression-path>/external/mouse/prod28/0301021885/0301021885_56_expression.aff</expression-path>
      <failed type="boolean">false</failed>
      <height type="integer">7089</height>
      <id type="integer">77719850</id>
      <image-height type="integer">7089</image-height>
      <image-type>Primary</image-type>
      <image-width type="integer">8033</image-width>
      <isi-experiment-id type="integer" nil="true"/>
      <lims1-id type="integer">77719850</lims1-id>
      <number-of-components type="integer">3</number-of-components>
      <ophys-experiment-id type="integer" nil="true"/>
      <path>/external/aibssan/production20/stitch18/0301021885/0301021885_4_zoom.aff</path>
      <projection-function nil="true"/>
      <resolution type="float">1.049</resolution>
      <section-number type="integer">56</section-number>
      <specimen-id type="integer" nil="true"/>
      <structure-id type="integer" nil="true"/>
      <tier-count type="integer">6</tier-count>
      <width type="integer">8033</width>
      <x type="integer">0</x>
      <y type="integer">0</y>
      <alignment2d>
        <id type="integer">171743846</id>
        <tvs>0.953045,-0.021581,0.021581,0.953045,-1935.27,-1699.97</tvs>
        <tsv>1.04873,0.0237478,-0.0237478,1.04873,2069.95,1736.85</tsv>
      </alignment2d>
    </section-image>
    <section-image>
      <annotated type="boolean">false</annotated>
      <axes nil="true"/>
      <bits-per-component type="integer">8</bits-per-component>
      <data-set-id type="integer">77764089</data-set-id>
      <expression type="boolean" nil="true"/>
      <expression-path>/external/mouse/prod28/0301031616/0301031616_64_expression.aff</expression-path>
      <failed type="boolean">false</failed>
      <height type="integer">7409</height>
      <id type="integer">77719854</id>
      <image-height type="integer">7409</image-height>
      <image-type>Primary</image-type>
      <image-width type="integer">8257</image-width>
      <isi-experiment-id type="integer" nil="true"/>
      <lims1-id type="integer">77719854</lims1-id>
      <number-of-components type="integer">3</number-of-components>
      <ophys-experiment-id type="integer" nil="true"/>
      <path>/external/aibssan/production20/stitch18/0301031616/0301031616_1_zoom.aff</path>
      <projection-function nil="true"/>
      <resolution type="float">1.049</resolution>
      <section-number type="integer">64</section-number>
      <specimen-id type="integer" nil="true"/>
      <structure-id type="integer" nil="true"/>
      <tier-count type="integer">7</tier-count>
      <width type="integer">8257</width>
      <x type="integer">0</x>
      <y type="integer">0</y>
      <alignment2d>
        <id type="integer">171743848</id>
        <tvs>0.953074,-0.0202239,0.0202239,0.953074,-1819.39,-1555.93</tvs>
        <tsv>1.04876,0.0222545,-0.0222545,1.04876,1942.74,1591.31</tsv>
      </alignment2d>
    </section-image>
    <section-image>
      <annotated type="boolean">false</annotated>
      <axes nil="true"/>
      <bits-per-component type="integer">8</bits-per-component>
      <data-set-id type="integer">77764089</data-set-id>
      <expression type="boolean" nil="true"/>
      <expression-path>/external/mouse/prod28/0301031616/0301031616_72_expression.aff</expression-path>
      <failed type="boolean">false</failed>
      <height type="integer">7281</height>
      <id type="integer">77719856</id>
      <image-height type="integer">7281</image-height>
      <image-type>Primary</image-type>
      <image-width type="integer">8225</image-width>
      <isi-experiment-id type="integer" nil="true"/>
      <lims1-id type="integer">77719856</lims1-id>
      <number-of-components type="integer">3</number-of-components>
      <ophys-experiment-id type="integer" nil="true"/>
      <path>/external/aibssan/production20/stitch18/0301031616/0301031616_2_zoom.aff</path>
      <projection-function nil="true"/>
      <resolution type="float">1.049</resolution>
      <section-number type="integer">72</section-number>
      <specimen-id type="integer" nil="true"/>
      <structure-id type="integer" nil="true"/>
      <tier-count type="integer">7</tier-count>
      <width type="integer">8225</width>
      <x type="integer">0</x>
      <y type="integer">0</y>
      <alignment2d>
        <id type="integer">171743850</id>
        <tvs>0.953148,-0.0163906,0.0163906,0.953148,-1789.35,-1560.74</tvs>
        <tsv>1.04884,0.0180363,-0.0180363,1.04884,1904.9,1604.7</tsv>
      </alignment2d>
    </section-image>
    <section-image>
      <annotated type="boolean">false</annotated>
      <axes nil="true"/>
      <bits-per-component type="integer">8</bits-per-component>
      <data-set-id type="integer">77764089</data-set-id>
      <expression type="boolean" nil="true"/>
      <expression-path>/external/mouse/prod28/0301031616/0301031616_80_expression.aff</expression-path>
      <failed type="boolean">false</failed>
      <height type="integer">7137</height>
      <id type="integer">77719858</id>
      <image-height type="integer">7137</image-height>
      <image-type>Primary</image-type>
      <image-width type="integer">8433</image-width>
      <isi-experiment-id type="integer" nil="true"/>
      <lims1-id type="integer">77719858</lims1-id>
      <number-of-components type="integer">3</number-of-components>
      <ophys-experiment-id type="integer" nil="true"/>
      <path>/external/aibssan/production20/stitch18/0301031616/0301031616_3_zoom.aff</path>
      <projection-function nil="true"/>
      <resolution type="float">1.049</resolution>
      <section-number type="integer">80</section-number>
      <specimen-id type="integer" nil="true"/>
      <structure-id type="integer" nil="true"/>
      <tier-count type="integer">7</tier-count>
      <width type="integer">8433</width>
      <x type="integer">0</x>
      <y type="integer">0</y>
      <alignment2d>
        <id type="integer">171743852</id>
        <tvs>0.953019,-0.0226739,0.0226739,0.953019,-1781.93,-1737.54</tvs>
        <tsv>1.0487,0.0249504,-0.0249504,1.0487,1912.07,1777.71</tsv>
      </alignment2d>
    </section-image>
    <section-image>
      <annotated type="boolean">false</annotated>
      <axes nil="true"/>
      <bits-per-component type="integer">8</bits-per-component>
      <data-set-id type="integer">77764089</data-set-id>
      <expression type="boolean" nil="true"/>
      <expression-path>/external/mouse/prod28/0301031616/0301031616_88_expression.aff</expression-path>
      <failed type="boolean">false</failed>
      <height type="integer">6977</height>
      <id type="integer">77719860</id>
      <image-height type="integer">6977</image-height>
      <image-type>Primary</image-type>
      <image-width type="integer">8961</image-width>
      <isi-experiment-id type="integer" nil="true"/>
      <lims1-id type="integer">77719860</lims1-id>
      <number-of-components type="integer">3</number-of-components>
      <ophys-experiment-id type="integer" nil="true"/>
      <path>/external/aibssan/production20/stitch18/0301031616/0301031616_4_zoom.aff</path>
      <projection-function nil="true"/>
      <resolution type="float">1.049</resolution>
      <section-number type="integer">88</section-number>
      <specimen-id type="integer" nil="true"/>
      <structure-id type="integer" nil="true"/>
      <tier-count type="integer">7</tier-count>
      <width type="integer">8961</width>
      <x type="integer">0</x>
      <y type="integer">0</y>
      <alignment2d>
        <id type="integer">171743854</id>
        <tvs>0.953102,-0.0188665,0.0188665,0.953102,-1843.39,-1702.9</tvs>
        <tsv>1.04879,0.0207608,-0.0207608,1.04879,1968.69,1747.72</tsv>
      </alignment2d>
    </section-image>
    <section-image>
      <annotated type="boolean">false</annotated>
      <axes nil="true"/>
      <bits-per-component type="integer">8</bits-per-component>
      <data-set-id type="integer">77764089</data-set-id>
      <expression type="boolean" nil="true"/>
      <expression-path>/external/mouse/prod28/0301041530/0301041530_96_expression.aff</expression-path>
      <failed type="boolean">false</failed>
      <height type="integer">6913</height>
      <id type="integer">77719864</id>
      <image-height type="integer">6913</image-height>
      <image-type>Primary</image-type>
      <image-width type="integer">8961</image-width>
      <isi-experiment-id type="integer" nil="true"/>
      <lims1-id type="integer">77719864</lims1-id>
      <number-of-components type="integer">3</number-of-components>
      <ophys-experiment-id type="integer" nil="true"/>
      <path>/external/aibssan/production20/stitch19/0301041530/0301041530_1_zoom.aff</path>
      <projection-function nil="true"/>
      <resolution type="float">1.049</resolution>
      <section-number type="integer">96</section-number>
      <specimen-id type="integer" nil="true"/>
      <structure-id type="integer" nil="true"/>
      <tier-count type="integer">7</tier-count>
      <width type="integer">8961</width>
      <x type="integer">0</x>
      <y type="integer">0</y>
      <alignment2d>
        <id type="integer">171743856</id>
        <tvs>0.953229,-0.010725,0.010725,0.953229,-1825.61,-1520.73</tvs>
        <tsv>1.04893,0.0118018,-0.0118018,1.04893,1932.89,1573.6</tsv>
      </alignment2d>
    </section-image>
    <section-image>
      <annotated type="boolean">false</annotated>
      <axes nil="true"/>
      <bits-per-component type="integer">8</bits-per-component>
      <data-set-id type="integer">77764089</data-set-id>
      <expression type="boolean" nil="true"/>
      <expression-path>/external/mouse/prod28/0301041530/0301041530_104_expression.aff</expression-path>
      <failed type="boolean">false</failed>
      <height type="integer">7217</height>
      <id type="integer">77719866</id>
      <image-height type="integer">7217</image-height>
      <image-type>Primary</image-type>
      <image-width type="integer">8865</image-width>
      <isi-experiment-id type="integer" nil="true"/>
      <lims1-id type="integer">77719866</lims1-id>
      <number-of-components type="integer">3</number-of-components>
      <ophys-experiment-id type="integer" nil="true"/>
      <path>/external/aibssan/production20/stitch19/0301041530/0301041530_2_zoom.aff</path>
      <projection-function nil="true"/>
      <resolution type="float">1.049</resolution>
      <section-number type="integer">104</section-number>
      <specimen-id type="integer" nil="true"/>
      <structure-id type="integer" nil="true"/>
      <tier-count type="integer">7</tier-count>
      <width type="integer">8865</width>
      <x type="integer">0</x>
      <y type="integer">0</y>
      <alignment2d>
        <id type="integer">171743859</id>
        <tvs>0.953259,-0.00749718,0.00749718,0.953259,-1915.24,-1472.37</tvs>
        <tsv>1.04897,0.0082499,-0.0082499,1.04897,2021.17,1528.67</tsv>
      </alignment2d>
    </section-image>
    <section-image>
      <annotated type="boolean">false</annotated>
      <axes nil="true"/>
      <bits-per-component type="integer">8</bits-per-component>
      <data-set-id type="integer">77764089</data-set-id>
      <expression type="boolean" nil="true"/>
      <expression-path>/external/mouse/prod28/0301041530/0301041530_112_expression.aff</expression-path>
      <failed type="boolean">false</failed>
      <height type="integer">7009</height>
      <id type="integer">77719868</id>
      <image-height type="integer">7009</image-height>
      <image-type>Primary</image-type>
      <image-width type="integer">8545</image-width>
      <isi-experiment-id type="integer" nil="true"/>
      <lims1-id type="integer">77719868</lims1-id>
      <number-of-components type="integer">3</number-of-components>
      <ophys-experiment-id type="integer" nil="true"/>
      <path>/external/aibssan/production20/stitch19/0301041530/0301041530_3_zoom.aff</path>
      <projection-function nil="true"/>
      <resolution type="float">1.049</resolution>
      <section-number type="integer">112</section-number>
      <specimen-id type="integer" nil="true"/>
      <structure-id type="integer" nil="true"/>
      <tier-count type="integer">7</tier-count>
      <width type="integer">8545</width>
      <x type="integer">0</x>
      <y type="integer">0</y>
      <alignment2d>
        <id type="integer">171743861</id>
        <tvs>0.953279,-0.00436377,0.00436377,0.953279,-2230.86,-1497.77</tvs>
        <tsv>1.04899,0.0048019,-0.0048019,1.04899,2347.34,1560.43</tsv>
      </alignment2d>
    </section-image>
    <section-image>
      <annotated type="boolean">false</annotated>
      <axes nil="true"/>
      <bits-per-component type="integer">8</bits-per-component>
      <data-set-id type="integer">77764089</data-set-id>
      <expression type="boolean" nil="true"/>
      <expression-path>/external/mouse/prod28/0301052104/0301052104_128_expression.aff</expression-path>
      <failed type="boolean">false</failed>
      <height type="integer">7057</height>
      <id type="integer">77719874</id>
      <image-height type="integer">7057</image-height>
      <image-type>Primary</image-type>
      <image-width type="integer">9025</image-width>
      <isi-experiment-id type="integer" nil="true"/>
      <lims1-id type="integer">77719874</lims1-id>
      <number-of-components type="integer">3</number-of-components>
      <ophys-experiment-id type="integer" nil="true"/>
      <path>/external/aibssan/production20/stitch19/0301052104/0301052104_1_zoom.aff</path>
      <projection-function nil="true"/>
      <resolution type="float">1.049</resolution>
      <section-number type="integer">128</section-number>
      <specimen-id type="integer" nil="true"/>
      <structure-id type="integer" nil="true"/>
      <tier-count type="integer">7</tier-count>
      <width type="integer">9025</width>
      <x type="integer">0</x>
      <y type="integer">0</y>
      <alignment2d>
        <id type="integer">171743863</id>
        <tvs>0.953031,-0.0221756,0.0221756,0.953031,-1469.25,-1519.54</tvs>
        <tsv>1.04872,0.0244021,-0.0244021,1.04872,1577.91,1557.72</tsv>
      </alignment2d>
    </section-image>
    <section-image>
      <annotated type="boolean">false</annotated>
      <axes nil="true"/>
      <bits-per-component type="integer">8</bits-per-component>
      <data-set-id type="integer">77764089</data-set-id>
      <expression type="boolean" nil="true"/>
      <expression-path>/external/mouse/prod28/0301052104/0301052104_136_expression.aff</expression-path>
      <failed type="boolean">false</failed>
      <height type="integer">7153</height>
      <id type="integer">77719876</id>
      <image-height type="integer">7153</image-height>
      <image-type>Primary</image-type>
      <image-width type="integer">9169</image-width>
      <isi-experiment-id type="integer" nil="true"/>
      <lims1-id type="integer">77719876</lims1-id>
      <number-of-components type="integer">3</number-of-components>
      <ophys-experiment-id type="integer" nil="true"/>
      <path>/external/aibssan/production20/stitch19/0301052104/0301052104_2_zoom.aff</path>
      <projection-function nil="true"/>
      <resolution type="float">1.049</resolution>
      <section-number type="integer">136</section-number>
      <specimen-id type="integer" nil="true"/>
      <structure-id type="integer" nil="true"/>
      <tier-count type="integer">7</tier-count>
      <width type="integer">9169</width>
      <x type="integer">0</x>
      <y type="integer">0</y>
      <alignment2d>
        <id type="integer">171743865</id>
        <tvs>0.952719,-0.03295,0.03295,0.952719,-1258.21,-1368.29</tvs>
        <tsv>1.04837,0.0362582,-0.0362582,1.04837,1368.69,1388.85</tsv>
      </alignment2d>
    </section-image>
    <section-image>
      <annotated type="boolean">false</annotated>
      <axes nil="true"/>
      <bits-per-component type="integer">8</bits-per-component>
      <data-set-id type="integer">77764089</data-set-id>
      <expression type="boolean" nil="true"/>
      <expression-path>/external/mouse/prod28/0301052104/0301052104_144_expression.aff</expression-path>
      <failed type="boolean">false</failed>
      <height type="integer">9473</height>
      <id type="integer">77719878</id>
      <image-height type="integer">9473</image-height>
      <image-type>Primary</image-type>
      <image-width type="integer">13681</image-width>
      <isi-experiment-id type="integer" nil="true"/>
      <lims1-id type="integer">77719878</lims1-id>
      <number-of-components type="integer">3</number-of-components>
      <ophys-experiment-id type="integer" nil="true"/>
      <path>/external/aibssan/production20/stitch19/0301052104/0301052104_3_zoom.aff</path>
      <projection-function nil="true"/>
      <resolution type="float">1.049</resolution>
      <section-number type="integer">144</section-number>
      <specimen-id type="integer" nil="true"/>
      <structure-id type="integer" nil="true"/>
      <tier-count type="integer">7</tier-count>
      <width type="integer">13681</width>
      <x type="integer">0</x>
      <y type="integer">0</y>
      <alignment2d>
        <id type="integer">171743867</id>
        <tvs>0.952413,-0.0408492,0.0408492,0.952413,3055.89,613.094</tvs>
        <tsv>1.04804,0.0449505,-0.0449505,1.04804,-3230.25,-505.181</tsv>
      </alignment2d>
    </section-image>
    <section-image>
      <annotated type="boolean">false</annotated>
      <axes nil="true"/>
      <bits-per-component type="integer">8</bits-per-component>
      <data-set-id type="integer">77764089</data-set-id>
      <expression type="boolean" nil="true"/>
      <expression-path>/external/mouse/prod28/0301052104/0301052104_152_expression.aff</expression-path>
      <failed type="boolean">false</failed>
      <height type="integer">7361</height>
      <id type="integer">77719880</id>
      <image-height type="integer">7361</image-height>
      <image-type>Primary</image-type>
      <image-width type="integer">9697</image-width>
      <isi-experiment-id type="integer" nil="true"/>
      <lims1-id type="integer">77719880</lims1-id>
      <number-of-components type="integer">3</number-of-components>
      <ophys-experiment-id type="integer" nil="true"/>
      <path>/external/aibssan/production20/stitch19/0301052104/0301052104_4_zoom.aff</path>
      <projection-function nil="true"/>
      <resolution type="float">1.049</resolution>
      <section-number type="integer">152</section-number>
      <specimen-id type="integer" nil="true"/>
      <structure-id type="integer" nil="true"/>
      <tier-count type="integer">7</tier-count>
      <width type="integer">9697</width>
      <x type="integer">0</x>
      <y type="integer">0</y>
      <alignment2d>
        <id type="integer">171743869</id>
        <tvs>0.952827,-0.0296798,0.0296798,0.952827,-1018.55,-1383.44</tvs>
        <tsv>1.04849,0.0326597,-0.0326597,1.04849,1113.12,1417.26</tsv>
      </alignment2d>
    </section-image>
    <section-image>
      <annotated type="boolean">false</annotated>
      <axes nil="true"/>
      <bits-per-component type="integer">8</bits-per-component>
      <data-set-id type="integer">77764089</data-set-id>
      <expression type="boolean" nil="true"/>
      <expression-path>/external/mouse/prod28/0301061903/0301061903_160_expression.aff</expression-path>
      <failed type="boolean">false</failed>
      <height type="integer">7073</height>
      <id type="integer">77719884</id>
      <image-height type="integer">7073</image-height>
      <image-type>Primary</image-type>
      <image-width type="integer">9825</image-width>
      <isi-experiment-id type="integer" nil="true"/>
      <lims1-id type="integer">77719884</lims1-id>
      <number-of-components type="integer">3</number-of-components>
      <ophys-experiment-id type="integer" nil="true"/>
      <path>/external/aibssan/production20/stitch19/0301061903/0301061903_1_zoom.aff</path>
      <projection-function nil="true"/>
      <resolution type="float">1.049</resolution>
      <section-number type="integer">160</section-number>
      <specimen-id type="integer" nil="true"/>
      <structure-id type="integer" nil="true"/>
      <tier-count type="integer">7</tier-count>
      <width type="integer">9825</width>
      <x type="integer">0</x>
      <y type="integer">0</y>
      <alignment2d>
        <id type="integer">171743871</id>
        <tvs>0.951818,-0.0529307,0.0529307,0.951818,-837.284,-1474.0</tvs>
        <tsv>1.04738,0.058245,-0.058245,1.04738,962.809,1495.07</tsv>
      </alignment2d>
    </section-image>
    <section-image>
      <annotated type="boolean">false</annotated>
      <axes nil="true"/>
      <bits-per-component type="integer">8</bits-per-component>
      <data-set-id type="integer">77764089</data-set-id>
      <expression type="boolean" nil="true"/>
      <expression-path>/external/mouse/prod28/0301061903/0301061903_168_expression.aff</expression-path>
      <failed type="boolean">false</failed>
      <height type="integer">7297</height>
      <id type="integer">77719886</id>
      <image-height type="integer">7297</image-height>
      <image-type>Primary</image-type>
      <image-width type="integer">9985</image-width>
      <isi-experiment-id type="integer" nil="true"/>
      <lims1-id type="integer">77719886</lims1-id>
      <number-of-components type="integer">3</number-of-components>
      <ophys-experiment-id type="integer" nil="true"/>
      <path>/external/aibssan/production20/stitch19/0301061903/0301061903_2_zoom.aff</path>
      <projection-function nil="true"/>
      <resolution type="float">1.049</resolution>
      <section-number type="integer">168</section-number>
      <specimen-id type="integer" nil="true"/>
      <structure-id type="integer" nil="true"/>
      <tier-count type="integer">7</tier-count>
      <width type="integer">9985</width>
      <x type="integer">0</x>
      <y type="integer">0</y>
      <alignment2d>
        <id type="integer">171743873</id>
        <tvs>0.95283,-0.0295748,0.0295748,0.95283,-836.898,-1285.62</tvs>
        <tsv>1.0485,0.0325441,-0.0325441,1.0485,919.323,1320.73</tsv>
      </alignment2d>
    </section-image>
    <section-image>
      <annotated type="boolean">false</annotated>
      <axes nil="true"/>
      <bits-per-component type="integer">8</bits-per-component>
      <data-set-id type="integer">77764089</data-set-id>
      <expression type="boolean" nil="true"/>
      <expression-path>/external/mouse/prod28/0301061903/0301061903_176_expression.aff</expression-path>
      <failed type="boolean">false</failed>
      <height type="integer">7153</height>
      <id type="integer">77719888</id>
      <image-height type="integer">7153</image-height>
      <image-type>Primary</image-type>
      <image-width type="integer">10145</image-width>
      <isi-experiment-id type="integer" nil="true"/>
      <lims1-id type="integer">77719888</lims1-id>
      <number-of-components type="integer">3</number-of-components>
      <ophys-experiment-id type="integer" nil="true"/>
      <path>/external/aibssan/production20/stitch19/0301061903/0301061903_3_zoom.aff</path>
      <projection-function nil="true"/>
      <resolution type="float">1.049</resolution>
      <section-number type="integer">176</section-number>
      <specimen-id type="integer" nil="true"/>
      <structure-id type="integer" nil="true"/>
      <tier-count type="integer">7</tier-count>
      <width type="integer">10145</width>
      <x type="integer">0</x>
      <y type="integer">0</y>
      <alignment2d>
        <id type="integer">171743875</id>
        <tvs>0.952436,-0.0403169,0.0403169,0.952436,-733.072,-1332.89</tvs>
        <tsv>1.04806,0.0443647,-0.0443647,1.04806,827.438,1364.43</tsv>
      </alignment2d>
    </section-image>
    <section-image>
      <annotated type="boolean">false</annotated>
      <axes nil="true"/>
      <bits-per-component type="integer">8</bits-per-component>
      <data-set-id type="integer">77764089</data-set-id>
      <expression type="boolean" nil="true"/>
      <expression-path>/external/mouse/prod28/0301061903/0301061903_184_expression.aff</expression-path>
      <failed type="boolean">false</failed>
      <height type="integer">7601</height>
      <id type="integer">77719890</id>
      <image-height type="integer">7601</image-height>
      <image-type>Primary</image-type>
      <image-width type="integer">14657</image-width>
      <isi-experiment-id type="integer" nil="true"/>
      <lims1-id type="integer">77719890</lims1-id>
      <number-of-components type="integer">3</number-of-components>
      <ophys-experiment-id type="integer" nil="true"/>
      <path>/external/aibssan/production20/stitch19/0301061903/0301061903_4_zoom.aff</path>
      <projection-function nil="true"/>
      <resolution type="float">1.049</resolution>
      <section-number type="integer">184</section-number>
      <specimen-id type="integer" nil="true"/>
      <structure-id type="integer" nil="true"/>
      <tier-count type="integer">7</tier-count>
      <width type="integer">14657</width>
      <x type="integer">0</x>
      <y type="integer">0</y>
      <alignment2d>
        <id type="integer">171743877</id>
        <tvs>0.952715,-0.0330858,0.0330858,0.952715,3686.81,-955.57</tvs>
        <tsv>1.04837,0.0364077,-0.0364077,1.04837,-3830.34,1136.02</tsv>
      </alignment2d>
    </section-image>
    <section-image>
      <annotated type="boolean">false</annotated>
      <axes nil="true"/>
      <bits-per-component type="integer">8</bits-per-component>
      <data-set-id type="integer">77764089</data-set-id>
      <expression type="boolean" nil="true"/>
      <expression-path>/external/mouse/prod28/0301071766/0301071766_192_expression.aff</expression-path>
      <failed type="boolean">false</failed>
      <height type="integer">7153</height>
      <id type="integer">77719894</id>
      <image-height type="integer">7153</image-height>
      <image-type>Primary</image-type>
      <image-width type="integer">10353</image-width>
      <isi-experiment-id type="integer" nil="true"/>
      <lims1-id type="integer">77719894</lims1-id>
      <number-of-components type="integer">3</number-of-components>
      <ophys-experiment-id type="integer" nil="true"/>
      <path>/external/aibssan/production20/stitch19/0301071766/0301071766_1_zoom.aff</path>
      <projection-function nil="true"/>
      <resolution type="float">1.049</resolution>
      <section-number type="integer">192</section-number>
      <specimen-id type="integer" nil="true"/>
      <structure-id type="integer" nil="true"/>
      <tier-count type="integer">7</tier-count>
      <width type="integer">10353</width>
      <x type="integer">0</x>
      <y type="integer">0</y>
      <alignment2d>
        <id type="integer">171743879</id>
        <tvs>0.952361,-0.042055,0.042055,0.952361,-661.62,-1202.4</tvs>
        <tsv>1.04798,0.0462774,-0.0462774,1.04798,749.007,1229.48</tsv>
      </alignment2d>
    </section-image>
    <section-image>
      <annotated type="boolean">false</annotated>
      <axes nil="true"/>
      <bits-per-component type="integer">8</bits-per-component>
      <data-set-id type="integer">77764089</data-set-id>
      <expression type="boolean" nil="true"/>
      <expression-path>/external/mouse/prod28/0301071766/0301071766_200_expression.aff</expression-path>
      <failed type="boolean">false</failed>
      <height type="integer">7089</height>
      <id type="integer">77719896</id>
      <image-height type="integer">7089</image-height>
      <image-type>Primary</image-type>
      <image-width type="integer">10417</image-width>
      <isi-experiment-id type="integer" nil="true"/>
      <lims1-id type="integer">77719896</lims1-id>
      <number-of-components type="integer">3</number-of-components>
      <ophys-experiment-id type="integer" nil="true"/>
      <path>/external/aibssan/production20/stitch19/0301071766/0301071766_2_zoom.aff</path>
      <projection-function nil="true"/>
      <resolution type="float">1.049</resolution>
      <section-number type="integer">200</section-number>
      <specimen-id type="integer" nil="true"/>
      <structure-id type="integer" nil="true"/>
      <tier-count type="integer">7</tier-count>
      <width type="integer">10417</width>
      <x type="integer">0</x>
      <y type="integer">0</y>
      <alignment2d>
        <id type="integer">171743881</id>
        <tvs>0.952573,-0.0369331,0.0369331,0.952573,-628.478,-1067.48</tvs>
        <tsv>1.04821,0.0406413,-0.0406413,1.04821,702.162,1093.41</tsv>
      </alignment2d>
    </section-image>
    <section-image>
      <annotated type="boolean">false</annotated>
      <axes nil="true"/>
      <bits-per-component type="integer">8</bits-per-component>
      <data-set-id type="integer">77764089</data-set-id>
      <expression type="boolean" nil="true"/>
      <expression-path>/external/mouse/prod28/0301071766/0301071766_208_expression.aff</expression-path>
      <failed type="boolean">false</failed>
      <height type="integer">7345</height>
      <id type="integer">77719898</id>
      <image-height type="integer">7345</image-height>
      <image-type>Primary</image-type>
      <image-width type="integer">12641</image-width>
      <isi-experiment-id type="integer" nil="true"/>
      <lims1-id type="integer">77719898</lims1-id>
      <number-of-components type="integer">3</number-of-components>
      <ophys-experiment-id type="integer" nil="true"/>
      <path>/external/aibssan/production20/stitch19/0301071766/0301071766_3_zoom.aff</path>
      <projection-function nil="true"/>
      <resolution type="float">1.049</resolution>
      <section-number type="integer">208</section-number>
      <specimen-id type="integer" nil="true"/>
      <structure-id type="integer" nil="true"/>
      <tier-count type="integer">7</tier-count>
      <width type="integer">12641</width>
      <x type="integer">0</x>
      <y type="integer">0</y>
      <alignment2d>
        <id type="integer">171743883</id>
        <tvs>0.952195,-0.045661,0.045661,0.952195,1607.37,-1057.85</tvs>
        <tsv>1.0478,0.0502454,-0.0502454,1.0478,-1631.04,1189.18</tsv>
      </alignment2d>
    </section-image>
    <section-image>
      <annotated type="boolean">false</annotated>
      <axes nil="true"/>
      <bits-per-component type="integer">8</bits-per-component>
      <data-set-id type="integer">77764089</data-set-id>
      <expression type="boolean" nil="true"/>
      <expression-path>/external/mouse/prod28/0301071766/0301071766_216_expression.aff</expression-path>
      <failed type="boolean">false</failed>
      <height type="integer">9489</height>
      <id type="integer">77719900</id>
      <image-height type="integer">9489</image-height>
      <image-type>Primary</image-type>
      <image-width type="integer">14865</image-width>
      <isi-experiment-id type="integer" nil="true"/>
      <lims1-id type="integer">77719900</lims1-id>
      <number-of-components type="integer">3</number-of-components>
      <ophys-experiment-id type="integer" nil="true"/>
      <path>/external/aibssan/production20/stitch19/0301071766/0301071766_4_zoom.aff</path>
      <projection-function nil="true"/>
      <resolution type="float">1.049</resolution>
      <section-number type="integer">216</section-number>
      <specimen-id type="integer" nil="true"/>
      <structure-id type="integer" nil="true"/>
      <tier-count type="integer">7</tier-count>
      <width type="integer">14865</width>
      <x type="integer">0</x>
      <y type="integer">0</y>
      <alignment2d>
        <id type="integer">171743885</id>
        <tvs>0.952496,-0.0388682,0.0388682,0.952496,3838.63,686.203</tvs>
        <tsv>1.04813,0.0427706,-0.0427706,1.04813,-4052.72,-555.048</tsv>
      </alignment2d>
    </section-image>
    <section-image>
      <annotated type="boolean">false</annotated>
      <axes nil="true"/>
      <bits-per-component type="integer">8</bits-per-component>
      <data-set-id type="integer">77764089</data-set-id>
      <expression type="boolean" nil="true"/>
      <expression-path>/external/mouse/prod28/0301081922/0301081922_224_expression.aff</expression-path>
      <failed type="boolean">false</failed>
      <height type="integer">3713</height>
      <id type="integer">77719904</id>
      <image-height type="integer">3713</image-height>
      <image-type>Primary</image-type>
      <image-width type="integer">7041</image-width>
      <isi-experiment-id type="integer" nil="true"/>
      <lims1-id type="integer">77719904</lims1-id>
      <number-of-components type="integer">3</number-of-components>
      <ophys-experiment-id type="integer" nil="true"/>
      <path>/external/aibssan/production20/stitch19/0301081922/0301081922_1_zoom.aff</path>
      <projection-function nil="true"/>
      <resolution type="float">1.049</resolution>
      <section-number type="integer">224</section-number>
      <specimen-id type="integer" nil="true"/>
      <structure-id type="integer" nil="true"/>
      <tier-count type="integer">6</tier-count>
      <width type="integer">7041</width>
      <x type="integer">0</x>
      <y type="integer">0</y>
      <alignment2d>
        <id type="integer">171743887</id>
        <tvs>0.953214,-0.0119668,0.0119668,0.953214,-2500.47,-2934.77</tvs>
        <tsv>1.04892,0.0131683,-0.0131683,1.04892,2661.43,3045.41</tsv>
      </alignment2d>
    </section-image>
    <section-image>
      <annotated type="boolean">false</annotated>
      <axes nil="true"/>
      <bits-per-component type="integer">8</bits-per-component>
      <data-set-id type="integer">77764089</data-set-id>
      <expression type="boolean" nil="true"/>
      <expression-path>/external/mouse/prod28/0301081922/0301081922_232_expression.aff</expression-path>
      <failed type="boolean">false</failed>
      <height type="integer">7585</height>
      <id type="integer">77719906</id>
      <image-height type="integer">7585</image-height>
      <image-type>Primary</image-type>
      <image-width type="integer">10337</image-width>
      <isi-experiment-id type="integer" nil="true"/>
      <lims1-id type="integer">77719906</lims1-id>
      <number-of-components type="integer">3</number-of-components>
      <ophys-experiment-id type="integer" nil="true"/>
      <path>/external/aibssan/production20/stitch19/0301081922/0301081922_2_zoom.aff</path>
      <projection-function nil="true"/>
      <resolution type="float">1.049</resolution>
      <section-number type="integer">232</section-number>
      <specimen-id type="integer" nil="true"/>
      <structure-id type="integer" nil="true"/>
      <tier-count type="integer">7</tier-count>
      <width type="integer">10337</width>
      <x type="integer">0</x>
      <y type="integer">0</y>
      <alignment2d>
        <id type="integer">171743889</id>
        <tvs>0.952544,-0.0376868,0.0376868,0.952544,-672.238,-1176.25</tvs>
        <tsv>1.04818,0.0414706,-0.0414706,1.04818,753.406,1205.04</tsv>
      </alignment2d>
    </section-image>
    <section-image>
      <annotated type="boolean">false</annotated>
      <axes nil="true"/>
      <bits-per-component type="integer">8</bits-per-component>
      <data-set-id type="integer">77764089</data-set-id>
      <expression type="boolean" nil="true"/>
      <expression-path>/external/mouse/prod28/0301081922/0301081922_240_expression.aff</expression-path>
      <failed type="boolean">false</failed>
      <height type="integer">7601</height>
      <id type="integer">77719908</id>
      <image-height type="integer">7601</image-height>
      <image-type>Primary</image-type>
      <image-width type="integer">10337</image-width>
      <isi-experiment-id type="integer" nil="true"/>
      <lims1-id type="integer">77719908</lims1-id>
      <number-of-components type="integer">3</number-of-components>
      <ophys-experiment-id type="integer" nil="true"/>
      <path>/external/aibssan/production20/stitch19/0301081922/0301081922_3_zoom.aff</path>
      <projection-function nil="true"/>
      <resolution type="float">1.049</resolution>
      <section-number type="integer">240</section-number>
      <specimen-id type="integer" nil="true"/>
      <structure-id type="integer" nil="true"/>
      <tier-count type="integer">7</tier-count>
      <width type="integer">10337</width>
      <x type="integer">0</x>
      <y type="integer">0</y>
      <alignment2d>
        <id type="integer">171743891</id>
        <tvs>0.952154,-0.0464942,0.0464942,0.952154,-647.939,-1284.15</tvs>
        <tsv>1.04775,0.0511622,-0.0511622,1.04775,744.579,1312.32</tsv>
      </alignment2d>
    </section-image>
    <section-image>
      <annotated type="boolean">false</annotated>
      <axes nil="true"/>
      <bits-per-component type="integer">8</bits-per-component>
      <data-set-id type="integer">77764089</data-set-id>
      <expression type="boolean" nil="true"/>
      <expression-path>/external/mouse/prod28/0301081922/0301081922_248_expression.aff</expression-path>
      <failed type="boolean">false</failed>
      <height type="integer">7601</height>
      <id type="integer">77719910</id>
      <image-height type="integer">7601</image-height>
      <image-type>Primary</image-type>
      <image-width type="integer">10241</image-width>
      <isi-experiment-id type="integer" nil="true"/>
      <lims1-id type="integer">77719910</lims1-id>
      <number-of-components type="integer">3</number-of-components>
      <ophys-experiment-id type="integer" nil="true"/>
      <path>/external/aibssan/production20/stitch19/0301081922/0301081922_4_zoom.aff</path>
      <projection-function nil="true"/>
      <resolution type="float">1.049</resolution>
      <section-number type="integer">248</section-number>
      <specimen-id type="integer" nil="true"/>
      <structure-id type="integer" nil="true"/>
      <tier-count type="integer">7</tier-count>
      <width type="integer">10241</width>
      <x type="integer">0</x>
      <y type="integer">0</y>
      <alignment2d>
        <id type="integer">171743893</id>
        <tvs>0.952116,-0.0472733,0.0472733,0.952116,-696.597,-1250.19</tvs>
        <tsv>1.04771,0.0520196,-0.0520196,1.04771,794.866,1273.6</tsv>
      </alignment2d>
    </section-image>
    <section-image>
      <annotated type="boolean">false</annotated>
      <axes nil="true"/>
      <bits-per-component type="integer">8</bits-per-component>
      <data-set-id type="integer">77764089</data-set-id>
      <expression type="boolean" nil="true"/>
      <expression-path>/external/mouse/prod28/0301092594/0301092594_256_expression.aff</expression-path>
      <failed type="boolean">false</failed>
      <height type="integer">7521</height>
      <id type="integer">77719914</id>
      <image-height type="integer">7521</image-height>
      <image-type>Primary</image-type>
      <image-width type="integer">10209</image-width>
      <isi-experiment-id type="integer" nil="true"/>
      <lims1-id type="integer">77719914</lims1-id>
      <number-of-components type="integer">3</number-of-components>
      <ophys-experiment-id type="integer" nil="true"/>
      <path>/external/aibssan/production20/stitch19/0301092594/0301092594_1_zoom.aff</path>
      <projection-function nil="true"/>
      <resolution type="float">1.049</resolution>
      <section-number type="integer">256</section-number>
      <specimen-id type="integer" nil="true"/>
      <structure-id type="integer" nil="true"/>
      <tier-count type="integer">7</tier-count>
      <width type="integer">10209</width>
      <x type="integer">0</x>
      <y type="integer">0</y>
      <alignment2d>
        <id type="integer">171743895</id>
        <tvs>0.952786,-0.030968,0.030968,0.952786,-780.349,-925.718</tvs>
        <tsv>1.04845,0.0340772,-0.0340772,1.04845,849.7,943.974</tsv>
      </alignment2d>
    </section-image>
    <section-image>
      <annotated type="boolean">false</annotated>
      <axes nil="true"/>
      <bits-per-component type="integer">8</bits-per-component>
      <data-set-id type="integer">77764089</data-set-id>
      <expression type="boolean" nil="true"/>
      <expression-path>/external/mouse/prod28/0301092594/0301092594_264_expression.aff</expression-path>
      <failed type="boolean">false</failed>
      <height type="integer">7601</height>
      <id type="integer">77719916</id>
      <image-height type="integer">7601</image-height>
      <image-type>Primary</image-type>
      <image-width type="integer">10145</image-width>
      <isi-experiment-id type="integer" nil="true"/>
      <lims1-id type="integer">77719916</lims1-id>
      <number-of-components type="integer">3</number-of-components>
      <ophys-experiment-id type="integer" nil="true"/>
      <path>/external/aibssan/production20/stitch19/0301092594/0301092594_2_zoom.aff</path>
      <projection-function nil="true"/>
      <resolution type="float">1.049</resolution>
      <section-number type="integer">264</section-number>
      <specimen-id type="integer" nil="true"/>
      <structure-id type="integer" nil="true"/>
      <tier-count type="integer">7</tier-count>
      <width type="integer">10145</width>
      <x type="integer">0</x>
      <y type="integer">0</y>
      <alignment2d>
        <id type="integer">171743897</id>
        <tvs>0.952858,-0.0286566,0.0286566,0.952858,-834.386,-992.738</tvs>
        <tsv>1.04853,0.0315338,-0.0315338,1.04853,906.18,1014.6</tsv>
      </alignment2d>
    </section-image>
    <section-image>
      <annotated type="boolean">false</annotated>
      <axes nil="true"/>
      <bits-per-component type="integer">8</bits-per-component>
      <data-set-id type="integer">77764089</data-set-id>
      <expression type="boolean" nil="true"/>
      <expression-path>/external/mouse/prod28/0301092594/0301092594_272_expression.aff</expression-path>
      <failed type="boolean">false</failed>
      <height type="integer">7521</height>
      <id type="integer">77719918</id>
      <image-height type="integer">7521</image-height>
      <image-type>Primary</image-type>
      <image-width type="integer">10177</image-width>
      <isi-experiment-id type="integer" nil="true"/>
      <lims1-id type="integer">77719918</lims1-id>
      <number-of-components type="integer">3</number-of-components>
      <ophys-experiment-id type="integer" nil="true"/>
      <path>/external/aibssan/production20/stitch19/0301092594/0301092594_3_zoom.aff</path>
      <projection-function nil="true"/>
      <resolution type="float">1.049</resolution>
      <section-number type="integer">272</section-number>
      <specimen-id type="integer" nil="true"/>
      <structure-id type="integer" nil="true"/>
      <tier-count type="integer">7</tier-count>
      <width type="integer">10177</width>
      <x type="integer">0</x>
      <y type="integer">0</y>
      <alignment2d>
        <id type="integer">171743899</id>
        <tvs>0.952506,-0.0386289,0.0386289,0.952506,-767.716,-1264.99</tvs>
        <tsv>1.04814,0.0425072,-0.0425072,1.04814,858.444,1293.25</tsv>
      </alignment2d>
    </section-image>
    <section-image>
      <annotated type="boolean">false</annotated>
      <axes nil="true"/>
      <bits-per-component type="integer">8</bits-per-component>
      <data-set-id type="integer">77764089</data-set-id>
      <expression type="boolean" nil="true"/>
      <expression-path>/external/mouse/prod28/0301092594/0301092594_280_expression.aff</expression-path>
      <failed type="boolean">false</failed>
      <height type="integer">7537</height>
      <id type="integer">77719920</id>
      <image-height type="integer">7537</image-height>
      <image-type>Primary</image-type>
      <image-width type="integer">10097</image-width>
      <isi-experiment-id type="integer" nil="true"/>
      <lims1-id type="integer">77719920</lims1-id>
      <number-of-components type="integer">3</number-of-components>
      <ophys-experiment-id type="integer" nil="true"/>
      <path>/external/aibssan/production20/stitch19/0301092594/0301092594_4_zoom.aff</path>
      <projection-function nil="true"/>
      <resolution type="float">1.049</resolution>
      <section-number type="integer">280</section-number>
      <specimen-id type="integer" nil="true"/>
      <structure-id type="integer" nil="true"/>
      <tier-count type="integer">7</tier-count>
      <width type="integer">10097</width>
      <x type="integer">0</x>
      <y type="integer">0</y>
      <alignment2d>
        <id type="integer">171743901</id>
        <tvs>0.953011,-0.0230001,0.0230001,0.953011,-867.918,-1066.49</tvs>
        <tsv>1.04869,0.0253094,-0.0253094,1.04869,937.174,1096.46</tsv>
      </alignment2d>
    </section-image>
    <section-image>
      <annotated type="boolean">false</annotated>
      <axes nil="true"/>
      <bits-per-component type="integer">8</bits-per-component>
      <data-set-id type="integer">77764089</data-set-id>
      <expression type="boolean" nil="true"/>
      <expression-path>/external/mouse/prod28/0301102028/0301102028_288_expression.aff</expression-path>
      <failed type="boolean">false</failed>
      <height type="integer">7473</height>
      <id type="integer">77719924</id>
      <image-height type="integer">7473</image-height>
      <image-type>Primary</image-type>
      <image-width type="integer">9921</image-width>
      <isi-experiment-id type="integer" nil="true"/>
      <lims1-id type="integer">77719924</lims1-id>
      <number-of-components type="integer">3</number-of-components>
      <ophys-experiment-id type="integer" nil="true"/>
      <path>/external/aibssan/production20/stitch19/0301102028/0301102028_1_zoom.aff</path>
      <projection-function nil="true"/>
      <resolution type="float">1.049</resolution>
      <section-number type="integer">288</section-number>
      <specimen-id type="integer" nil="true"/>
      <structure-id type="integer" nil="true"/>
      <tier-count type="integer">7</tier-count>
      <width type="integer">9921</width>
      <x type="integer">0</x>
      <y type="integer">0</y>
      <alignment2d>
        <id type="integer">171743903</id>
        <tvs>0.952596,-0.0363471,0.0363471,0.952596,-902.458,-1245.91</tvs>
        <tsv>1.04824,0.0399964,-0.0399964,1.04824,995.822,1269.92</tsv>
      </alignment2d>
    </section-image>
    <section-image>
      <annotated type="boolean">false</annotated>
      <axes nil="true"/>
      <bits-per-component type="integer">8</bits-per-component>
      <data-set-id type="integer">77764089</data-set-id>
      <expression type="boolean" nil="true"/>
      <expression-path>/external/mouse/prod28/0301102028/0301102028_296_expression.aff</expression-path>
      <failed type="boolean">false</failed>
      <height type="integer">7857</height>
      <id type="integer">77719926</id>
      <image-height type="integer">7857</image-height>
      <image-type>Primary</image-type>
      <image-width type="integer">9889</image-width>
      <isi-experiment-id type="integer" nil="true"/>
      <lims1-id type="integer">77719926</lims1-id>
      <number-of-components type="integer">3</number-of-components>
      <ophys-experiment-id type="integer" nil="true"/>
      <path>/external/aibssan/production20/stitch19/0301102028/0301102028_2_zoom.aff</path>
      <projection-function nil="true"/>
      <resolution type="float">1.049</resolution>
      <section-number type="integer">296</section-number>
      <specimen-id type="integer" nil="true"/>
      <structure-id type="integer" nil="true"/>
      <tier-count type="integer">7</tier-count>
      <width type="integer">9889</width>
      <x type="integer">0</x>
      <y type="integer">0</y>
      <alignment2d>
        <id type="integer">171743905</id>
        <tvs>0.952667,-0.034439,0.034439,0.952667,-894.212,-1097.84</tvs>
        <tsv>1.04832,0.0378967,-0.0378967,1.04832,979.021,1117.0</tsv>
      </alignment2d>
    </section-image>
    <section-image>
      <annotated type="boolean">false</annotated>
      <axes nil="true"/>
      <bits-per-component type="integer">8</bits-per-component>
      <data-set-id type="integer">77764089</data-set-id>
      <expression type="boolean" nil="true"/>
      <expression-path>/external/mouse/prod28/0301102028/0301102028_304_expression.aff</expression-path>
      <failed type="boolean">false</failed>
      <height type="integer">7761</height>
      <id type="integer">77719928</id>
      <image-height type="integer">7761</image-height>
      <image-type>Primary</image-type>
      <image-width type="integer">9681</image-width>
      <isi-experiment-id type="integer" nil="true"/>
      <lims1-id type="integer">77719928</lims1-id>
      <number-of-components type="integer">3</number-of-components>
      <ophys-experiment-id type="integer" nil="true"/>
      <path>/external/aibssan/production20/stitch19/0301102028/0301102028_3_zoom.aff</path>
      <projection-function nil="true"/>
      <resolution type="float">1.049</resolution>
      <section-number type="integer">304</section-number>
      <specimen-id type="integer" nil="true"/>
      <structure-id type="integer" nil="true"/>
      <tier-count type="integer">7</tier-count>
      <width type="integer">9681</width>
      <x type="integer">0</x>
      <y type="integer">0</y>
      <alignment2d>
        <id type="integer">171743907</id>
        <tvs>0.952933,-0.0260346,0.0260346,0.952933,-1058.71,-1072.43</tvs>
        <tsv>1.04861,0.0286485,-0.0286485,1.04861,1140.89,1094.23</tsv>
      </alignment2d>
    </section-image>
    <section-image>
      <annotated type="boolean">false</annotated>
      <axes nil="true"/>
      <bits-per-component type="integer">8</bits-per-component>
      <data-set-id type="integer">77764089</data-set-id>
      <expression type="boolean" nil="true"/>
      <expression-path>/external/mouse/prod28/0301102028/0301102028_312_expression.aff</expression-path>
      <failed type="boolean">false</failed>
      <height type="integer">8033</height>
      <id type="integer">77719930</id>
      <image-height type="integer">8033</image-height>
      <image-type>Primary</image-type>
      <image-width type="integer">9377</image-width>
      <isi-experiment-id type="integer" nil="true"/>
      <lims1-id type="integer">77719930</lims1-id>
      <number-of-components type="integer">3</number-of-components>
      <ophys-experiment-id type="integer" nil="true"/>
      <path>/external/aibssan/production20/stitch19/0301102028/0301102028_4_zoom.aff</path>
      <projection-function nil="true"/>
      <resolution type="float">1.049</resolution>
      <section-number type="integer">312</section-number>
      <specimen-id type="integer" nil="true"/>
      <structure-id type="integer" nil="true"/>
      <tier-count type="integer">7</tier-count>
      <width type="integer">9377</width>
      <x type="integer">0</x>
      <y type="integer">0</y>
      <alignment2d>
        <id type="integer">171743909</id>
        <tvs>0.953096,-0.0191885,0.0191885,0.953096,-1193.9,-938.881</tvs>
        <tsv>1.04879,0.021115,-0.021115,1.04879,1271.97,959.478</tsv>
      </alignment2d>
    </section-image>
    <section-image>
      <annotated type="boolean">false</annotated>
      <axes nil="true"/>
      <bits-per-component type="integer">8</bits-per-component>
      <data-set-id type="integer">77764089</data-set-id>
      <expression type="boolean" nil="true"/>
      <expression-path>/external/mouse/prod28/0301112057/0301112057_320_expression.aff</expression-path>
      <failed type="boolean">false</failed>
      <height type="integer">7185</height>
      <id type="integer">77719934</id>
      <image-height type="integer">7185</image-height>
      <image-type>Primary</image-type>
      <image-width type="integer">9361</image-width>
      <isi-experiment-id type="integer" nil="true"/>
      <lims1-id type="integer">77719934</lims1-id>
      <number-of-components type="integer">3</number-of-components>
      <ophys-experiment-id type="integer" nil="true"/>
      <path>/external/aibssan/production20/stitch19/0301112057/0301112057_1_zoom.aff</path>
      <projection-function nil="true"/>
      <resolution type="float">1.049</resolution>
      <section-number type="integer">320</section-number>
      <specimen-id type="integer" nil="true"/>
      <structure-id type="integer" nil="true"/>
      <tier-count type="integer">7</tier-count>
      <width type="integer">9361</width>
      <x type="integer">0</x>
      <y type="integer">0</y>
      <alignment2d>
        <id type="integer">171743911</id>
        <tvs>0.952962,-0.0249514,0.0249514,0.952962,-1202.48,-1519.23</tvs>
        <tsv>1.04864,0.0274565,-0.0274565,1.04864,1302.68,1560.11</tsv>
      </alignment2d>
    </section-image>
    <section-image>
      <annotated type="boolean">false</annotated>
      <axes nil="true"/>
      <bits-per-component type="integer">8</bits-per-component>
      <data-set-id type="integer">77764089</data-set-id>
      <expression type="boolean" nil="true"/>
      <expression-path>/external/mouse/prod28/0301112057/0301112057_328_expression.aff</expression-path>
      <failed type="boolean">false</failed>
      <height type="integer">6113</height>
      <id type="integer">77719936</id>
      <image-height type="integer">6113</image-height>
      <image-type>Primary</image-type>
      <image-width type="integer">9217</image-width>
      <isi-experiment-id type="integer" nil="true"/>
      <lims1-id type="integer">77719936</lims1-id>
      <number-of-components type="integer">3</number-of-components>
      <ophys-experiment-id type="integer" nil="true"/>
      <path>/external/aibssan/production20/stitch19/0301112057/0301112057_2_zoom.aff</path>
      <projection-function nil="true"/>
      <resolution type="float">1.049</resolution>
      <section-number type="integer">328</section-number>
      <specimen-id type="integer" nil="true"/>
      <structure-id type="integer" nil="true"/>
      <tier-count type="integer">7</tier-count>
      <width type="integer">9217</width>
      <x type="integer">0</x>
      <y type="integer">0</y>
      <alignment2d>
        <id type="integer">171743913</id>
        <tvs>0.953208,-0.0123797,0.0123797,0.953208,-1325.15,-1508.52</tvs>
        <tsv>1.04891,0.0136226,-0.0136226,1.04891,1410.51,1564.25</tsv>
      </alignment2d>
    </section-image>
    <section-image>
      <annotated type="boolean">false</annotated>
      <axes nil="true"/>
      <bits-per-component type="integer">8</bits-per-component>
      <data-set-id type="integer">77764089</data-set-id>
      <expression type="boolean" nil="true"/>
      <expression-path>/external/mouse/prod28/0301112057/0301112057_336_expression.aff</expression-path>
      <failed type="boolean">false</failed>
      <height type="integer">7217</height>
      <id type="integer">77719938</id>
      <image-height type="integer">7217</image-height>
      <image-type>Primary</image-type>
      <image-width type="integer">8977</image-width>
      <isi-experiment-id type="integer" nil="true"/>
      <lims1-id type="integer">77719938</lims1-id>
      <number-of-components type="integer">3</number-of-components>
      <ophys-experiment-id type="integer" nil="true"/>
      <path>/external/aibssan/production20/stitch19/0301112057/0301112057_3_zoom.aff</path>
      <projection-function nil="true"/>
      <resolution type="float">1.049</resolution>
      <section-number type="integer">336</section-number>
      <specimen-id type="integer" nil="true"/>
      <structure-id type="integer" nil="true"/>
      <tier-count type="integer">7</tier-count>
      <width type="integer">8977</width>
      <x type="integer">0</x>
      <y type="integer">0</y>
      <alignment2d>
        <id type="integer">171743915</id>
        <tvs>0.952975,-0.0244738,0.0244738,0.952975,-1423.71,-1426.84</tvs>
        <tsv>1.04865,0.026931,-0.026931,1.04865,1531.41,1457.92</tsv>
      </alignment2d>
    </section-image>
    <section-image>
      <annotated type="boolean">false</annotated>
      <axes nil="true"/>
      <bits-per-component type="integer">8</bits-per-component>
      <data-set-id type="integer">77764089</data-set-id>
      <expression type="boolean" nil="true"/>
      <expression-path>/external/mouse/prod28/0301112057/0301112057_344_expression.aff</expression-path>
      <failed type="boolean">false</failed>
      <height type="integer">7217</height>
      <id type="integer">77719940</id>
      <image-height type="integer">7217</image-height>
      <image-type>Primary</image-type>
      <image-width type="integer">8657</image-width>
      <isi-experiment-id type="integer" nil="true"/>
      <lims1-id type="integer">77719940</lims1-id>
      <number-of-components type="integer">3</number-of-components>
      <ophys-experiment-id type="integer" nil="true"/>
      <path>/external/aibssan/production20/stitch19/0301112057/0301112057_4_zoom.aff</path>
      <projection-function nil="true"/>
      <resolution type="float">1.049</resolution>
      <section-number type="integer">344</section-number>
      <specimen-id type="integer" nil="true"/>
      <structure-id type="integer" nil="true"/>
      <tier-count type="integer">7</tier-count>
      <width type="integer">8657</width>
      <x type="integer">0</x>
      <y type="integer">0</y>
      <alignment2d>
        <id type="integer">171743917</id>
        <tvs>0.95303,-0.0221924,0.0221924,0.95303,-1583.41,-1446.27</tvs>
        <tsv>1.04872,0.0244205,-0.0244205,1.04872,1695.87,1478.06</tsv>
      </alignment2d>
    </section-image>
    <section-image>
      <annotated type="boolean">false</annotated>
      <axes nil="true"/>
      <bits-per-component type="integer">8</bits-per-component>
      <data-set-id type="integer">77764089</data-set-id>
      <expression type="boolean" nil="true"/>
      <expression-path>/external/mouse/prod28/0301121627/0301121627_352_expression.aff</expression-path>
      <failed type="boolean">false</failed>
      <height type="integer">6913</height>
      <id type="integer">77719944</id>
      <image-height type="integer">6913</image-height>
      <image-type>Primary</image-type>
      <image-width type="integer">8529</image-width>
      <isi-experiment-id type="integer" nil="true"/>
      <lims1-id type="integer">77719944</lims1-id>
      <number-of-components type="integer">3</number-of-components>
      <ophys-experiment-id type="integer" nil="true"/>
      <path>/external/aibssan/production20/stitch19/0301121627/0301121627_1_zoom.aff</path>
      <projection-function nil="true"/>
      <resolution type="float">1.049</resolution>
      <section-number type="integer">352</section-number>
      <specimen-id type="integer" nil="true"/>
      <structure-id type="integer" nil="true"/>
      <tier-count type="integer">7</tier-count>
      <width type="integer">8529</width>
      <x type="integer">0</x>
      <y type="integer">0</y>
      <alignment2d>
        <id type="integer">171743919</id>
        <tvs>0.953023,-0.0225277,0.0225277,0.953023,-1656.3,-1596.24</tvs>
        <tsv>1.04871,0.0247895,-0.0247895,1.04871,1776.54,1632.93</tsv>
      </alignment2d>
    </section-image>
    <section-image>
      <annotated type="boolean">false</annotated>
      <axes nil="true"/>
      <bits-per-component type="integer">8</bits-per-component>
      <data-set-id type="integer">77764089</data-set-id>
      <expression type="boolean" nil="true"/>
      <expression-path>/external/mouse/prod28/0301121627/0301121627_360_expression.aff</expression-path>
      <failed type="boolean">false</failed>
      <height type="integer">6433</height>
      <id type="integer">77719946</id>
      <image-height type="integer">6433</image-height>
      <image-type>Primary</image-type>
      <image-width type="integer">8337</image-width>
      <isi-experiment-id type="integer" nil="true"/>
      <lims1-id type="integer">77719946</lims1-id>
      <number-of-components type="integer">3</number-of-components>
      <ophys-experiment-id type="integer" nil="true"/>
      <path>/external/aibssan/production20/stitch19/0301121627/0301121627_2_zoom.aff</path>
      <projection-function nil="true"/>
      <resolution type="float">1.049</resolution>
      <section-number type="integer">360</section-number>
      <specimen-id type="integer" nil="true"/>
      <structure-id type="integer" nil="true"/>
      <tier-count type="integer">7</tier-count>
      <width type="integer">8337</width>
      <x type="integer">0</x>
      <y type="integer">0</y>
      <alignment2d>
        <id type="integer">171743921</id>
        <tvs>0.952999,-0.023497,0.023497,0.952999,-1775.28,-1918.17</tvs>
        <tsv>1.04868,0.0258561,-0.0258561,1.04868,1911.3,1965.65</tsv>
      </alignment2d>
    </section-image>
    <section-image>
      <annotated type="boolean">false</annotated>
      <axes nil="true"/>
      <bits-per-component type="integer">8</bits-per-component>
      <data-set-id type="integer">77764089</data-set-id>
      <expression type="boolean" nil="true"/>
      <expression-path>/external/mouse/prod28/0301121627/0301121627_368_expression.aff</expression-path>
      <failed type="boolean">false</failed>
      <height type="integer">6481</height>
      <id type="integer">77719948</id>
      <image-height type="integer">6481</image-height>
      <image-type>Primary</image-type>
      <image-width type="integer">8001</image-width>
      <isi-experiment-id type="integer" nil="true"/>
      <lims1-id type="integer">77719948</lims1-id>
      <number-of-components type="integer">3</number-of-components>
      <ophys-experiment-id type="integer" nil="true"/>
      <path>/external/aibssan/production20/stitch19/0301121627/0301121627_3_zoom.aff</path>
      <projection-function nil="true"/>
      <resolution type="float">1.049</resolution>
      <section-number type="integer">368</section-number>
      <specimen-id type="integer" nil="true"/>
      <structure-id type="integer" nil="true"/>
      <tier-count type="integer">6</tier-count>
      <width type="integer">8001</width>
      <x type="integer">0</x>
      <y type="integer">0</y>
      <alignment2d>
        <id type="integer">171743923</id>
        <tvs>0.952968,-0.0247428,0.0247428,0.952968,-1934.33,-1815.37</tvs>
        <tsv>1.04865,0.027227,-0.027227,1.04865,2077.86,1851.01</tsv>
      </alignment2d>
    </section-image>
    <section-image>
      <annotated type="boolean">false</annotated>
      <axes nil="true"/>
      <bits-per-component type="integer">8</bits-per-component>
      <data-set-id type="integer">77764089</data-set-id>
      <expression type="boolean" nil="true"/>
      <expression-path>/external/mouse/prod28/0301121627/0301121627_376_expression.aff</expression-path>
      <failed type="boolean">false</failed>
      <height type="integer">6321</height>
      <id type="integer">77719950</id>
      <image-height type="integer">6321</image-height>
      <image-type>Primary</image-type>
      <image-width type="integer">7793</image-width>
      <isi-experiment-id type="integer" nil="true"/>
      <lims1-id type="integer">77719950</lims1-id>
      <number-of-components type="integer">3</number-of-components>
      <ophys-experiment-id type="integer" nil="true"/>
      <path>/external/aibssan/production20/stitch19/0301121627/0301121627_4_zoom.aff</path>
      <projection-function nil="true"/>
      <resolution type="float">1.049</resolution>
      <section-number type="integer">376</section-number>
      <specimen-id type="integer" nil="true"/>
      <structure-id type="integer" nil="true"/>
      <tier-count type="integer">6</tier-count>
      <width type="integer">7793</width>
      <x type="integer">0</x>
      <y type="integer">0</y>
      <alignment2d>
        <id type="integer">171743926</id>
        <tvs>0.952998,-0.0235355,0.0235355,0.952998,-2051.55,-1826.26</tvs>
        <tsv>1.04868,0.0258985,-0.0258985,1.04868,2198.72,1862.03</tsv>
      </alignment2d>
    </section-image>
    <section-image>
      <annotated type="boolean">false</annotated>
      <axes nil="true"/>
      <bits-per-component type="integer">8</bits-per-component>
      <data-set-id type="integer">77764089</data-set-id>
      <expression type="boolean" nil="true"/>
      <expression-path>/external/mouse/prod28/0301131966/0301131966_384_expression.aff</expression-path>
      <failed type="boolean">false</failed>
      <height type="integer">6033</height>
      <id type="integer">77719954</id>
      <image-height type="integer">6033</image-height>
      <image-type>Primary</image-type>
      <image-width type="integer">7489</image-width>
      <isi-experiment-id type="integer" nil="true"/>
      <lims1-id type="integer">77719954</lims1-id>
      <number-of-components type="integer">3</number-of-components>
      <ophys-experiment-id type="integer" nil="true"/>
      <path>/external/aibssan/production20/stitch19/0301131966/0301131966_1_zoom.aff</path>
      <projection-function nil="true"/>
      <resolution type="float">1.049</resolution>
      <section-number type="integer">384</section-number>
      <specimen-id type="integer" nil="true"/>
      <structure-id type="integer" nil="true"/>
      <tier-count type="integer">6</tier-count>
      <width type="integer">7489</width>
      <x type="integer">0</x>
      <y type="integer">0</y>
      <alignment2d>
        <id type="integer">171743928</id>
        <tvs>0.953207,-0.0124895,0.0124895,0.953207,-2254.07,-1874.35</tvs>
        <tsv>1.04891,0.0137435,-0.0137435,1.04891,2390.08,1935.04</tsv>
      </alignment2d>
    </section-image>
    <section-image>
      <annotated type="boolean">false</annotated>
      <axes nil="true"/>
      <bits-per-component type="integer">8</bits-per-component>
      <data-set-id type="integer">77764089</data-set-id>
      <expression type="boolean" nil="true"/>
      <expression-path>/external/mouse/prod28/0301131966/0301131966_392_expression.aff</expression-path>
      <failed type="boolean">false</failed>
      <height type="integer">5729</height>
      <id type="integer">77719956</id>
      <image-height type="integer">5729</image-height>
      <image-type>Primary</image-type>
      <image-width type="integer">7121</image-width>
      <isi-experiment-id type="integer" nil="true"/>
      <lims1-id type="integer">77719956</lims1-id>
      <number-of-components type="integer">3</number-of-components>
      <ophys-experiment-id type="integer" nil="true"/>
      <path>/external/aibssan/production20/stitch19/0301131966/0301131966_2_zoom.aff</path>
      <projection-function nil="true"/>
      <resolution type="float">1.049</resolution>
      <section-number type="integer">392</section-number>
      <specimen-id type="integer" nil="true"/>
      <structure-id type="integer" nil="true"/>
      <tier-count type="integer">6</tier-count>
      <width type="integer">7121</width>
      <x type="integer">0</x>
      <y type="integer">0</y>
      <alignment2d>
        <id type="integer">171743930</id>
        <tvs>0.953178,-0.014518,0.014518,0.953178,-2418.94,-2086.72</tvs>
        <tsv>1.04888,0.0159756,-0.0159756,1.04888,2570.51,2150.07</tsv>
      </alignment2d>
    </section-image>
    <section-image>
      <annotated type="boolean">false</annotated>
      <axes nil="true"/>
      <bits-per-component type="integer">8</bits-per-component>
      <data-set-id type="integer">77764089</data-set-id>
      <expression type="boolean" nil="true"/>
      <expression-path>/external/mouse/prod28/0301131966/0301131966_400_expression.aff</expression-path>
      <failed type="boolean">false</failed>
      <height type="integer">5713</height>
      <id type="integer">77719958</id>
      <image-height type="integer">5713</image-height>
      <image-type>Primary</image-type>
      <image-width type="integer">6705</image-width>
      <isi-experiment-id type="integer" nil="true"/>
      <lims1-id type="integer">77719958</lims1-id>
      <number-of-components type="integer">3</number-of-components>
      <ophys-experiment-id type="integer" nil="true"/>
      <path>/external/aibssan/production20/stitch19/0301131966/0301131966_3_zoom.aff</path>
      <projection-function nil="true"/>
      <resolution type="float">1.049</resolution>
      <section-number type="integer">400</section-number>
      <specimen-id type="integer" nil="true"/>
      <structure-id type="integer" nil="true"/>
      <tier-count type="integer">6</tier-count>
      <width type="integer">6705</width>
      <x type="integer">0</x>
      <y type="integer">0</y>
      <alignment2d>
        <id type="integer">171743933</id>
        <tvs>0.953164,-0.0153994,0.0153994,0.953164,-2588.39,-2060.16</tvs>
        <tsv>1.04886,0.0169456,-0.0169456,1.04886,2749.78,2116.97</tsv>
      </alignment2d>
    </section-image>
    <section-image>
      <annotated type="boolean">false</annotated>
      <axes nil="true"/>
      <bits-per-component type="integer">8</bits-per-component>
      <data-set-id type="integer">77764089</data-set-id>
      <expression type="boolean" nil="true"/>
      <expression-path>/external/mouse/prod28/0301131966/0301131966_408_expression.aff</expression-path>
      <failed type="boolean">false</failed>
      <height type="integer">5713</height>
      <id type="integer">77719960</id>
      <image-height type="integer">5713</image-height>
      <image-type>Primary</image-type>
      <image-width type="integer">12097</image-width>
      <isi-experiment-id type="integer" nil="true"/>
      <lims1-id type="integer">77719960</lims1-id>
      <number-of-components type="integer">3</number-of-components>
      <ophys-experiment-id type="integer" nil="true"/>
      <path>/external/aibssan/production20/stitch19/0301131966/0301131966_4_zoom.aff</path>
      <projection-function nil="true"/>
      <resolution type="float">1.049</resolution>
      <section-number type="integer">408</section-number>
      <specimen-id type="integer" nil="true"/>
      <structure-id type="integer" nil="true"/>
      <tier-count type="integer">7</tier-count>
      <width type="integer">12097</width>
      <x type="integer">0</x>
      <y type="integer">0</y>
      <alignment2d>
        <id type="integer">171743935</id>
        <tvs>0.953185,-0.0140713,0.0140713,0.953185,2975.66,-2155.37</tvs>
        <tsv>1.04889,0.0154841,-0.0154841,1.04889,-3087.76,2306.81</tsv>
      </alignment2d>
    </section-image>
    <section-image>
      <annotated type="boolean">false</annotated>
      <axes nil="true"/>
      <bits-per-component type="integer">8</bits-per-component>
      <data-set-id type="integer">77764089</data-set-id>
      <expression type="boolean" nil="true"/>
      <expression-path>/external/mouse/prod28/0301142164/0301142164_416_expression.aff</expression-path>
      <failed type="boolean">false</failed>
      <height type="integer">5249</height>
      <id type="integer">77719964</id>
      <image-height type="integer">5249</image-height>
      <image-type>Primary</image-type>
      <image-width type="integer">6049</image-width>
      <isi-experiment-id type="integer" nil="true"/>
      <lims1-id type="integer">77719964</lims1-id>
      <number-of-components type="integer">3</number-of-components>
      <ophys-experiment-id type="integer" nil="true"/>
      <path>/external/aibssan/production20/stitch19/0301142164/0301142164_1_zoom.aff</path>
      <projection-function nil="true"/>
      <resolution type="float">1.049</resolution>
      <section-number type="integer">416</section-number>
      <specimen-id type="integer" nil="true"/>
      <structure-id type="integer" nil="true"/>
      <tier-count type="integer">6</tier-count>
      <width type="integer">6049</width>
      <x type="integer">0</x>
      <y type="integer">0</y>
      <alignment2d>
        <id type="integer">171743937</id>
        <tvs>0.953137,-0.0170259,0.0170259,0.953137,-2922.53,-2358.3</tvs>
        <tsv>1.04883,0.0187353,-0.0187353,1.04883,3109.42,2418.71</tsv>
      </alignment2d>
    </section-image>
    <section-image>
      <annotated type="boolean">false</annotated>
      <axes nil="true"/>
      <bits-per-component type="integer">8</bits-per-component>
      <data-set-id type="integer">77764089</data-set-id>
      <expression type="boolean" nil="true"/>
      <expression-path>/external/mouse/prod28/0301142164/0301142164_424_expression.aff</expression-path>
      <failed type="boolean">false</failed>
      <height type="integer">5105</height>
      <id type="integer">77719966</id>
      <image-height type="integer">5105</image-height>
      <image-type>Primary</image-type>
      <image-width type="integer">5617</image-width>
      <isi-experiment-id type="integer" nil="true"/>
      <lims1-id type="integer">77719966</lims1-id>
      <number-of-components type="integer">3</number-of-components>
      <ophys-experiment-id type="integer" nil="true"/>
      <path>/external/aibssan/production20/stitch19/0301142164/0301142164_2_zoom.aff</path>
      <projection-function nil="true"/>
      <resolution type="float">1.049</resolution>
      <section-number type="integer">424</section-number>
      <specimen-id type="integer" nil="true"/>
      <structure-id type="integer" nil="true"/>
      <tier-count type="integer">6</tier-count>
      <width type="integer">5617</width>
      <x type="integer">0</x>
      <y type="integer">0</y>
      <alignment2d>
        <id type="integer">171743939</id>
        <tvs>0.953115,-0.0181842,0.0181842,0.953115,-3140.67,-2478.62</tvs>
        <tsv>1.04881,0.0200099,-0.0200099,1.04881,3343.56,2536.75</tsv>
      </alignment2d>
    </section-image>
    <section-image>
      <annotated type="boolean">false</annotated>
      <axes nil="true"/>
      <bits-per-component type="integer">8</bits-per-component>
      <data-set-id type="integer">77764089</data-set-id>
      <expression type="boolean" nil="true"/>
      <expression-path>/external/mouse/prod28/0301142164/0301142164_432_expression.aff</expression-path>
      <failed type="boolean">false</failed>
      <height type="integer">4865</height>
      <id type="integer">77719968</id>
      <image-height type="integer">4865</image-height>
      <image-type>Primary</image-type>
      <image-width type="integer">5041</image-width>
      <isi-experiment-id type="integer" nil="true"/>
      <lims1-id type="integer">77719968</lims1-id>
      <number-of-components type="integer">3</number-of-components>
      <ophys-experiment-id type="integer" nil="true"/>
      <path>/external/aibssan/production20/stitch19/0301142164/0301142164_3_zoom.aff</path>
      <projection-function nil="true"/>
      <resolution type="float">1.049</resolution>
      <section-number type="integer">432</section-number>
      <specimen-id type="integer" nil="true"/>
      <structure-id type="integer" nil="true"/>
      <tier-count type="integer">6</tier-count>
      <width type="integer">5041</width>
      <x type="integer">0</x>
      <y type="integer">0</y>
      <alignment2d>
        <id type="integer">171743941</id>
        <tvs>0.953106,-0.0186599,0.0186599,0.953106,-3412.94,-2693.67</tvs>
        <tsv>1.0488,0.0205334,-0.0205334,1.0488,3634.8,2755.04</tsv>
      </alignment2d>
    </section-image>
    <section-image>
      <annotated type="boolean">false</annotated>
      <axes nil="true"/>
      <bits-per-component type="integer">8</bits-per-component>
      <data-set-id type="integer">77764089</data-set-id>
      <expression type="boolean" nil="true"/>
      <expression-path>/external/mouse/prod28/0301142164/0301142164_440_expression.aff</expression-path>
      <failed type="boolean">false</failed>
      <height type="integer">4561</height>
      <id type="integer">77719970</id>
      <image-height type="integer">4561</image-height>
      <image-type>Primary</image-type>
      <image-width type="integer">4817</image-width>
      <isi-experiment-id type="integer" nil="true"/>
      <lims1-id type="integer">77719970</lims1-id>
      <number-of-components type="integer">3</number-of-components>
      <ophys-experiment-id type="integer" nil="true"/>
      <path>/external/aibssan/production20/stitch19/0301142164/0301142164_4_zoom.aff</path>
      <projection-function nil="true"/>
      <resolution type="float">1.049</resolution>
      <section-number type="integer">440</section-number>
      <specimen-id type="integer" nil="true"/>
      <structure-id type="integer" nil="true"/>
      <tier-count type="integer">6</tier-count>
      <width type="integer">4817</width>
      <x type="integer">0</x>
      <y type="integer">0</y>
      <alignment2d>
        <id type="integer">171743943</id>
        <tvs>0.953178,-0.0145237,0.0145237,0.953178,-3580.18,-3003.98</tvs>
        <tsv>1.04888,0.0159819,-0.0159819,1.04888,3803.18,3093.59</tsv>
      </alignment2d>
    </section-image>
    <section-image>
      <annotated type="boolean">false</annotated>
      <axes nil="true"/>
      <bits-per-component type="integer">8</bits-per-component>
      <data-set-id type="integer">77764089</data-set-id>
      <expression type="boolean" nil="true"/>
      <expression-path>/external/mouse/prod28/0301151613/0301151613_448_expression.aff</expression-path>
      <failed type="boolean">false</failed>
      <height type="integer">4225</height>
      <id type="integer">77719974</id>
      <image-height type="integer">4225</image-height>
      <image-type>Primary</image-type>
      <image-width type="integer">4929</image-width>
      <isi-experiment-id type="integer" nil="true"/>
      <lims1-id type="integer">77719974</lims1-id>
      <number-of-components type="integer">3</number-of-components>
      <ophys-experiment-id type="integer" nil="true"/>
      <path>/external/aibssan/production20/stitch19/0301151613/0301151613_1_zoom.aff</path>
      <projection-function nil="true"/>
      <resolution type="float">1.049</resolution>
      <section-number type="integer">448</section-number>
      <specimen-id type="integer" nil="true"/>
      <structure-id type="integer" nil="true"/>
      <tier-count type="integer">6</tier-count>
      <width type="integer">4929</width>
      <x type="integer">0</x>
      <y type="integer">0</y>
      <alignment2d>
        <id type="integer">171743945</id>
        <tvs>0.953195,-0.0133977,0.0133977,0.953195,-3536.66,-3182.28</tvs>
        <tsv>1.0489,0.0147428,-0.0147428,1.0489,3756.51,3285.75</tsv>
      </alignment2d>
    </section-image>
    <section-image>
      <annotated type="boolean">false</annotated>
      <axes nil="true"/>
      <bits-per-component type="integer">8</bits-per-component>
      <data-set-id type="integer">77764089</data-set-id>
      <expression type="boolean" nil="true"/>
      <expression-path>/external/mouse/prod28/0301151613/0301151613_456_expression.aff</expression-path>
      <failed type="boolean">false</failed>
      <height type="integer">4449</height>
      <id type="integer">77719976</id>
      <image-height type="integer">4449</image-height>
      <image-type>Primary</image-type>
      <image-width type="integer">4881</image-width>
      <isi-experiment-id type="integer" nil="true"/>
      <lims1-id type="integer">77719976</lims1-id>
      <number-of-components type="integer">3</number-of-components>
      <ophys-experiment-id type="integer" nil="true"/>
      <path>/external/aibssan/production20/stitch19/0301151613/0301151613_2_zoom.aff</path>
      <projection-function nil="true"/>
      <resolution type="float">1.049</resolution>
      <section-number type="integer">456</section-number>
      <specimen-id type="integer" nil="true"/>
      <structure-id type="integer" nil="true"/>
      <tier-count type="integer">6</tier-count>
      <width type="integer">4881</width>
      <x type="integer">0</x>
      <y type="integer">0</y>
      <alignment2d>
        <id type="integer">171743947</id>
        <tvs>0.953195,-0.013373,0.013373,0.953195,-3581.98,-2978.54</tvs>
        <tsv>1.0489,0.0147156,-0.0147156,1.0489,3800.96,3071.47</tsv>
      </alignment2d>
    </section-image>
    <section-image>
      <annotated type="boolean">false</annotated>
      <axes nil="true"/>
      <bits-per-component type="integer">8</bits-per-component>
      <data-set-id type="integer">77764089</data-set-id>
      <expression type="boolean" nil="true"/>
      <expression-path>/external/mouse/prod28/0301151613/0301151613_464_expression.aff</expression-path>
      <failed type="boolean">false</failed>
      <height type="integer">4113</height>
      <id type="integer">77719978</id>
      <image-height type="integer">4113</image-height>
      <image-type>Primary</image-type>
      <image-width type="integer">4929</image-width>
      <isi-experiment-id type="integer" nil="true"/>
      <lims1-id type="integer">77719978</lims1-id>
      <number-of-components type="integer">3</number-of-components>
      <ophys-experiment-id type="integer" nil="true"/>
      <path>/external/aibssan/production20/stitch19/0301151613/0301151613_3_zoom.aff</path>
      <projection-function nil="true"/>
      <resolution type="float">1.049</resolution>
      <section-number type="integer">464</section-number>
      <specimen-id type="integer" nil="true"/>
      <structure-id type="integer" nil="true"/>
      <tier-count type="integer">6</tier-count>
      <width type="integer">4929</width>
      <x type="integer">0</x>
      <y type="integer">0</y>
      <alignment2d>
        <id type="integer">171743949</id>
        <tvs>0.953265,-0.00671064,0.00671064,0.953265,-3587.57,-3132.36</tvs>
        <tsv>1.04897,0.00738439,-0.00738439,1.04897,3786.39,3259.27</tsv>
      </alignment2d>
    </section-image>
    <section-image>
      <annotated type="boolean">false</annotated>
      <axes nil="true"/>
      <bits-per-component type="integer">8</bits-per-component>
      <data-set-id type="integer">77764089</data-set-id>
      <expression type="boolean" nil="true"/>
      <expression-path>/external/mouse/prod28/0301151613/0301151613_472_expression.aff</expression-path>
      <failed type="boolean">false</failed>
      <height type="integer">4305</height>
      <id type="integer">77719980</id>
      <image-height type="integer">4305</image-height>
      <image-type>Primary</image-type>
      <image-width type="integer">4737</image-width>
      <isi-experiment-id type="integer" nil="true"/>
      <lims1-id type="integer">77719980</lims1-id>
      <number-of-components type="integer">3</number-of-components>
      <ophys-experiment-id type="integer" nil="true"/>
      <path>/external/aibssan/production20/stitch19/0301151613/0301151613_4_zoom.aff</path>
      <projection-function nil="true"/>
      <resolution type="float">1.049</resolution>
      <section-number type="integer">472</section-number>
      <specimen-id type="integer" nil="true"/>
      <structure-id type="integer" nil="true"/>
      <tier-count type="integer">6</tier-count>
      <width type="integer">4737</width>
      <x type="integer">0</x>
      <y type="integer">0</y>
      <alignment2d>
        <id type="integer">171743951</id>
        <tvs>0.953287,-0.00186919,0.00186919,0.953287,-3714.34,-2977.0</tvs>
        <tsv>1.049,0.00205686,-0.00205686,1.049,3902.46,3115.22</tsv>
      </alignment2d>
    </section-image>
  </section-images>
  <plane_of_section/>
  <age>P56</age>
</section-data-set>
