<?xml version="1.0" encoding="UTF-8"?>
<section-data-set>
  <blue-channel nil="true"/>
  <delegate>false</delegate>
  <expression>true</expression>
  <failed>false</failed>
  <failed-facet>734881840</failed-facet>
  <green-channel nil="true"/>
  <id>78633142</id>
  <name nil="true"/>
  <qc-date>2007-08-08T10:44:10Z</qc-date>
  <red-channel nil="true"/>
  <reference-space-id>9</reference-space-id>
  <rnaseq-design-id nil="true"/>
  <section-thickness>25.0</section-thickness>
  <specimen-id>78087650</specimen-id>
  <sphinx-id>63088</sphinx-id>
  <storage-directory>/external/mouse/prod41/image_series_78633142/</storage-directory>
  <weight>5030</weight>
  <products>
    <product>
      <abbreviation>MouseDiv</abbreviation>
      <description>High-resolution ISH data detailing the expression of approximately 50 well-known drug target genes and 12 additional genes throughout the adult male mouse brain in seven different mouse strains and in adult female C57BL/6J mice.</description>
      <id type="integer">16</id>
      <name>Mouse Strains</name>
      <product-name-facet type="integer">635972493</product-name-facet>
      <resource>Mouse Strains Study</resource>
      <species>Mouse</species>
      <species-name-facet type="integer">1861523945</species-name-facet>
      <tags>Diversity</tags>
    </product>
  </products>
  <specimen>
    <cell-prep-sample-id type="integer" nil="true"/>
    <cell-reporter-id type="integer" nil="true"/>
    <cortex-layer-id type="integer" nil="true"/>
    <data nil="true"/>
    <donor-id type="integer">13786</donor-id>
    <ephys-result-id type="integer" nil="true"/>
    <external-specimen-name nil="true"/>
    <failed-facet type="integer">734881840</failed-facet>
    <hemisphere>(none)</hemisphere>
    <id type="integer">78087650</id>
    <is-cell-specimen type="boolean">false</is-cell-specimen>
    <is-ish type="boolean">false</is-ish>
    <name>321-0716</name>
    <parent-id type="integer" nil="true"/>
    <parent-x-coord type="integer" nil="true"/>
    <parent-y-coord type="integer" nil="true"/>
    <parent-z-coord type="integer" nil="true"/>
    <pinned-radius type="float" nil="true"/>
    <rna-integrity-number type="float" nil="true"/>
    <specimen-id-path>/78087650/</specimen-id-path>
    <sphinx-id type="integer">26622</sphinx-id>
    <structure-id type="integer" nil="true"/>
    <tissue-ph type="float" nil="true"/>
    <treatment-id type="integer" nil="true"/>
    <weight type="integer">9000</weight>
    <donor>
      <age-id type="integer">15</age-id>
      <chemotherapy nil="true"/>
      <condition-description nil="true"/>
      <data nil="true"/>
      <date-of-birth type="datetime" nil="true"/>
      <donor-condition-description-facet type="integer" nil="true"/>
      <donor-race-only-facet type="integer" nil="true"/>
      <donor-sex-facet type="integer">4122955671</donor-sex-facet>
      <donor-strain-facet type="integer">3421765595</donor-strain-facet>
      <donor-strain-only-facet type="integer">3421765595</donor-strain-only-facet>
      <egfr-amplification nil="true"/>
      <extent-of-resection nil="true"/>
      <external-donor-name nil="true"/>
      <full-genotype nil="true"/>
      <handedness>unknown</handedness>
      <id type="integer">13786</id>
      <initial-kps nil="true"/>
      <mgmt-ihc type="integer" nil="true"/>
      <mgmt-methylation nil="true"/>
      <molecular-subtype nil="true"/>
      <multifocal nil="true"/>
      <name>321-0716</name>
      <organism-id type="integer">2</organism-id>
      <pmi type="float">0.0</pmi>
      <primary-tissue-source>AIBS</primary-tissue-source>
      <pten-deletion nil="true"/>
      <race-only nil="true"/>
      <radiation-therapy nil="true"/>
      <recurrence-by-six-months nil="true"/>
      <sex>M</sex>
      <sex-full-name>Male</sex-full-name>
      <sleep-state nil="true"/>
      <smoker nil="true"/>
      <strain>CAST/EiJ</strain>
      <strain-only>CAST/EiJ</strain-only>
      <survival-days type="integer" nil="true"/>
      <tags>321-0716 unknown</tags>
      <theiler-stage nil="true"/>
      <time-to-progression-or-recurrence nil="true"/>
      <transgenic-mouse-id type="integer" nil="true"/>
      <tumor-status nil="true"/>
      <weight-grams type="float">13.9</weight-grams>
    </donor>
  </specimen>
  <alignment3d>
    <id type="integer">171969807</id>
    <trv>-0.0459218,0.0194063,0.912188,-0.040787,0.965769,-0.0225486,-0.920703,-0.0446803,-0.044475,1317.47,1599.18,12900.1</trv>
    <tvr>-0.0539285,-0.0489401,-1.08127,0.0232429,1.03281,-0.0469125,1.09306,-0.0244361,-0.0534357,14097.8,-1077.09,-711.666</tvr>
  </alignment3d>
  <section-images>
    <section-image>
      <annotated type="boolean">false</annotated>
      <axes nil="true"/>
      <bits-per-component type="integer">8</bits-per-component>
      <data-set-id type="integer">78633142</data-set-id>
      <expression type="boolean" nil="true"/>
      <expression-path>/external/mouse/prod37/0305012153/0305012153_4_expression.aff</expression-path>
      <failed type="boolean">false</failed>
      <height type="integer">4545</height>
      <id type="integer">78598216</id>
      <image-height type="integer">4545</image-height>
      <image-type>Primary</image-type>
      <image-width type="integer">4561</image-width>
      <isi-experiment-id type="integer" nil="true"/>
      <lims1-id type="integer">78598216</lims1-id>
      <number-of-components type="integer">3</number-of-components>
      <ophys-experiment-id type="integer" nil="true"/>
      <path>/external/aibssan/production21/stitch10/0305012153/0305012153_1_zoom.aff</path>
      <projection-function nil="true"/>
      <resolution type="float">1.049</resolution>
      <section-number type="integer">4</section-number>
      <specimen-id type="integer" nil="true"/>
      <structure-id type="integer" nil="true"/>
      <tier-count type="integer">6</tier-count>
      <width type="integer">4561</width>
      <x type="integer">0</x>
      <y type="integer">0</y>
      <alignment2d>
        <id type="integer">171970043</id>
        <tvs>0.953289,0.0,0.0,0.953289,-3678.36,-2318.58</tvs>
        <tsv>1.049,0.0,0.0,1.049,3858.59,2432.19</tsv>
      </alignment2d>
    </section-image>
    <section-image>
      <annotated type="boolean">false</annotated>
      <axes nil="true"/>
      <bits-per-component type="integer">8</bits-per-component>
      <data-set-id type="integer">78633142</data-set-id>
      <expression type="boolean" nil="true"/>
      <expression-path>/external/mouse/prod37/0305012153/0305012153_12_expression.aff</expression-path>
      <failed type="boolean">false</failed>
      <height type="integer">5313</height>
      <id type="integer">78598218</id>
      <image-height type="integer">5313</image-height>
      <image-type>Primary</image-type>
      <image-width type="integer">4801</image-width>
      <isi-experiment-id type="integer" nil="true"/>
      <lims1-id type="integer">78598218</lims1-id>
      <number-of-components type="integer">3</number-of-components>
      <ophys-experiment-id type="integer" nil="true"/>
      <path>/external/aibssan/production21/stitch10/0305012153/0305012153_2_zoom.aff</path>
      <projection-function nil="true"/>
      <resolution type="float">1.049</resolution>
      <section-number type="integer">12</section-number>
      <specimen-id type="integer" nil="true"/>
      <structure-id type="integer" nil="true"/>
      <tier-count type="integer">6</tier-count>
      <width type="integer">4801</width>
      <x type="integer">0</x>
      <y type="integer">0</y>
      <alignment2d>
        <id type="integer">171970045</id>
        <tvs>0.953289,0.0,0.0,0.953289,-3539.8,-1965.85</tvs>
        <tsv>1.049,0.0,0.0,1.049,3713.25,2062.18</tsv>
      </alignment2d>
    </section-image>
    <section-image>
      <annotated type="boolean">false</annotated>
      <axes nil="true"/>
      <bits-per-component type="integer">8</bits-per-component>
      <data-set-id type="integer">78633142</data-set-id>
      <expression type="boolean" nil="true"/>
      <expression-path>/external/mouse/prod37/0305012153/0305012153_20_expression.aff</expression-path>
      <failed type="boolean">false</failed>
      <height type="integer">5329</height>
      <id type="integer">78598220</id>
      <image-height type="integer">5329</image-height>
      <image-type>Primary</image-type>
      <image-width type="integer">5441</image-width>
      <isi-experiment-id type="integer" nil="true"/>
      <lims1-id type="integer">78598220</lims1-id>
      <number-of-components type="integer">3</number-of-components>
      <ophys-experiment-id type="integer" nil="true"/>
      <path>/external/aibssan/production21/stitch10/0305012153/0305012153_3_zoom.aff</path>
      <projection-function nil="true"/>
      <resolution type="float">1.049</resolution>
      <section-number type="integer">20</section-number>
      <specimen-id type="integer" nil="true"/>
      <structure-id type="integer" nil="true"/>
      <tier-count type="integer">6</tier-count>
      <width type="integer">5441</width>
      <x type="integer">0</x>
      <y type="integer">0</y>
      <alignment2d>
        <id type="integer">171970047</id>
        <tvs>0.953282,-0.00363448,0.00363448,0.953282,-3377.0,-2266.6</tvs>
        <tsv>1.04899,0.00399938,-0.00399938,1.04899,3551.51,2364.14</tsv>
      </alignment2d>
    </section-image>
    <section-image>
      <annotated type="boolean">false</annotated>
      <axes nil="true"/>
      <bits-per-component type="integer">8</bits-per-component>
      <data-set-id type="integer">78633142</data-set-id>
      <expression type="boolean" nil="true"/>
      <expression-path>/external/mouse/prod37/0305012153/0305012153_28_expression.aff</expression-path>
      <failed type="boolean">false</failed>
      <height type="integer">6305</height>
      <id type="integer">78598222</id>
      <image-height type="integer">6305</image-height>
      <image-type>Primary</image-type>
      <image-width type="integer">6129</image-width>
      <isi-experiment-id type="integer" nil="true"/>
      <lims1-id type="integer">78598222</lims1-id>
      <number-of-components type="integer">3</number-of-components>
      <ophys-experiment-id type="integer" nil="true"/>
      <path>/external/aibssan/production21/stitch10/0305012153/0305012153_4_zoom.aff</path>
      <projection-function nil="true"/>
      <resolution type="float">1.049</resolution>
      <section-number type="integer">28</section-number>
      <specimen-id type="integer" nil="true"/>
      <structure-id type="integer" nil="true"/>
      <tier-count type="integer">6</tier-count>
      <width type="integer">6129</width>
      <x type="integer">0</x>
      <y type="integer">0</y>
      <alignment2d>
        <id type="integer">171970049</id>
        <tvs>0.953249,-0.00867709,0.00867709,0.953249,-3036.94,-1947.61</tvs>
        <tsv>1.04896,0.00954828,-0.00954828,1.04896,3204.22,2013.96</tsv>
      </alignment2d>
    </section-image>
    <section-image>
      <annotated type="boolean">false</annotated>
      <axes nil="true"/>
      <bits-per-component type="integer">8</bits-per-component>
      <data-set-id type="integer">78633142</data-set-id>
      <expression type="boolean" nil="true"/>
      <expression-path>/external/mouse/prod37/0305021608/0305021608_36_expression.aff</expression-path>
      <failed type="boolean">false</failed>
      <height type="integer">6593</height>
      <id type="integer">78598226</id>
      <image-height type="integer">6593</image-height>
      <image-type>Primary</image-type>
      <image-width type="integer">6689</image-width>
      <isi-experiment-id type="integer" nil="true"/>
      <lims1-id type="integer">78598226</lims1-id>
      <number-of-components type="integer">3</number-of-components>
      <ophys-experiment-id type="integer" nil="true"/>
      <path>/external/aibssan/production21/stitch10/0305021608/0305021608_1_zoom.aff</path>
      <projection-function nil="true"/>
      <resolution type="float">1.049</resolution>
      <section-number type="integer">36</section-number>
      <specimen-id type="integer" nil="true"/>
      <structure-id type="integer" nil="true"/>
      <tier-count type="integer">6</tier-count>
      <width type="integer">6689</width>
      <x type="integer">0</x>
      <y type="integer">0</y>
      <alignment2d>
        <id type="integer">171970051</id>
        <tvs>0.953206,-0.0125479,0.0125479,0.953206,-2735.76,-1877.09</tvs>
        <tsv>1.04891,0.0138078,-0.0138078,1.04891,2895.48,1931.12</tsv>
      </alignment2d>
    </section-image>
    <section-image>
      <annotated type="boolean">false</annotated>
      <axes nil="true"/>
      <bits-per-component type="integer">8</bits-per-component>
      <data-set-id type="integer">78633142</data-set-id>
      <expression type="boolean" nil="true"/>
      <expression-path>/external/mouse/prod37/0305021608/0305021608_44_expression.aff</expression-path>
      <failed type="boolean">false</failed>
      <height type="integer">9553</height>
      <id type="integer">78598228</id>
      <image-height type="integer">9553</image-height>
      <image-type>Primary</image-type>
      <image-width type="integer">15057</image-width>
      <isi-experiment-id type="integer" nil="true"/>
      <lims1-id type="integer">78598228</lims1-id>
      <number-of-components type="integer">3</number-of-components>
      <ophys-experiment-id type="integer" nil="true"/>
      <path>/external/aibssan/production21/stitch10/0305021608/0305021608_2_zoom.aff</path>
      <projection-function nil="true"/>
      <resolution type="float">1.049</resolution>
      <section-number type="integer">44</section-number>
      <specimen-id type="integer" nil="true"/>
      <structure-id type="integer" nil="true"/>
      <tier-count type="integer">7</tier-count>
      <width type="integer">15057</width>
      <x type="integer">0</x>
      <y type="integer">0</y>
      <alignment2d>
        <id type="integer">171970053</id>
        <tvs>0.953289,0.0,0.0,0.953289,0.0,0.0</tvs>
        <tsv>1.049,0.0,0.0,1.049,0.0,0.0</tsv>
      </alignment2d>
    </section-image>
    <section-image>
      <annotated type="boolean">false</annotated>
      <axes nil="true"/>
      <bits-per-component type="integer">8</bits-per-component>
      <data-set-id type="integer">78633142</data-set-id>
      <expression type="boolean" nil="true"/>
      <expression-path>/external/mouse/prod37/0305021608/0305021608_52_expression.aff</expression-path>
      <failed type="boolean">false</failed>
      <height type="integer">6705</height>
      <id type="integer">78598230</id>
      <image-height type="integer">6705</image-height>
      <image-type>Primary</image-type>
      <image-width type="integer">7457</image-width>
      <isi-experiment-id type="integer" nil="true"/>
      <lims1-id type="integer">78598230</lims1-id>
      <number-of-components type="integer">3</number-of-components>
      <ophys-experiment-id type="integer" nil="true"/>
      <path>/external/aibssan/production21/stitch10/0305021608/0305021608_3_zoom.aff</path>
      <projection-function nil="true"/>
      <resolution type="float">1.049</resolution>
      <section-number type="integer">52</section-number>
      <specimen-id type="integer" nil="true"/>
      <structure-id type="integer" nil="true"/>
      <tier-count type="integer">6</tier-count>
      <width type="integer">7457</width>
      <x type="integer">0</x>
      <y type="integer">0</y>
      <alignment2d>
        <id type="integer">171970055</id>
        <tvs>0.953022,-0.0225607,0.0225607,0.953022,-2325.97,-1866.71</tvs>
        <tsv>1.04871,0.0248258,-0.0248258,1.04871,2485.6,1899.88</tsv>
      </alignment2d>
    </section-image>
    <section-image>
      <annotated type="boolean">false</annotated>
      <axes nil="true"/>
      <bits-per-component type="integer">8</bits-per-component>
      <data-set-id type="integer">78633142</data-set-id>
      <expression type="boolean" nil="true"/>
      <expression-path>/external/mouse/prod37/0305021608/0305021608_60_expression.aff</expression-path>
      <failed type="boolean">false</failed>
      <height type="integer">7009</height>
      <id type="integer">78598232</id>
      <image-height type="integer">7009</image-height>
      <image-type>Primary</image-type>
      <image-width type="integer">7489</image-width>
      <isi-experiment-id type="integer" nil="true"/>
      <lims1-id type="integer">78598232</lims1-id>
      <number-of-components type="integer">3</number-of-components>
      <ophys-experiment-id type="integer" nil="true"/>
      <path>/external/aibssan/production21/stitch10/0305021608/0305021608_4_zoom.aff</path>
      <projection-function nil="true"/>
      <resolution type="float">1.049</resolution>
      <section-number type="integer">60</section-number>
      <specimen-id type="integer" nil="true"/>
      <structure-id type="integer" nil="true"/>
      <tier-count type="integer">6</tier-count>
      <width type="integer">7489</width>
      <x type="integer">0</x>
      <y type="integer">0</y>
      <alignment2d>
        <id type="integer">171970057</id>
        <tvs>0.95328,-0.00406671,0.00406671,0.95328,-2307.46,-1698.53</tvs>
        <tsv>1.04899,0.00447501,-0.00447501,1.04899,2428.1,1771.41</tsv>
      </alignment2d>
    </section-image>
    <section-image>
      <annotated type="boolean">false</annotated>
      <axes nil="true"/>
      <bits-per-component type="integer">8</bits-per-component>
      <data-set-id type="integer">78633142</data-set-id>
      <expression type="boolean" nil="true"/>
      <expression-path>/external/mouse/prod37/0305031795/0305031795_68_expression.aff</expression-path>
      <failed type="boolean">false</failed>
      <height type="integer">6657</height>
      <id type="integer">78598236</id>
      <image-height type="integer">6657</image-height>
      <image-type>Primary</image-type>
      <image-width type="integer">7761</image-width>
      <isi-experiment-id type="integer" nil="true"/>
      <lims1-id type="integer">78598236</lims1-id>
      <number-of-components type="integer">3</number-of-components>
      <ophys-experiment-id type="integer" nil="true"/>
      <path>/external/aibssan/production21/stitch10/0305031795/0305031795_1_zoom.aff</path>
      <projection-function nil="true"/>
      <resolution type="float">1.049</resolution>
      <section-number type="integer">68</section-number>
      <specimen-id type="integer" nil="true"/>
      <structure-id type="integer" nil="true"/>
      <tier-count type="integer">6</tier-count>
      <width type="integer">7761</width>
      <x type="integer">0</x>
      <y type="integer">0</y>
      <alignment2d>
        <id type="integer">171970059</id>
        <tvs>0.953112,-0.0183634,0.0183634,0.953112,-2131.81,-1927.68</tvs>
        <tsv>1.04881,0.0202071,-0.0202071,1.04881,2274.81,1978.68</tsv>
      </alignment2d>
    </section-image>
    <section-image>
      <annotated type="boolean">false</annotated>
      <axes nil="true"/>
      <bits-per-component type="integer">8</bits-per-component>
      <data-set-id type="integer">78633142</data-set-id>
      <expression type="boolean" nil="true"/>
      <expression-path>/external/mouse/prod37/0305031795/0305031795_76_expression.aff</expression-path>
      <failed type="boolean">false</failed>
      <height type="integer">6753</height>
      <id type="integer">78598238</id>
      <image-height type="integer">6753</image-height>
      <image-type>Primary</image-type>
      <image-width type="integer">8081</image-width>
      <isi-experiment-id type="integer" nil="true"/>
      <lims1-id type="integer">78598238</lims1-id>
      <number-of-components type="integer">3</number-of-components>
      <ophys-experiment-id type="integer" nil="true"/>
      <path>/external/aibssan/production21/stitch10/0305031795/0305031795_2_zoom.aff</path>
      <projection-function nil="true"/>
      <resolution type="float">1.049</resolution>
      <section-number type="integer">76</section-number>
      <specimen-id type="integer" nil="true"/>
      <structure-id type="integer" nil="true"/>
      <tier-count type="integer">6</tier-count>
      <width type="integer">8081</width>
      <x type="integer">0</x>
      <y type="integer">0</y>
      <alignment2d>
        <id type="integer">171970062</id>
        <tvs>0.953282,-0.00356368,0.00356368,0.953282,-2019.86,-1815.7</tvs>
        <tsv>1.04899,0.00392147,-0.00392147,1.04899,2125.94,1896.73</tsv>
      </alignment2d>
    </section-image>
    <section-image>
      <annotated type="boolean">false</annotated>
      <axes nil="true"/>
      <bits-per-component type="integer">8</bits-per-component>
      <data-set-id type="integer">78633142</data-set-id>
      <expression type="boolean" nil="true"/>
      <expression-path>/external/mouse/prod37/0305031795/0305031795_84_expression.aff</expression-path>
      <failed type="boolean">false</failed>
      <height type="integer">6497</height>
      <id type="integer">78598240</id>
      <image-height type="integer">6497</image-height>
      <image-type>Primary</image-type>
      <image-width type="integer">8641</image-width>
      <isi-experiment-id type="integer" nil="true"/>
      <lims1-id type="integer">78598240</lims1-id>
      <number-of-components type="integer">3</number-of-components>
      <ophys-experiment-id type="integer" nil="true"/>
      <path>/external/aibssan/production21/stitch10/0305031795/0305031795_3_zoom.aff</path>
      <projection-function nil="true"/>
      <resolution type="float">1.049</resolution>
      <section-number type="integer">84</section-number>
      <specimen-id type="integer" nil="true"/>
      <structure-id type="integer" nil="true"/>
      <tier-count type="integer">7</tier-count>
      <width type="integer">8641</width>
      <x type="integer">0</x>
      <y type="integer">0</y>
      <alignment2d>
        <id type="integer">171970064</id>
        <tvs>0.953087,-0.0196216,0.0196216,0.953087,-1562.86,-1848.9</tvs>
        <tsv>1.04878,0.0215916,-0.0215916,1.04878,1679.02,1905.34</tsv>
      </alignment2d>
    </section-image>
    <section-image>
      <annotated type="boolean">false</annotated>
      <axes nil="true"/>
      <bits-per-component type="integer">8</bits-per-component>
      <data-set-id type="integer">78633142</data-set-id>
      <expression type="boolean" nil="true"/>
      <expression-path>/external/mouse/prod37/0305031795/0305031795_92_expression.aff</expression-path>
      <failed type="boolean">false</failed>
      <height type="integer">6449</height>
      <id type="integer">78598242</id>
      <image-height type="integer">6449</image-height>
      <image-type>Primary</image-type>
      <image-width type="integer">8801</image-width>
      <isi-experiment-id type="integer" nil="true"/>
      <lims1-id type="integer">78598242</lims1-id>
      <number-of-components type="integer">3</number-of-components>
      <ophys-experiment-id type="integer" nil="true"/>
      <path>/external/aibssan/production21/stitch10/0305031795/0305031795_4_zoom.aff</path>
      <projection-function nil="true"/>
      <resolution type="float">1.049</resolution>
      <section-number type="integer">92</section-number>
      <specimen-id type="integer" nil="true"/>
      <structure-id type="integer" nil="true"/>
      <tier-count type="integer">7</tier-count>
      <width type="integer">8801</width>
      <x type="integer">0</x>
      <y type="integer">0</y>
      <alignment2d>
        <id type="integer">171970066</id>
        <tvs>0.952995,-0.0236766,0.0236766,0.952995,-1474.36,-2073.43</tvs>
        <tsv>1.04868,0.0260538,-0.0260538,1.04868,1600.14,2135.94</tsv>
      </alignment2d>
    </section-image>
    <section-image>
      <annotated type="boolean">false</annotated>
      <axes nil="true"/>
      <bits-per-component type="integer">8</bits-per-component>
      <data-set-id type="integer">78633142</data-set-id>
      <expression type="boolean" nil="true"/>
      <expression-path>/external/mouse/prod37/0305041651/0305041651_100_expression.aff</expression-path>
      <failed type="boolean">false</failed>
      <height type="integer">6433</height>
      <id type="integer">78598246</id>
      <image-height type="integer">6433</image-height>
      <image-type>Primary</image-type>
      <image-width type="integer">8849</image-width>
      <isi-experiment-id type="integer" nil="true"/>
      <lims1-id type="integer">78598246</lims1-id>
      <number-of-components type="integer">3</number-of-components>
      <ophys-experiment-id type="integer" nil="true"/>
      <path>/external/aibssan/production21/stitch10/0305041651/0305041651_1_zoom.aff</path>
      <projection-function nil="true"/>
      <resolution type="float">1.049</resolution>
      <section-number type="integer">100</section-number>
      <specimen-id type="integer" nil="true"/>
      <structure-id type="integer" nil="true"/>
      <tier-count type="integer">7</tier-count>
      <width type="integer">8849</width>
      <x type="integer">0</x>
      <y type="integer">0</y>
      <alignment2d>
        <id type="integer">171970068</id>
        <tvs>0.953182,-0.0142443,0.0142443,0.953182,-1583.39,-2008.41</tvs>
        <tsv>1.04888,0.0156745,-0.0156745,1.04888,1692.28,2081.77</tsv>
      </alignment2d>
    </section-image>
    <section-image>
      <annotated type="boolean">false</annotated>
      <axes nil="true"/>
      <bits-per-component type="integer">8</bits-per-component>
      <data-set-id type="integer">78633142</data-set-id>
      <expression type="boolean" nil="true"/>
      <expression-path>/external/mouse/prod37/0305041651/0305041651_108_expression.aff</expression-path>
      <failed type="boolean">false</failed>
      <height type="integer">6321</height>
      <id type="integer">78598248</id>
      <image-height type="integer">6321</image-height>
      <image-type>Primary</image-type>
      <image-width type="integer">8913</image-width>
      <isi-experiment-id type="integer" nil="true"/>
      <lims1-id type="integer">78598248</lims1-id>
      <number-of-components type="integer">3</number-of-components>
      <ophys-experiment-id type="integer" nil="true"/>
      <path>/external/aibssan/production21/stitch10/0305041651/0305041651_2_zoom.aff</path>
      <projection-function nil="true"/>
      <resolution type="float">1.049</resolution>
      <section-number type="integer">108</section-number>
      <specimen-id type="integer" nil="true"/>
      <structure-id type="integer" nil="true"/>
      <tier-count type="integer">7</tier-count>
      <width type="integer">8913</width>
      <x type="integer">0</x>
      <y type="integer">0</y>
      <alignment2d>
        <id type="integer">171970070</id>
        <tvs>0.953108,-0.0185548,0.0185548,0.953108,-1500.57,-2042.09</tvs>
        <tsv>1.0488,0.0204178,-0.0204178,1.0488,1615.5,2111.1</tsv>
      </alignment2d>
    </section-image>
    <section-image>
      <annotated type="boolean">false</annotated>
      <axes nil="true"/>
      <bits-per-component type="integer">8</bits-per-component>
      <data-set-id type="integer">78633142</data-set-id>
      <expression type="boolean" nil="true"/>
      <expression-path>/external/mouse/prod37/0305041651/0305041651_116_expression.aff</expression-path>
      <failed type="boolean">false</failed>
      <height type="integer">8545</height>
      <id type="integer">78598250</id>
      <image-height type="integer">8545</image-height>
      <image-type>Primary</image-type>
      <image-width type="integer">12369</image-width>
      <isi-experiment-id type="integer" nil="true"/>
      <lims1-id type="integer">78598250</lims1-id>
      <number-of-components type="integer">3</number-of-components>
      <ophys-experiment-id type="integer" nil="true"/>
      <path>/external/aibssan/production21/stitch10/0305041651/0305041651_3_zoom.aff</path>
      <projection-function nil="true"/>
      <resolution type="float">1.049</resolution>
      <section-number type="integer">116</section-number>
      <specimen-id type="integer" nil="true"/>
      <structure-id type="integer" nil="true"/>
      <tier-count type="integer">7</tier-count>
      <width type="integer">12369</width>
      <x type="integer">0</x>
      <y type="integer">0</y>
      <alignment2d>
        <id type="integer">171970072</id>
        <tvs>0.953281,0.00384021,-0.00384021,0.953281,-1490.76,446.068</tvs>
        <tsv>1.04899,-0.00422577,0.00422577,1.04899,1565.68,-461.622</tsv>
      </alignment2d>
    </section-image>
    <section-image>
      <annotated type="boolean">false</annotated>
      <axes nil="true"/>
      <bits-per-component type="integer">8</bits-per-component>
      <data-set-id type="integer">78633142</data-set-id>
      <expression type="boolean" nil="true"/>
      <expression-path>/external/mouse/prod37/0305041651/0305041651_124_expression.aff</expression-path>
      <failed type="boolean">false</failed>
      <height type="integer">6849</height>
      <id type="integer">78598252</id>
      <image-height type="integer">6849</image-height>
      <image-type>Primary</image-type>
      <image-width type="integer">8753</image-width>
      <isi-experiment-id type="integer" nil="true"/>
      <lims1-id type="integer">78598252</lims1-id>
      <number-of-components type="integer">3</number-of-components>
      <ophys-experiment-id type="integer" nil="true"/>
      <path>/external/aibssan/production21/stitch10/0305041651/0305041651_4_zoom.aff</path>
      <projection-function nil="true"/>
      <resolution type="float">1.049</resolution>
      <section-number type="integer">124</section-number>
      <specimen-id type="integer" nil="true"/>
      <structure-id type="integer" nil="true"/>
      <tier-count type="integer">7</tier-count>
      <width type="integer">8753</width>
      <x type="integer">0</x>
      <y type="integer">0</y>
      <alignment2d>
        <id type="integer">171970074</id>
        <tvs>0.953279,0.00432555,-0.00432555,0.953279,-1611.83,-1519.68</tvs>
        <tsv>1.04899,-0.00475984,0.00475984,1.04899,1683.55,1601.8</tsv>
      </alignment2d>
    </section-image>
    <section-image>
      <annotated type="boolean">false</annotated>
      <axes nil="true"/>
      <bits-per-component type="integer">8</bits-per-component>
      <data-set-id type="integer">78633142</data-set-id>
      <expression type="boolean" nil="true"/>
      <expression-path>/external/mouse/prod37/0305051950/0305051950_132_expression.aff</expression-path>
      <failed type="boolean">false</failed>
      <height type="integer">6657</height>
      <id type="integer">78598256</id>
      <image-height type="integer">6657</image-height>
      <image-type>Primary</image-type>
      <image-width type="integer">8641</image-width>
      <isi-experiment-id type="integer" nil="true"/>
      <lims1-id type="integer">78598256</lims1-id>
      <number-of-components type="integer">3</number-of-components>
      <ophys-experiment-id type="integer" nil="true"/>
      <path>/external/aibssan/production21/stitch10/0305051950/0305051950_1_zoom.aff</path>
      <projection-function nil="true"/>
      <resolution type="float">1.049</resolution>
      <section-number type="integer">132</section-number>
      <specimen-id type="integer" nil="true"/>
      <structure-id type="integer" nil="true"/>
      <tier-count type="integer">7</tier-count>
      <width type="integer">8641</width>
      <x type="integer">0</x>
      <y type="integer">0</y>
      <alignment2d>
        <id type="integer">171970076</id>
        <tvs>0.953287,-0.00194754,0.00194754,0.953287,-1751.06,-1674.82</tvs>
        <tsv>1.049,0.00214307,-0.00214307,1.049,1840.45,1753.13</tsv>
      </alignment2d>
    </section-image>
    <section-image>
      <annotated type="boolean">false</annotated>
      <axes nil="true"/>
      <bits-per-component type="integer">8</bits-per-component>
      <data-set-id type="integer">78633142</data-set-id>
      <expression type="boolean" nil="true"/>
      <expression-path>/external/mouse/prod37/0305051950/0305051950_140_expression.aff</expression-path>
      <failed type="boolean">false</failed>
      <height type="integer">6593</height>
      <id type="integer">78598258</id>
      <image-height type="integer">6593</image-height>
      <image-type>Primary</image-type>
      <image-width type="integer">8977</image-width>
      <isi-experiment-id type="integer" nil="true"/>
      <lims1-id type="integer">78598258</lims1-id>
      <number-of-components type="integer">3</number-of-components>
      <ophys-experiment-id type="integer" nil="true"/>
      <path>/external/aibssan/production21/stitch10/0305051950/0305051950_2_zoom.aff</path>
      <projection-function nil="true"/>
      <resolution type="float">1.049</resolution>
      <section-number type="integer">140</section-number>
      <specimen-id type="integer" nil="true"/>
      <structure-id type="integer" nil="true"/>
      <tier-count type="integer">7</tier-count>
      <width type="integer">8977</width>
      <x type="integer">0</x>
      <y type="integer">0</y>
      <alignment2d>
        <id type="integer">171970078</id>
        <tvs>0.953208,-0.0124296,0.0124296,0.953208,-1409.0,-1714.83</tvs>
        <tsv>1.04891,0.0136776,-0.0136776,1.04891,1501.37,1779.43</tsv>
      </alignment2d>
    </section-image>
    <section-image>
      <annotated type="boolean">false</annotated>
      <axes nil="true"/>
      <bits-per-component type="integer">8</bits-per-component>
      <data-set-id type="integer">78633142</data-set-id>
      <expression type="boolean" nil="true"/>
      <expression-path>/external/mouse/prod37/0305051950/0305051950_148_expression.aff</expression-path>
      <failed type="boolean">false</failed>
      <height type="integer">6689</height>
      <id type="integer">78598260</id>
      <image-height type="integer">6689</image-height>
      <image-type>Primary</image-type>
      <image-width type="integer">9137</image-width>
      <isi-experiment-id type="integer" nil="true"/>
      <lims1-id type="integer">78598260</lims1-id>
      <number-of-components type="integer">3</number-of-components>
      <ophys-experiment-id type="integer" nil="true"/>
      <path>/external/aibssan/production21/stitch10/0305051950/0305051950_3_zoom.aff</path>
      <projection-function nil="true"/>
      <resolution type="float">1.049</resolution>
      <section-number type="integer">148</section-number>
      <specimen-id type="integer" nil="true"/>
      <structure-id type="integer" nil="true"/>
      <tier-count type="integer">7</tier-count>
      <width type="integer">9137</width>
      <x type="integer">0</x>
      <y type="integer">0</y>
      <alignment2d>
        <id type="integer">171970080</id>
        <tvs>0.953193,-0.0135521,0.0135521,0.953193,-1390.03,-1548.49</tvs>
        <tsv>1.04889,0.0149127,-0.0149127,1.04889,1481.08,1603.47</tsv>
      </alignment2d>
    </section-image>
    <section-image>
      <annotated type="boolean">false</annotated>
      <axes nil="true"/>
      <bits-per-component type="integer">8</bits-per-component>
      <data-set-id type="integer">78633142</data-set-id>
      <expression type="boolean" nil="true"/>
      <expression-path>/external/mouse/prod37/0305051950/0305051950_156_expression.aff</expression-path>
      <failed type="boolean">false</failed>
      <height type="integer">6705</height>
      <id type="integer">78598262</id>
      <image-height type="integer">6705</image-height>
      <image-type>Primary</image-type>
      <image-width type="integer">9329</image-width>
      <isi-experiment-id type="integer" nil="true"/>
      <lims1-id type="integer">78598262</lims1-id>
      <number-of-components type="integer">3</number-of-components>
      <ophys-experiment-id type="integer" nil="true"/>
      <path>/external/aibssan/production21/stitch10/0305051950/0305051950_4_zoom.aff</path>
      <projection-function nil="true"/>
      <resolution type="float">1.049</resolution>
      <section-number type="integer">156</section-number>
      <specimen-id type="integer" nil="true"/>
      <structure-id type="integer" nil="true"/>
      <tier-count type="integer">7</tier-count>
      <width type="integer">9329</width>
      <x type="integer">0</x>
      <y type="integer">0</y>
      <alignment2d>
        <id type="integer">171970082</id>
        <tvs>0.95301,-0.0230495,0.0230495,0.95301,-1231.87,-1602.7</tvs>
        <tsv>1.04869,0.0253637,-0.0253637,1.04869,1332.51,1649.49</tsv>
      </alignment2d>
    </section-image>
    <section-image>
      <annotated type="boolean">false</annotated>
      <axes nil="true"/>
      <bits-per-component type="integer">8</bits-per-component>
      <data-set-id type="integer">78633142</data-set-id>
      <expression type="boolean" nil="true"/>
      <expression-path>/external/mouse/prod37/0305062020/0305062020_164_expression.aff</expression-path>
      <failed type="boolean">false</failed>
      <height type="integer">6753</height>
      <id type="integer">78598266</id>
      <image-height type="integer">6753</image-height>
      <image-type>Primary</image-type>
      <image-width type="integer">9473</image-width>
      <isi-experiment-id type="integer" nil="true"/>
      <lims1-id type="integer">78598266</lims1-id>
      <number-of-components type="integer">3</number-of-components>
      <ophys-experiment-id type="integer" nil="true"/>
      <path>/external/aibssan/production21/stitch10/0305062020/0305062020_1_zoom.aff</path>
      <projection-function nil="true"/>
      <resolution type="float">1.049</resolution>
      <section-number type="integer">164</section-number>
      <specimen-id type="integer" nil="true"/>
      <structure-id type="integer" nil="true"/>
      <tier-count type="integer">7</tier-count>
      <width type="integer">9473</width>
      <x type="integer">0</x>
      <y type="integer">0</y>
      <alignment2d>
        <id type="integer">171970084</id>
        <tvs>0.953115,-0.0182056,0.0182056,0.953115,-1172.58,-1547.9</tvs>
        <tsv>1.04881,0.0200335,-0.0200335,1.04881,1260.82,1599.96</tsv>
      </alignment2d>
    </section-image>
    <section-image>
      <annotated type="boolean">false</annotated>
      <axes nil="true"/>
      <bits-per-component type="integer">8</bits-per-component>
      <data-set-id type="integer">78633142</data-set-id>
      <expression type="boolean" nil="true"/>
      <expression-path>/external/mouse/prod37/0305062020/0305062020_172_expression.aff</expression-path>
      <failed type="boolean">false</failed>
      <height type="integer">6529</height>
      <id type="integer">78598268</id>
      <image-height type="integer">6529</image-height>
      <image-type>Primary</image-type>
      <image-width type="integer">9569</image-width>
      <isi-experiment-id type="integer" nil="true"/>
      <lims1-id type="integer">78598268</lims1-id>
      <number-of-components type="integer">3</number-of-components>
      <ophys-experiment-id type="integer" nil="true"/>
      <path>/external/aibssan/production21/stitch10/0305062020/0305062020_2_zoom.aff</path>
      <projection-function nil="true"/>
      <resolution type="float">1.049</resolution>
      <section-number type="integer">172</section-number>
      <specimen-id type="integer" nil="true"/>
      <structure-id type="integer" nil="true"/>
      <tier-count type="integer">7</tier-count>
      <width type="integer">9569</width>
      <x type="integer">0</x>
      <y type="integer">0</y>
      <alignment2d>
        <id type="integer">171970086</id>
        <tvs>0.952908,-0.0269507,0.0269507,0.952908,-1074.4,-1593.74</tvs>
        <tsv>1.04858,0.0296566,-0.0296566,1.04858,1173.86,1639.3</tsv>
      </alignment2d>
    </section-image>
    <section-image>
      <annotated type="boolean">false</annotated>
      <axes nil="true"/>
      <bits-per-component type="integer">8</bits-per-component>
      <data-set-id type="integer">78633142</data-set-id>
      <expression type="boolean" nil="true"/>
      <expression-path>/external/mouse/prod37/0305062020/0305062020_180_expression.aff</expression-path>
      <failed type="boolean">false</failed>
      <height type="integer">6497</height>
      <id type="integer">78598270</id>
      <image-height type="integer">6497</image-height>
      <image-type>Primary</image-type>
      <image-width type="integer">9729</image-width>
      <isi-experiment-id type="integer" nil="true"/>
      <lims1-id type="integer">78598270</lims1-id>
      <number-of-components type="integer">3</number-of-components>
      <ophys-experiment-id type="integer" nil="true"/>
      <path>/external/aibssan/production21/stitch10/0305062020/0305062020_3_zoom.aff</path>
      <projection-function nil="true"/>
      <resolution type="float">1.049</resolution>
      <section-number type="integer">180</section-number>
      <specimen-id type="integer" nil="true"/>
      <structure-id type="integer" nil="true"/>
      <tier-count type="integer">7</tier-count>
      <width type="integer">9729</width>
      <x type="integer">0</x>
      <y type="integer">0</y>
      <alignment2d>
        <id type="integer">171970088</id>
        <tvs>0.952862,-0.0285207,0.0285207,0.952862,-987.336,-1544.75</tvs>
        <tsv>1.04853,0.0313842,-0.0313842,1.04853,1083.73,1588.73</tsv>
      </alignment2d>
    </section-image>
    <section-image>
      <annotated type="boolean">false</annotated>
      <axes nil="true"/>
      <bits-per-component type="integer">8</bits-per-component>
      <data-set-id type="integer">78633142</data-set-id>
      <expression type="boolean" nil="true"/>
      <expression-path>/external/mouse/prod37/0305062020/0305062020_188_expression.aff</expression-path>
      <failed type="boolean">false</failed>
      <height type="integer">6769</height>
      <id type="integer">78598272</id>
      <image-height type="integer">6769</image-height>
      <image-type>Primary</image-type>
      <image-width type="integer">9761</image-width>
      <isi-experiment-id type="integer" nil="true"/>
      <lims1-id type="integer">78598272</lims1-id>
      <number-of-components type="integer">3</number-of-components>
      <ophys-experiment-id type="integer" nil="true"/>
      <path>/external/aibssan/production21/stitch10/0305062020/0305062020_4_zoom.aff</path>
      <projection-function nil="true"/>
      <resolution type="float">1.049</resolution>
      <section-number type="integer">188</section-number>
      <specimen-id type="integer" nil="true"/>
      <structure-id type="integer" nil="true"/>
      <tier-count type="integer">7</tier-count>
      <width type="integer">9761</width>
      <x type="integer">0</x>
      <y type="integer">0</y>
      <alignment2d>
        <id type="integer">171970090</id>
        <tvs>0.952843,-0.0291395,0.0291395,0.952843,-978.514,-1389.45</tvs>
        <tsv>1.04851,0.0320652,-0.0320652,1.04851,1070.53,1425.47</tsv>
      </alignment2d>
    </section-image>
    <section-image>
      <annotated type="boolean">false</annotated>
      <axes nil="true"/>
      <bits-per-component type="integer">8</bits-per-component>
      <data-set-id type="integer">78633142</data-set-id>
      <expression type="boolean" nil="true"/>
      <expression-path>/external/mouse/prod37/0305071527/0305071527_196_expression.aff</expression-path>
      <failed type="boolean">false</failed>
      <height type="integer">6721</height>
      <id type="integer">78598276</id>
      <image-height type="integer">6721</image-height>
      <image-type>Primary</image-type>
      <image-width type="integer">9809</image-width>
      <isi-experiment-id type="integer" nil="true"/>
      <lims1-id type="integer">78598276</lims1-id>
      <number-of-components type="integer">3</number-of-components>
      <ophys-experiment-id type="integer" nil="true"/>
      <path>/external/aibssan/production21/stitch10/0305071527/0305071527_1_zoom.aff</path>
      <projection-function nil="true"/>
      <resolution type="float">1.049</resolution>
      <section-number type="integer">196</section-number>
      <specimen-id type="integer" nil="true"/>
      <structure-id type="integer" nil="true"/>
      <tier-count type="integer">7</tier-count>
      <width type="integer">9809</width>
      <x type="integer">0</x>
      <y type="integer">0</y>
      <alignment2d>
        <id type="integer">171970092</id>
        <tvs>0.952652,-0.0348527,0.0348527,0.952652,-938.607,-1454.92</tvs>
        <tsv>1.0483,0.038352,-0.038352,1.0483,1039.74,1489.2</tsv>
      </alignment2d>
    </section-image>
    <section-image>
      <annotated type="boolean">false</annotated>
      <axes nil="true"/>
      <bits-per-component type="integer">8</bits-per-component>
      <data-set-id type="integer">78633142</data-set-id>
      <expression type="boolean" nil="true"/>
      <expression-path>/external/mouse/prod37/0305071527/0305071527_204_expression.aff</expression-path>
      <failed type="boolean">false</failed>
      <height type="integer">6673</height>
      <id type="integer">78598278</id>
      <image-height type="integer">6673</image-height>
      <image-type>Primary</image-type>
      <image-width type="integer">9809</image-width>
      <isi-experiment-id type="integer" nil="true"/>
      <lims1-id type="integer">78598278</lims1-id>
      <number-of-components type="integer">3</number-of-components>
      <ophys-experiment-id type="integer" nil="true"/>
      <path>/external/aibssan/production21/stitch10/0305071527/0305071527_2_zoom.aff</path>
      <projection-function nil="true"/>
      <resolution type="float">1.049</resolution>
      <section-number type="integer">204</section-number>
      <specimen-id type="integer" nil="true"/>
      <structure-id type="integer" nil="true"/>
      <tier-count type="integer">7</tier-count>
      <width type="integer">9809</width>
      <x type="integer">0</x>
      <y type="integer">0</y>
      <alignment2d>
        <id type="integer">171970094</id>
        <tvs>0.952942,-0.0257029,0.0257029,0.952942,-981.97,-1512.1</tvs>
        <tsv>1.04862,0.0282835,-0.0282835,1.04862,1072.48,1557.84</tsv>
      </alignment2d>
    </section-image>
    <section-image>
      <annotated type="boolean">false</annotated>
      <axes nil="true"/>
      <bits-per-component type="integer">8</bits-per-component>
      <data-set-id type="integer">78633142</data-set-id>
      <expression type="boolean" nil="true"/>
      <expression-path>/external/mouse/prod37/0305071527/0305071527_212_expression.aff</expression-path>
      <failed type="boolean">false</failed>
      <height type="integer">7105</height>
      <id type="integer">78598280</id>
      <image-height type="integer">7105</image-height>
      <image-type>Primary</image-type>
      <image-width type="integer">9857</image-width>
      <isi-experiment-id type="integer" nil="true"/>
      <lims1-id type="integer">78598280</lims1-id>
      <number-of-components type="integer">3</number-of-components>
      <ophys-experiment-id type="integer" nil="true"/>
      <path>/external/aibssan/production21/stitch10/0305071527/0305071527_3_zoom.aff</path>
      <projection-function nil="true"/>
      <resolution type="float">1.049</resolution>
      <section-number type="integer">212</section-number>
      <specimen-id type="integer" nil="true"/>
      <structure-id type="integer" nil="true"/>
      <tier-count type="integer">7</tier-count>
      <width type="integer">9857</width>
      <x type="integer">0</x>
      <y type="integer">0</y>
      <alignment2d>
        <id type="integer">171970096</id>
        <tvs>0.952841,-0.0292073,0.0292073,0.952841,-949.79,-1403.41</tvs>
        <tsv>1.04851,0.0321397,-0.0321397,1.04851,1040.97,1440.96</tsv>
      </alignment2d>
    </section-image>
    <section-image>
      <annotated type="boolean">false</annotated>
      <axes nil="true"/>
      <bits-per-component type="integer">8</bits-per-component>
      <data-set-id type="integer">78633142</data-set-id>
      <expression type="boolean" nil="true"/>
      <expression-path>/external/mouse/prod37/0305071527/0305071527_220_expression.aff</expression-path>
      <failed type="boolean">false</failed>
      <height type="integer">7217</height>
      <id type="integer">78598282</id>
      <image-height type="integer">7217</image-height>
      <image-type>Primary</image-type>
      <image-width type="integer">9857</image-width>
      <isi-experiment-id type="integer" nil="true"/>
      <lims1-id type="integer">78598282</lims1-id>
      <number-of-components type="integer">3</number-of-components>
      <ophys-experiment-id type="integer" nil="true"/>
      <path>/external/aibssan/production21/stitch10/0305071527/0305071527_4_zoom.aff</path>
      <projection-function nil="true"/>
      <resolution type="float">1.049</resolution>
      <section-number type="integer">220</section-number>
      <specimen-id type="integer" nil="true"/>
      <structure-id type="integer" nil="true"/>
      <tier-count type="integer">7</tier-count>
      <width type="integer">9857</width>
      <x type="integer">0</x>
      <y type="integer">0</y>
      <alignment2d>
        <id type="integer">171970098</id>
        <tvs>0.952845,-0.0290862,0.0290862,0.952845,-950.066,-1303.51</tvs>
        <tsv>1.04851,0.0320065,-0.0320065,1.04851,1037.88,1336.34</tsv>
      </alignment2d>
    </section-image>
    <section-image>
      <annotated type="boolean">false</annotated>
      <axes nil="true"/>
      <bits-per-component type="integer">8</bits-per-component>
      <data-set-id type="integer">78633142</data-set-id>
      <expression type="boolean" nil="true"/>
      <expression-path>/external/mouse/prod37/0305082073/0305082073_228_expression.aff</expression-path>
      <failed type="boolean">false</failed>
      <height type="integer">7089</height>
      <id type="integer">78598286</id>
      <image-height type="integer">7089</image-height>
      <image-type>Primary</image-type>
      <image-width type="integer">9729</image-width>
      <isi-experiment-id type="integer" nil="true"/>
      <lims1-id type="integer">78598286</lims1-id>
      <number-of-components type="integer">3</number-of-components>
      <ophys-experiment-id type="integer" nil="true"/>
      <path>/external/aibssan/production21/stitch10/0305082073/0305082073_1_zoom.aff</path>
      <projection-function nil="true"/>
      <resolution type="float">1.049</resolution>
      <section-number type="integer">228</section-number>
      <specimen-id type="integer" nil="true"/>
      <structure-id type="integer" nil="true"/>
      <tier-count type="integer">7</tier-count>
      <width type="integer">9729</width>
      <x type="integer">0</x>
      <y type="integer">0</y>
      <alignment2d>
        <id type="integer">171970100</id>
        <tvs>0.953242,-0.00946552,0.00946552,0.953242,-1094.43,-1208.51</tvs>
        <tsv>1.04895,0.0104159,-0.0104159,1.04895,1160.59,1256.26</tsv>
      </alignment2d>
    </section-image>
    <section-image>
      <annotated type="boolean">false</annotated>
      <axes nil="true"/>
      <bits-per-component type="integer">8</bits-per-component>
      <data-set-id type="integer">78633142</data-set-id>
      <expression type="boolean" nil="true"/>
      <expression-path>/external/mouse/prod37/0305082073/0305082073_236_expression.aff</expression-path>
      <failed type="boolean">false</failed>
      <height type="integer">6929</height>
      <id type="integer">78598288</id>
      <image-height type="integer">6929</image-height>
      <image-type>Primary</image-type>
      <image-width type="integer">9825</image-width>
      <isi-experiment-id type="integer" nil="true"/>
      <lims1-id type="integer">78598288</lims1-id>
      <number-of-components type="integer">3</number-of-components>
      <ophys-experiment-id type="integer" nil="true"/>
      <path>/external/aibssan/production21/stitch10/0305082073/0305082073_2_zoom.aff</path>
      <projection-function nil="true"/>
      <resolution type="float">1.049</resolution>
      <section-number type="integer">236</section-number>
      <specimen-id type="integer" nil="true"/>
      <structure-id type="integer" nil="true"/>
      <tier-count type="integer">7</tier-count>
      <width type="integer">9825</width>
      <x type="integer">0</x>
      <y type="integer">0</y>
      <alignment2d>
        <id type="integer">171970103</id>
        <tvs>0.953239,-0.00971199,0.00971199,0.953239,-1046.84,-1400.72</tvs>
        <tsv>1.04895,0.0106871,-0.0106871,1.04895,1113.05,1458.09</tsv>
      </alignment2d>
    </section-image>
    <section-image>
      <annotated type="boolean">false</annotated>
      <axes nil="true"/>
      <bits-per-component type="integer">8</bits-per-component>
      <data-set-id type="integer">78633142</data-set-id>
      <expression type="boolean" nil="true"/>
      <expression-path>/external/mouse/prod37/0305082073/0305082073_244_expression.aff</expression-path>
      <failed type="boolean">false</failed>
      <height type="integer">6961</height>
      <id type="integer">78598290</id>
      <image-height type="integer">6961</image-height>
      <image-type>Primary</image-type>
      <image-width type="integer">9777</image-width>
      <isi-experiment-id type="integer" nil="true"/>
      <lims1-id type="integer">78598290</lims1-id>
      <number-of-components type="integer">3</number-of-components>
      <ophys-experiment-id type="integer" nil="true"/>
      <path>/external/aibssan/production21/stitch10/0305082073/0305082073_3_zoom.aff</path>
      <projection-function nil="true"/>
      <resolution type="float">1.049</resolution>
      <section-number type="integer">244</section-number>
      <specimen-id type="integer" nil="true"/>
      <structure-id type="integer" nil="true"/>
      <tier-count type="integer">7</tier-count>
      <width type="integer">9777</width>
      <x type="integer">0</x>
      <y type="integer">0</y>
      <alignment2d>
        <id type="integer">171970106</id>
        <tvs>0.953206,-0.0125559,0.0125559,0.953206,-1052.31,-1394.54</tvs>
        <tsv>1.04891,0.0138166,-0.0138166,1.04891,1123.04,1448.21</tsv>
      </alignment2d>
    </section-image>
    <section-image>
      <annotated type="boolean">false</annotated>
      <axes nil="true"/>
      <bits-per-component type="integer">8</bits-per-component>
      <data-set-id type="integer">78633142</data-set-id>
      <expression type="boolean" nil="true"/>
      <expression-path>/external/mouse/prod37/0305082073/0305082073_252_expression.aff</expression-path>
      <failed type="boolean">false</failed>
      <height type="integer">6977</height>
      <id type="integer">78598292</id>
      <image-height type="integer">6977</image-height>
      <image-type>Primary</image-type>
      <image-width type="integer">9761</image-width>
      <isi-experiment-id type="integer" nil="true"/>
      <lims1-id type="integer">78598292</lims1-id>
      <number-of-components type="integer">3</number-of-components>
      <ophys-experiment-id type="integer" nil="true"/>
      <path>/external/aibssan/production21/stitch10/0305082073/0305082073_4_zoom.aff</path>
      <projection-function nil="true"/>
      <resolution type="float">1.049</resolution>
      <section-number type="integer">252</section-number>
      <specimen-id type="integer" nil="true"/>
      <structure-id type="integer" nil="true"/>
      <tier-count type="integer">7</tier-count>
      <width type="integer">9761</width>
      <x type="integer">0</x>
      <y type="integer">0</y>
      <alignment2d>
        <id type="integer">171970109</id>
        <tvs>0.953021,-0.0226158,0.0226158,0.953021,-1056.99,-1546.2</tvs>
        <tsv>1.0487,0.0248865,-0.0248865,1.0487,1146.95,1595.2</tsv>
      </alignment2d>
    </section-image>
    <section-image>
      <annotated type="boolean">false</annotated>
      <axes nil="true"/>
      <bits-per-component type="integer">8</bits-per-component>
      <data-set-id type="integer">78633142</data-set-id>
      <expression type="boolean" nil="true"/>
      <expression-path>/external/mouse/prod37/0305092571/0305092571_260_expression.aff</expression-path>
      <failed type="boolean">false</failed>
      <height type="integer">7121</height>
      <id type="integer">78598296</id>
      <image-height type="integer">7121</image-height>
      <image-type>Primary</image-type>
      <image-width type="integer">9537</image-width>
      <isi-experiment-id type="integer" nil="true"/>
      <lims1-id type="integer">78598296</lims1-id>
      <number-of-components type="integer">3</number-of-components>
      <ophys-experiment-id type="integer" nil="true"/>
      <path>/external/aibssan/production21/stitch10/0305092571/0305092571_1_zoom.aff</path>
      <projection-function nil="true"/>
      <resolution type="float">1.049</resolution>
      <section-number type="integer">260</section-number>
      <specimen-id type="integer" nil="true"/>
      <structure-id type="integer" nil="true"/>
      <tier-count type="integer">7</tier-count>
      <width type="integer">9537</width>
      <x type="integer">0</x>
      <y type="integer">0</y>
      <alignment2d>
        <id type="integer">171970111</id>
        <tvs>0.953272,-0.00571101,0.00571101,0.953272,-1227.94,-1256.14</tvs>
        <tsv>1.04898,0.00628441,-0.00628441,1.04898,1295.98,1309.95</tsv>
      </alignment2d>
    </section-image>
    <section-image>
      <annotated type="boolean">false</annotated>
      <axes nil="true"/>
      <bits-per-component type="integer">8</bits-per-component>
      <data-set-id type="integer">78633142</data-set-id>
      <expression type="boolean" nil="true"/>
      <expression-path>/external/mouse/prod37/0305092571/0305092571_268_expression.aff</expression-path>
      <failed type="boolean">false</failed>
      <height type="integer">7409</height>
      <id type="integer">78598298</id>
      <image-height type="integer">7409</image-height>
      <image-type>Primary</image-type>
      <image-width type="integer">9505</image-width>
      <isi-experiment-id type="integer" nil="true"/>
      <lims1-id type="integer">78598298</lims1-id>
      <number-of-components type="integer">3</number-of-components>
      <ophys-experiment-id type="integer" nil="true"/>
      <path>/external/aibssan/production21/stitch10/0305092571/0305092571_2_zoom.aff</path>
      <projection-function nil="true"/>
      <resolution type="float">1.049</resolution>
      <section-number type="integer">268</section-number>
      <specimen-id type="integer" nil="true"/>
      <structure-id type="integer" nil="true"/>
      <tier-count type="integer">7</tier-count>
      <width type="integer">9505</width>
      <x type="integer">0</x>
      <y type="integer">0</y>
      <alignment2d>
        <id type="integer">171970113</id>
        <tvs>0.953211,-0.012189,0.012189,0.953211,-1227.64,-1091.24</tvs>
        <tsv>1.04891,0.0134128,-0.0134128,1.04891,1302.32,1128.15</tsv>
      </alignment2d>
    </section-image>
    <section-image>
      <annotated type="boolean">false</annotated>
      <axes nil="true"/>
      <bits-per-component type="integer">8</bits-per-component>
      <data-set-id type="integer">78633142</data-set-id>
      <expression type="boolean" nil="true"/>
      <expression-path>/external/mouse/prod37/0305092571/0305092571_276_expression.aff</expression-path>
      <failed type="boolean">false</failed>
      <height type="integer">7041</height>
      <id type="integer">78598300</id>
      <image-height type="integer">7041</image-height>
      <image-type>Primary</image-type>
      <image-width type="integer">9505</image-width>
      <isi-experiment-id type="integer" nil="true"/>
      <lims1-id type="integer">78598300</lims1-id>
      <number-of-components type="integer">3</number-of-components>
      <ophys-experiment-id type="integer" nil="true"/>
      <path>/external/aibssan/production21/stitch10/0305092571/0305092571_3_zoom.aff</path>
      <projection-function nil="true"/>
      <resolution type="float">1.049</resolution>
      <section-number type="integer">276</section-number>
      <specimen-id type="integer" nil="true"/>
      <structure-id type="integer" nil="true"/>
      <tier-count type="integer">7</tier-count>
      <width type="integer">9505</width>
      <x type="integer">0</x>
      <y type="integer">0</y>
      <alignment2d>
        <id type="integer">171970115</id>
        <tvs>0.953287,0.00200223,-0.00200223,0.953287,-1238.72,-1171.45</tvs>
        <tsv>1.049,-0.00220325,0.00220325,1.049,1296.83,1231.58</tsv>
      </alignment2d>
    </section-image>
    <section-image>
      <annotated type="boolean">false</annotated>
      <axes nil="true"/>
      <bits-per-component type="integer">8</bits-per-component>
      <data-set-id type="integer">78633142</data-set-id>
      <expression type="boolean" nil="true"/>
      <expression-path>/external/mouse/prod37/0305092571/0305092571_284_expression.aff</expression-path>
      <failed type="boolean">false</failed>
      <height type="integer">6849</height>
      <id type="integer">78598302</id>
      <image-height type="integer">6849</image-height>
      <image-type>Primary</image-type>
      <image-width type="integer">9313</image-width>
      <isi-experiment-id type="integer" nil="true"/>
      <lims1-id type="integer">78598302</lims1-id>
      <number-of-components type="integer">3</number-of-components>
      <ophys-experiment-id type="integer" nil="true"/>
      <path>/external/aibssan/production21/stitch10/0305092571/0305092571_4_zoom.aff</path>
      <projection-function nil="true"/>
      <resolution type="float">1.049</resolution>
      <section-number type="integer">284</section-number>
      <specimen-id type="integer" nil="true"/>
      <structure-id type="integer" nil="true"/>
      <tier-count type="integer">7</tier-count>
      <width type="integer">9313</width>
      <x type="integer">0</x>
      <y type="integer">0</y>
      <alignment2d>
        <id type="integer">171970117</id>
        <tvs>0.953252,-0.0084215,0.0084215,0.953252,-1321.25,-1374.66</tvs>
        <tsv>1.04896,0.00926703,-0.00926703,1.04896,1398.68,1429.71</tsv>
      </alignment2d>
    </section-image>
    <section-image>
      <annotated type="boolean">false</annotated>
      <axes nil="true"/>
      <bits-per-component type="integer">8</bits-per-component>
      <data-set-id type="integer">78633142</data-set-id>
      <expression type="boolean" nil="true"/>
      <expression-path>/external/mouse/prod37/0305102176/0305102176_292_expression.aff</expression-path>
      <failed type="boolean">false</failed>
      <height type="integer">7441</height>
      <id type="integer">78598306</id>
      <image-height type="integer">7441</image-height>
      <image-type>Primary</image-type>
      <image-width type="integer">9297</image-width>
      <isi-experiment-id type="integer" nil="true"/>
      <lims1-id type="integer">78598306</lims1-id>
      <number-of-components type="integer">3</number-of-components>
      <ophys-experiment-id type="integer" nil="true"/>
      <path>/external/aibssan/production21/stitch10/0305102176/0305102176_1_zoom.aff</path>
      <projection-function nil="true"/>
      <resolution type="float">1.049</resolution>
      <section-number type="integer">292</section-number>
      <specimen-id type="integer" nil="true"/>
      <structure-id type="integer" nil="true"/>
      <tier-count type="integer">7</tier-count>
      <width type="integer">9297</width>
      <x type="integer">0</x>
      <y type="integer">0</y>
      <alignment2d>
        <id type="integer">171970119</id>
        <tvs>0.953179,0.0144745,-0.0144745,0.953179,-1387.94,-953.442</tvs>
        <tsv>1.04888,-0.0159278,0.0159278,1.04888,1440.6,1022.15</tsv>
      </alignment2d>
    </section-image>
    <section-image>
      <annotated type="boolean">false</annotated>
      <axes nil="true"/>
      <bits-per-component type="integer">8</bits-per-component>
      <data-set-id type="integer">78633142</data-set-id>
      <expression type="boolean" nil="true"/>
      <expression-path>/external/mouse/prod37/0305102176/0305102176_300_expression.aff</expression-path>
      <failed type="boolean">false</failed>
      <height type="integer">7249</height>
      <id type="integer">78598308</id>
      <image-height type="integer">7249</image-height>
      <image-type>Primary</image-type>
      <image-width type="integer">9105</image-width>
      <isi-experiment-id type="integer" nil="true"/>
      <lims1-id type="integer">78598308</lims1-id>
      <number-of-components type="integer">3</number-of-components>
      <ophys-experiment-id type="integer" nil="true"/>
      <path>/external/aibssan/production21/stitch10/0305102176/0305102176_2_zoom.aff</path>
      <projection-function nil="true"/>
      <resolution type="float">1.049</resolution>
      <section-number type="integer">300</section-number>
      <specimen-id type="integer" nil="true"/>
      <structure-id type="integer" nil="true"/>
      <tier-count type="integer">7</tier-count>
      <width type="integer">9105</width>
      <x type="integer">0</x>
      <y type="integer">0</y>
      <alignment2d>
        <id type="integer">171970121</id>
        <tvs>0.952998,0.0235537,-0.0235537,0.952998,-1533.3,-1220.87</tvs>
        <tsv>1.04868,-0.0259185,0.0259185,1.04868,1576.3,1320.05</tsv>
      </alignment2d>
    </section-image>
    <section-image>
      <annotated type="boolean">false</annotated>
      <axes nil="true"/>
      <bits-per-component type="integer">8</bits-per-component>
      <data-set-id type="integer">78633142</data-set-id>
      <expression type="boolean" nil="true"/>
      <expression-path>/external/mouse/prod37/0305102176/0305102176_308_expression.aff</expression-path>
      <failed type="boolean">false</failed>
      <height type="integer">6881</height>
      <id type="integer">78598310</id>
      <image-height type="integer">6881</image-height>
      <image-type>Primary</image-type>
      <image-width type="integer">8865</image-width>
      <isi-experiment-id type="integer" nil="true"/>
      <lims1-id type="integer">78598310</lims1-id>
      <number-of-components type="integer">3</number-of-components>
      <ophys-experiment-id type="integer" nil="true"/>
      <path>/external/aibssan/production21/stitch10/0305102176/0305102176_3_zoom.aff</path>
      <projection-function nil="true"/>
      <resolution type="float">1.049</resolution>
      <section-number type="integer">308</section-number>
      <specimen-id type="integer" nil="true"/>
      <structure-id type="integer" nil="true"/>
      <tier-count type="integer">7</tier-count>
      <width type="integer">8865</width>
      <x type="integer">0</x>
      <y type="integer">0</y>
      <alignment2d>
        <id type="integer">171970123</id>
        <tvs>0.953243,-0.00939014,0.00939014,0.953243,-1559.73,-1558.83</tvs>
        <tsv>1.04895,0.0103329,-0.0103329,1.04895,1652.18,1619.02</tsv>
      </alignment2d>
    </section-image>
    <section-image>
      <annotated type="boolean">false</annotated>
      <axes nil="true"/>
      <bits-per-component type="integer">8</bits-per-component>
      <data-set-id type="integer">78633142</data-set-id>
      <expression type="boolean" nil="true"/>
      <expression-path>/external/mouse/prod37/0305102176/0305102176_316_expression.aff</expression-path>
      <failed type="boolean">false</failed>
      <height type="integer">6865</height>
      <id type="integer">78598312</id>
      <image-height type="integer">6865</image-height>
      <image-type>Primary</image-type>
      <image-width type="integer">8785</image-width>
      <isi-experiment-id type="integer" nil="true"/>
      <lims1-id type="integer">78598312</lims1-id>
      <number-of-components type="integer">3</number-of-components>
      <ophys-experiment-id type="integer" nil="true"/>
      <path>/external/aibssan/production21/stitch10/0305102176/0305102176_4_zoom.aff</path>
      <projection-function nil="true"/>
      <resolution type="float">1.049</resolution>
      <section-number type="integer">316</section-number>
      <specimen-id type="integer" nil="true"/>
      <structure-id type="integer" nil="true"/>
      <tier-count type="integer">7</tier-count>
      <width type="integer">8785</width>
      <x type="integer">0</x>
      <y type="integer">0</y>
      <alignment2d>
        <id type="integer">171970125</id>
        <tvs>0.953269,-0.00614758,0.00614758,0.953269,-1596.66,-1516.99</tvs>
        <tsv>1.04898,0.00676481,-0.00676481,1.04898,1685.12,1580.49</tsv>
      </alignment2d>
    </section-image>
    <section-image>
      <annotated type="boolean">false</annotated>
      <axes nil="true"/>
      <bits-per-component type="integer">8</bits-per-component>
      <data-set-id type="integer">78633142</data-set-id>
      <expression type="boolean" nil="true"/>
      <expression-path>/external/mouse/prod37/0305111851/0305111851_324_expression.aff</expression-path>
      <failed type="boolean">false</failed>
      <height type="integer">6673</height>
      <id type="integer">78598316</id>
      <image-height type="integer">6673</image-height>
      <image-type>Primary</image-type>
      <image-width type="integer">8561</image-width>
      <isi-experiment-id type="integer" nil="true"/>
      <lims1-id type="integer">78598316</lims1-id>
      <number-of-components type="integer">3</number-of-components>
      <ophys-experiment-id type="integer" nil="true"/>
      <path>/external/aibssan/production21/stitch10/0305111851/0305111851_1_zoom.aff</path>
      <projection-function nil="true"/>
      <resolution type="float">1.049</resolution>
      <section-number type="integer">324</section-number>
      <specimen-id type="integer" nil="true"/>
      <structure-id type="integer" nil="true"/>
      <tier-count type="integer">7</tier-count>
      <width type="integer">8561</width>
      <x type="integer">0</x>
      <y type="integer">0</y>
      <alignment2d>
        <id type="integer">171970127</id>
        <tvs>0.953284,-0.00298712,0.00298712,0.953284,-1722.61,-1631.19</tvs>
        <tsv>1.04899,0.00328703,-0.00328703,1.04899,1812.38,1705.45</tsv>
      </alignment2d>
    </section-image>
    <section-image>
      <annotated type="boolean">false</annotated>
      <axes nil="true"/>
      <bits-per-component type="integer">8</bits-per-component>
      <data-set-id type="integer">78633142</data-set-id>
      <expression type="boolean" nil="true"/>
      <expression-path>/external/mouse/prod37/0305111851/0305111851_332_expression.aff</expression-path>
      <failed type="boolean">false</failed>
      <height type="integer">7249</height>
      <id type="integer">78598318</id>
      <image-height type="integer">7249</image-height>
      <image-type>Primary</image-type>
      <image-width type="integer">8465</image-width>
      <isi-experiment-id type="integer" nil="true"/>
      <lims1-id type="integer">78598318</lims1-id>
      <number-of-components type="integer">3</number-of-components>
      <ophys-experiment-id type="integer" nil="true"/>
      <path>/external/aibssan/production21/stitch10/0305111851/0305111851_2_zoom.aff</path>
      <projection-function nil="true"/>
      <resolution type="float">1.049</resolution>
      <section-number type="integer">332</section-number>
      <specimen-id type="integer" nil="true"/>
      <structure-id type="integer" nil="true"/>
      <tier-count type="integer">7</tier-count>
      <width type="integer">8465</width>
      <x type="integer">0</x>
      <y type="integer">0</y>
      <alignment2d>
        <id type="integer">171970129</id>
        <tvs>0.953272,0.00564244,-0.00564244,0.953272,-1798.87,-1425.23</tvs>
        <tsv>1.04898,-0.00620895,0.00620895,1.04898,1878.13,1506.21</tsv>
      </alignment2d>
    </section-image>
    <section-image>
      <annotated type="boolean">false</annotated>
      <axes nil="true"/>
      <bits-per-component type="integer">8</bits-per-component>
      <data-set-id type="integer">78633142</data-set-id>
      <expression type="boolean" nil="true"/>
      <expression-path>/external/mouse/prod37/0305111851/0305111851_340_expression.aff</expression-path>
      <failed type="boolean">false</failed>
      <height type="integer">6833</height>
      <id type="integer">78598320</id>
      <image-height type="integer">6833</image-height>
      <image-type>Primary</image-type>
      <image-width type="integer">8193</image-width>
      <isi-experiment-id type="integer" nil="true"/>
      <lims1-id type="integer">78598320</lims1-id>
      <number-of-components type="integer">3</number-of-components>
      <ophys-experiment-id type="integer" nil="true"/>
      <path>/external/aibssan/production21/stitch10/0305111851/0305111851_3_zoom.aff</path>
      <projection-function nil="true"/>
      <resolution type="float">1.049</resolution>
      <section-number type="integer">340</section-number>
      <specimen-id type="integer" nil="true"/>
      <structure-id type="integer" nil="true"/>
      <tier-count type="integer">7</tier-count>
      <width type="integer">8193</width>
      <x type="integer">0</x>
      <y type="integer">0</y>
      <alignment2d>
        <id type="integer">171970131</id>
        <tvs>0.953266,-0.00653515,0.00653515,0.953266,-1904.96,-1487.7</tvs>
        <tsv>1.04898,0.00719129,-0.00719129,1.04898,2008.95,1546.86</tsv>
      </alignment2d>
    </section-image>
    <section-image>
      <annotated type="boolean">false</annotated>
      <axes nil="true"/>
      <bits-per-component type="integer">8</bits-per-component>
      <data-set-id type="integer">78633142</data-set-id>
      <expression type="boolean" nil="true"/>
      <expression-path>/external/mouse/prod37/0305111851/0305111851_348_expression.aff</expression-path>
      <failed type="boolean">false</failed>
      <height type="integer">6161</height>
      <id type="integer">78598322</id>
      <image-height type="integer">6161</image-height>
      <image-type>Primary</image-type>
      <image-width type="integer">7937</image-width>
      <isi-experiment-id type="integer" nil="true"/>
      <lims1-id type="integer">78598322</lims1-id>
      <number-of-components type="integer">3</number-of-components>
      <ophys-experiment-id type="integer" nil="true"/>
      <path>/external/aibssan/production21/stitch10/0305111851/0305111851_4_zoom.aff</path>
      <projection-function nil="true"/>
      <resolution type="float">1.049</resolution>
      <section-number type="integer">348</section-number>
      <specimen-id type="integer" nil="true"/>
      <structure-id type="integer" nil="true"/>
      <tier-count type="integer">6</tier-count>
      <width type="integer">7937</width>
      <x type="integer">0</x>
      <y type="integer">0</y>
      <alignment2d>
        <id type="integer">171970133</id>
        <tvs>0.953288,-0.00154521,0.00154521,0.953288,-2049.32,-1806.3</tvs>
        <tsv>1.049,0.00170035,-0.00170035,1.049,2152.8,1891.32</tsv>
      </alignment2d>
    </section-image>
    <section-image>
      <annotated type="boolean">false</annotated>
      <axes nil="true"/>
      <bits-per-component type="integer">8</bits-per-component>
      <data-set-id type="integer">78633142</data-set-id>
      <expression type="boolean" nil="true"/>
      <expression-path>/external/mouse/prod37/0305121709/0305121709_356_expression.aff</expression-path>
      <failed type="boolean">false</failed>
      <height type="integer">6225</height>
      <id type="integer">78598326</id>
      <image-height type="integer">6225</image-height>
      <image-type>Primary</image-type>
      <image-width type="integer">7489</image-width>
      <isi-experiment-id type="integer" nil="true"/>
      <lims1-id type="integer">78598326</lims1-id>
      <number-of-components type="integer">3</number-of-components>
      <ophys-experiment-id type="integer" nil="true"/>
      <path>/external/aibssan/production21/stitch10/0305121709/0305121709_1_zoom.aff</path>
      <projection-function nil="true"/>
      <resolution type="float">1.049</resolution>
      <section-number type="integer">356</section-number>
      <specimen-id type="integer" nil="true"/>
      <structure-id type="integer" nil="true"/>
      <tier-count type="integer">6</tier-count>
      <width type="integer">7489</width>
      <x type="integer">0</x>
      <y type="integer">0</y>
      <alignment2d>
        <id type="integer">171970135</id>
        <tvs>0.95328,-0.00407053,0.00407053,0.95328,-2254.92,-1955.38</tvs>
        <tsv>1.04899,0.00447921,-0.00447921,1.04899,2374.15,2041.07</tsv>
      </alignment2d>
    </section-image>
    <section-image>
      <annotated type="boolean">false</annotated>
      <axes nil="true"/>
      <bits-per-component type="integer">8</bits-per-component>
      <data-set-id type="integer">78633142</data-set-id>
      <expression type="boolean" nil="true"/>
      <expression-path>/external/mouse/prod37/0305121709/0305121709_364_expression.aff</expression-path>
      <failed type="boolean">false</failed>
      <height type="integer">6033</height>
      <id type="integer">78598328</id>
      <image-height type="integer">6033</image-height>
      <image-type>Primary</image-type>
      <image-width type="integer">7153</image-width>
      <isi-experiment-id type="integer" nil="true"/>
      <lims1-id type="integer">78598328</lims1-id>
      <number-of-components type="integer">3</number-of-components>
      <ophys-experiment-id type="integer" nil="true"/>
      <path>/external/aibssan/production21/stitch10/0305121709/0305121709_2_zoom.aff</path>
      <projection-function nil="true"/>
      <resolution type="float">1.049</resolution>
      <section-number type="integer">364</section-number>
      <specimen-id type="integer" nil="true"/>
      <structure-id type="integer" nil="true"/>
      <tier-count type="integer">6</tier-count>
      <width type="integer">7153</width>
      <x type="integer">0</x>
      <y type="integer">0</y>
      <alignment2d>
        <id type="integer">171970137</id>
        <tvs>0.953284,-0.00296985,0.00296985,0.953284,-2435.16,-1884.85</tvs>
        <tsv>1.04899,0.00326802,-0.00326802,1.04899,2560.63,1969.24</tsv>
      </alignment2d>
    </section-image>
    <section-image>
      <annotated type="boolean">false</annotated>
      <axes nil="true"/>
      <bits-per-component type="integer">8</bits-per-component>
      <data-set-id type="integer">78633142</data-set-id>
      <expression type="boolean" nil="true"/>
      <expression-path>/external/mouse/prod37/0305121709/0305121709_372_expression.aff</expression-path>
      <failed type="boolean">false</failed>
      <height type="integer">5393</height>
      <id type="integer">78598330</id>
      <image-height type="integer">5393</image-height>
      <image-type>Primary</image-type>
      <image-width type="integer">6625</image-width>
      <isi-experiment-id type="integer" nil="true"/>
      <lims1-id type="integer">78598330</lims1-id>
      <number-of-components type="integer">3</number-of-components>
      <ophys-experiment-id type="integer" nil="true"/>
      <path>/external/aibssan/production21/stitch10/0305121709/0305121709_3_zoom.aff</path>
      <projection-function nil="true"/>
      <resolution type="float">1.049</resolution>
      <section-number type="integer">372</section-number>
      <specimen-id type="integer" nil="true"/>
      <structure-id type="integer" nil="true"/>
      <tier-count type="integer">6</tier-count>
      <width type="integer">6625</width>
      <x type="integer">0</x>
      <y type="integer">0</y>
      <alignment2d>
        <id type="integer">171970139</id>
        <tvs>0.953288,0.000842335,-0.000842335,0.953288,-2688.29,-2278.8</tvs>
        <tsv>1.049,-0.000926906,0.000926906,1.049,2817.9,2392.95</tsv>
      </alignment2d>
    </section-image>
    <section-image>
      <annotated type="boolean">false</annotated>
      <axes nil="true"/>
      <bits-per-component type="integer">8</bits-per-component>
      <data-set-id type="integer">78633142</data-set-id>
      <expression type="boolean" nil="true"/>
      <expression-path>/external/mouse/prod37/0305121709/0305121709_380_expression.aff</expression-path>
      <failed type="boolean">false</failed>
      <height type="integer">5505</height>
      <id type="integer">78598332</id>
      <image-height type="integer">5505</image-height>
      <image-type>Primary</image-type>
      <image-width type="integer">6257</image-width>
      <isi-experiment-id type="integer" nil="true"/>
      <lims1-id type="integer">78598332</lims1-id>
      <number-of-components type="integer">3</number-of-components>
      <ophys-experiment-id type="integer" nil="true"/>
      <path>/external/aibssan/production21/stitch10/0305121709/0305121709_4_zoom.aff</path>
      <projection-function nil="true"/>
      <resolution type="float">1.049</resolution>
      <section-number type="integer">380</section-number>
      <specimen-id type="integer" nil="true"/>
      <structure-id type="integer" nil="true"/>
      <tier-count type="integer">6</tier-count>
      <width type="integer">6257</width>
      <x type="integer">0</x>
      <y type="integer">0</y>
      <alignment2d>
        <id type="integer">171970141</id>
        <tvs>0.953287,0.00184492,-0.00184492,0.953287,-2876.52,-2195.31</tvs>
        <tsv>1.049,-0.00203015,0.00203015,1.049,3013.01,2308.72</tsv>
      </alignment2d>
    </section-image>
    <section-image>
      <annotated type="boolean">false</annotated>
      <axes nil="true"/>
      <bits-per-component type="integer">8</bits-per-component>
      <data-set-id type="integer">78633142</data-set-id>
      <expression type="boolean" nil="true"/>
      <expression-path>/external/mouse/prod37/0305131520/0305131520_388_expression.aff</expression-path>
      <failed type="boolean">false</failed>
      <height type="integer">5073</height>
      <id type="integer">78598336</id>
      <image-height type="integer">5073</image-height>
      <image-type>Primary</image-type>
      <image-width type="integer">5857</image-width>
      <isi-experiment-id type="integer" nil="true"/>
      <lims1-id type="integer">78598336</lims1-id>
      <number-of-components type="integer">3</number-of-components>
      <ophys-experiment-id type="integer" nil="true"/>
      <path>/external/aibssan/production21/stitch10/0305131520/0305131520_1_zoom.aff</path>
      <projection-function nil="true"/>
      <resolution type="float">1.049</resolution>
      <section-number type="integer">388</section-number>
      <specimen-id type="integer" nil="true"/>
      <structure-id type="integer" nil="true"/>
      <tier-count type="integer">6</tier-count>
      <width type="integer">5857</width>
      <x type="integer">0</x>
      <y type="integer">0</y>
      <alignment2d>
        <id type="integer">171970143</id>
        <tvs>0.953287,0.00186535,-0.00186535,0.953287,-3135.05,-2415.84</tvs>
        <tsv>1.049,-0.00205263,0.00205263,1.049,3283.7,2540.65</tsv>
      </alignment2d>
    </section-image>
    <section-image>
      <annotated type="boolean">false</annotated>
      <axes nil="true"/>
      <bits-per-component type="integer">8</bits-per-component>
      <data-set-id type="integer">78633142</data-set-id>
      <expression type="boolean" nil="true"/>
      <expression-path>/external/mouse/prod37/0305131520/0305131520_396_expression.aff</expression-path>
      <failed type="boolean">false</failed>
      <height type="integer">4785</height>
      <id type="integer">78598338</id>
      <image-height type="integer">4785</image-height>
      <image-type>Primary</image-type>
      <image-width type="integer">5393</image-width>
      <isi-experiment-id type="integer" nil="true"/>
      <lims1-id type="integer">78598338</lims1-id>
      <number-of-components type="integer">3</number-of-components>
      <ophys-experiment-id type="integer" nil="true"/>
      <path>/external/aibssan/production21/stitch10/0305131520/0305131520_2_zoom.aff</path>
      <projection-function nil="true"/>
      <resolution type="float">1.049</resolution>
      <section-number type="integer">396</section-number>
      <specimen-id type="integer" nil="true"/>
      <structure-id type="integer" nil="true"/>
      <tier-count type="integer">6</tier-count>
      <width type="integer">5393</width>
      <x type="integer">0</x>
      <y type="integer">0</y>
      <alignment2d>
        <id type="integer">171970145</id>
        <tvs>0.953289,-0.000167764,0.000167764,0.953289,-3309.71,-2546.1</tvs>
        <tsv>1.049,0.000184608,-0.000184608,1.049,3472.36,2670.25</tsv>
      </alignment2d>
    </section-image>
    <section-image>
      <annotated type="boolean">false</annotated>
      <axes nil="true"/>
      <bits-per-component type="integer">8</bits-per-component>
      <data-set-id type="integer">78633142</data-set-id>
      <expression type="boolean" nil="true"/>
      <expression-path>/external/mouse/prod37/0305131520/0305131520_404_expression.aff</expression-path>
      <failed type="boolean">false</failed>
      <height type="integer">7473</height>
      <id type="integer">78598340</id>
      <image-height type="integer">7473</image-height>
      <image-type>Primary</image-type>
      <image-width type="integer">11473</image-width>
      <isi-experiment-id type="integer" nil="true"/>
      <lims1-id type="integer">78598340</lims1-id>
      <number-of-components type="integer">3</number-of-components>
      <ophys-experiment-id type="integer" nil="true"/>
      <path>/external/aibssan/production21/stitch10/0305131520/0305131520_3_zoom.aff</path>
      <projection-function nil="true"/>
      <resolution type="float">1.049</resolution>
      <section-number type="integer">404</section-number>
      <specimen-id type="integer" nil="true"/>
      <structure-id type="integer" nil="true"/>
      <tier-count type="integer">7</tier-count>
      <width type="integer">11473</width>
      <x type="integer">0</x>
      <y type="integer">0</y>
      <alignment2d>
        <id type="integer">171970147</id>
        <tvs>0.953287,0.00182823,-0.00182823,0.953287,2841.13,155.811</tvs>
        <tsv>1.049,-0.00201179,0.00201179,1.049,-2980.03,-169.162</tsv>
      </alignment2d>
    </section-image>
    <section-image>
      <annotated type="boolean">false</annotated>
      <axes nil="true"/>
      <bits-per-component type="integer">8</bits-per-component>
      <data-set-id type="integer">78633142</data-set-id>
      <expression type="boolean" nil="true"/>
      <expression-path>/external/mouse/prod37/0305131520/0305131520_412_expression.aff</expression-path>
      <failed type="boolean">false</failed>
      <height type="integer">4369</height>
      <id type="integer">78598342</id>
      <image-height type="integer">4369</image-height>
      <image-type>Primary</image-type>
      <image-width type="integer">4865</image-width>
      <isi-experiment-id type="integer" nil="true"/>
      <lims1-id type="integer">78598342</lims1-id>
      <number-of-components type="integer">3</number-of-components>
      <ophys-experiment-id type="integer" nil="true"/>
      <path>/external/aibssan/production21/stitch10/0305131520/0305131520_4_zoom.aff</path>
      <projection-function nil="true"/>
      <resolution type="float">1.049</resolution>
      <section-number type="integer">412</section-number>
      <specimen-id type="integer" nil="true"/>
      <structure-id type="integer" nil="true"/>
      <tier-count type="integer">6</tier-count>
      <width type="integer">4865</width>
      <x type="integer">0</x>
      <y type="integer">0</y>
      <alignment2d>
        <id type="integer">171970149</id>
        <tvs>0.953289,-0.000609584,0.000609584,0.953289,-3584.13,-2730.46</tvs>
        <tsv>1.049,0.000670787,-0.000670787,1.049,3761.58,2861.85</tsv>
      </alignment2d>
    </section-image>
    <section-image>
      <annotated type="boolean">false</annotated>
      <axes nil="true"/>
      <bits-per-component type="integer">8</bits-per-component>
      <data-set-id type="integer">78633142</data-set-id>
      <expression type="boolean" nil="true"/>
      <expression-path>/external/mouse/prod37/0305142156/0305142156_420_expression.aff</expression-path>
      <failed type="boolean">false</failed>
      <height type="integer">4705</height>
      <id type="integer">78598346</id>
      <image-height type="integer">4705</image-height>
      <image-type>Primary</image-type>
      <image-width type="integer">4705</image-width>
      <isi-experiment-id type="integer" nil="true"/>
      <lims1-id type="integer">78598346</lims1-id>
      <number-of-components type="integer">3</number-of-components>
      <ophys-experiment-id type="integer" nil="true"/>
      <path>/external/aibssan/production21/stitch10/0305142156/0305142156_1_zoom.aff</path>
      <projection-function nil="true"/>
      <resolution type="float">1.049</resolution>
      <section-number type="integer">420</section-number>
      <specimen-id type="integer" nil="true"/>
      <structure-id type="integer" nil="true"/>
      <tier-count type="integer">6</tier-count>
      <width type="integer">4705</width>
      <x type="integer">0</x>
      <y type="integer">0</y>
      <alignment2d>
        <id type="integer">171970151</id>
        <tvs>0.953204,-0.0127311,0.0127311,0.953204,-3584.03,-2719.32</tvs>
        <tsv>1.04891,0.0140093,-0.0140093,1.04891,3797.41,2802.1</tsv>
      </alignment2d>
    </section-image>
    <section-image>
      <annotated type="boolean">false</annotated>
      <axes nil="true"/>
      <bits-per-component type="integer">8</bits-per-component>
      <data-set-id type="integer">78633142</data-set-id>
      <expression type="boolean" nil="true"/>
      <expression-path>/external/mouse/prod37/0305142156/0305142156_428_expression.aff</expression-path>
      <failed type="boolean">false</failed>
      <height type="integer">7857</height>
      <id type="integer">78598348</id>
      <image-height type="integer">7857</image-height>
      <image-type>Primary</image-type>
      <image-width type="integer">10257</image-width>
      <isi-experiment-id type="integer" nil="true"/>
      <lims1-id type="integer">78598348</lims1-id>
      <number-of-components type="integer">3</number-of-components>
      <ophys-experiment-id type="integer" nil="true"/>
      <path>/external/aibssan/production21/stitch10/0305142156/0305142156_2_zoom.aff</path>
      <projection-function nil="true"/>
      <resolution type="float">1.049</resolution>
      <section-number type="integer">428</section-number>
      <specimen-id type="integer" nil="true"/>
      <structure-id type="integer" nil="true"/>
      <tier-count type="integer">7</tier-count>
      <width type="integer">10257</width>
      <x type="integer">0</x>
      <y type="integer">0</y>
      <alignment2d>
        <id type="integer">171970153</id>
        <tvs>0.953285,-0.00267831,0.00267831,0.953285,2027.48,76.0094</tvs>
        <tsv>1.049,0.00294722,-0.00294722,1.049,-2127.04,-73.7581</tsv>
      </alignment2d>
    </section-image>
    <section-image>
      <annotated type="boolean">false</annotated>
      <axes nil="true"/>
      <bits-per-component type="integer">8</bits-per-component>
      <data-set-id type="integer">78633142</data-set-id>
      <expression type="boolean" nil="true"/>
      <expression-path>/external/mouse/prod37/0305142156/0305142156_436_expression.aff</expression-path>
      <failed type="boolean">false</failed>
      <height type="integer">4561</height>
      <id type="integer">78598350</id>
      <image-height type="integer">4561</image-height>
      <image-type>Primary</image-type>
      <image-width type="integer">10929</image-width>
      <isi-experiment-id type="integer" nil="true"/>
      <lims1-id type="integer">78598350</lims1-id>
      <number-of-components type="integer">3</number-of-components>
      <ophys-experiment-id type="integer" nil="true"/>
      <path>/external/aibssan/production21/stitch10/0305142156/0305142156_3_zoom.aff</path>
      <projection-function nil="true"/>
      <resolution type="float">1.049</resolution>
      <section-number type="integer">436</section-number>
      <specimen-id type="integer" nil="true"/>
      <structure-id type="integer" nil="true"/>
      <tier-count type="integer">7</tier-count>
      <width type="integer">10929</width>
      <x type="integer">0</x>
      <y type="integer">0</y>
      <alignment2d>
        <id type="integer">171970155</id>
        <tvs>0.953283,0.00333119,-0.00333119,0.953283,2649.38,-3225.76</tvs>
        <tsv>1.04899,-0.00366564,0.00366564,1.04899,-2791.01,3374.1</tsv>
      </alignment2d>
    </section-image>
    <section-image>
      <annotated type="boolean">false</annotated>
      <axes nil="true"/>
      <bits-per-component type="integer">8</bits-per-component>
      <data-set-id type="integer">78633142</data-set-id>
      <expression type="boolean" nil="true"/>
      <expression-path>/external/mouse/prod37/0305142156/0305142156_444_expression.aff</expression-path>
      <failed type="boolean">false</failed>
      <height type="integer">3841</height>
      <id type="integer">78598352</id>
      <image-height type="integer">3841</image-height>
      <image-type>Primary</image-type>
      <image-width type="integer">4497</image-width>
      <isi-experiment-id type="integer" nil="true"/>
      <lims1-id type="integer">78598352</lims1-id>
      <number-of-components type="integer">3</number-of-components>
      <ophys-experiment-id type="integer" nil="true"/>
      <path>/external/aibssan/production21/stitch10/0305142156/0305142156_4_zoom.aff</path>
      <projection-function nil="true"/>
      <resolution type="float">1.049</resolution>
      <section-number type="integer">444</section-number>
      <specimen-id type="integer" nil="true"/>
      <structure-id type="integer" nil="true"/>
      <tier-count type="integer">6</tier-count>
      <width type="integer">4497</width>
      <x type="integer">0</x>
      <y type="integer">0</y>
      <alignment2d>
        <id type="integer">171970157</id>
        <tvs>0.953288,0.00132895,-0.00132895,0.953288,-3784.65,-3185.11</tvs>
        <tsv>1.049,-0.00146238,0.00146238,1.049,3965.43,3346.72</tsv>
      </alignment2d>
    </section-image>
  </section-images>
  <plane_of_section/>
  <age>P56</age>
</section-data-set>
