<?xml version="1.0" encoding="UTF-8"?>
<section-data-set>
  <blue-channel nil="true"/>
  <delegate>false</delegate>
  <expression>false</expression>
  <failed>false</failed>
  <failed-facet>734881840</failed-facet>
  <green-channel nil="true"/>
  <id>927</id>
  <name nil="true"/>
  <qc-date nil="true"/>
  <red-channel nil="true"/>
  <reference-space-id>9</reference-space-id>
  <rnaseq-design-id nil="true"/>
  <section-thickness>25.0</section-thickness>
  <specimen-id>702591</specimen-id>
  <sphinx-id>14178</sphinx-id>
  <storage-directory>/external/mouse/prod1/image_series_927/</storage-directory>
  <weight>5470</weight>
  <products>
    <product>
      <abbreviation>DevMouse</abbreviation>
      <description>High-resolution ISH data detailing expression patterns of ~2,000 genes across mouse brain development.</description>
      <id type="integer">3</id>
      <name>Developing Mouse Brain</name>
      <product-name-facet type="integer">2290087187</product-name-facet>
      <resource>Allen Developing Mouse Brain Atlas</resource>
      <species>Mouse</species>
      <species-name-facet type="integer">1861523945</species-name-facet>
      <tags nil="true"/>
    </product>
    <product>
      <abbreviation>Mouse</abbreviation>
      <description>Genome-wide, high-resolution ISH data detailing gene expression throughout the adult mouse brain.</description>
      <id type="integer">1</id>
      <name>Mouse Brain</name>
      <product-name-facet type="integer">2757464828</product-name-facet>
      <resource>Allen Mouse Brain Atlas</resource>
      <species>Mouse</species>
      <species-name-facet type="integer">1861523945</species-name-facet>
      <tags nil="true"/>
    </product>
  </products>
  <specimen>
    <cell-prep-sample-id type="integer" nil="true"/>
    <cell-reporter-id type="integer" nil="true"/>
    <cortex-layer-id type="integer" nil="true"/>
    <data nil="true"/>
    <donor-id type="integer">10298</donor-id>
    <ephys-result-id type="integer" nil="true"/>
    <external-specimen-name nil="true"/>
    <failed-facet type="integer">734881840</failed-facet>
    <hemisphere nil="true"/>
    <id type="integer">702591</id>
    <is-cell-specimen type="boolean">false</is-cell-specimen>
    <is-ish type="boolean">false</is-ish>
    <name>2056</name>
    <parent-id type="integer" nil="true"/>
    <parent-x-coord type="integer" nil="true"/>
    <parent-y-coord type="integer" nil="true"/>
    <parent-z-coord type="integer" nil="true"/>
    <pinned-radius type="float" nil="true"/>
    <rna-integrity-number type="float" nil="true"/>
    <specimen-id-path>/702591/</specimen-id-path>
    <sphinx-id type="integer">3693</sphinx-id>
    <structure-id type="integer" nil="true"/>
    <tissue-ph type="float" nil="true"/>
    <treatment-id type="integer" nil="true"/>
    <weight type="integer">9000</weight>
    <donor>
      <age-id type="integer">15</age-id>
      <chemotherapy nil="true"/>
      <condition-description nil="true"/>
      <data nil="true"/>
      <date-of-birth type="datetime" nil="true"/>
      <donor-condition-description-facet type="integer" nil="true"/>
      <donor-race-only-facet type="integer" nil="true"/>
      <donor-sex-facet type="integer">4122955671</donor-sex-facet>
      <donor-strain-facet type="integer">4276187917</donor-strain-facet>
      <donor-strain-only-facet type="integer">4276187917</donor-strain-only-facet>
      <egfr-amplification nil="true"/>
      <extent-of-resection nil="true"/>
      <external-donor-name nil="true"/>
      <full-genotype nil="true"/>
      <handedness nil="true"/>
      <id type="integer">10298</id>
      <initial-kps nil="true"/>
      <mgmt-ihc type="integer" nil="true"/>
      <mgmt-methylation nil="true"/>
      <molecular-subtype nil="true"/>
      <multifocal nil="true"/>
      <name>2056</name>
      <organism-id type="integer">2</organism-id>
      <pmi type="float" nil="true"/>
      <primary-tissue-source>Baylor</primary-tissue-source>
      <pten-deletion nil="true"/>
      <race-only nil="true"/>
      <radiation-therapy nil="true"/>
      <recurrence-by-six-months nil="true"/>
      <sex>M</sex>
      <sex-full-name>Male</sex-full-name>
      <sleep-state nil="true"/>
      <smoker nil="true"/>
      <strain>C57BL/6J</strain>
      <strain-only>C57BL/6J</strain-only>
      <survival-days type="integer" nil="true"/>
      <tags>2056 </tags>
      <theiler-stage nil="true"/>
      <time-to-progression-or-recurrence nil="true"/>
      <transgenic-mouse-id type="integer" nil="true"/>
      <tumor-status nil="true"/>
      <weight-grams type="float" nil="true"/>
    </donor>
  </specimen>
  <alignment3d>
    <id type="integer">348459958</id>
    <trv>-0.0144985,-0.0527354,0.960613,0.00379542,1.04799,0.0580992,-0.977252,0.00430046,-0.0138997,1021.68,1712.4,12557.5</trv>
    <tvr>-0.0150113,0.0034427,-1.02304,-0.0574698,0.951294,0.00454723,1.03762,0.0522758,-0.0151911,12856.3,-1627.39,-958.871</tvr>
  </alignment3d>
  <section-images>
    <section-image>
      <annotated type="boolean">false</annotated>
      <axes nil="true"/>
      <bits-per-component type="integer">8</bits-per-component>
      <data-set-id type="integer">927</data-set-id>
      <expression type="boolean" nil="true"/>
      <expression-path>/external/aibssan/production32/prod32/b.927.1/b.927.1_5_expression.aff</expression-path>
      <failed type="boolean">false</failed>
      <height type="integer">4472</height>
      <id type="integer">101327915</id>
      <image-height type="integer">4472</image-height>
      <image-type>Primary</image-type>
      <image-width type="integer">4416</image-width>
      <isi-experiment-id type="integer" nil="true"/>
      <lims1-id type="integer">64211</lims1-id>
      <number-of-components type="integer">3</number-of-components>
      <ophys-experiment-id type="integer" nil="true"/>
      <path>/external/aibssan/production4/Satb1_Baylor_8152/zoomify/primary/null/Satb1_5_null_A.aff</path>
      <projection-function nil="true"/>
      <resolution type="float">1.63</resolution>
      <section-number type="integer">5</section-number>
      <specimen-id type="integer" nil="true"/>
      <structure-id type="integer" nil="true"/>
      <tier-count type="integer">6</tier-count>
      <width type="integer">4416</width>
      <x type="integer">0</x>
      <y type="integer">0</y>
      <alignment2d>
        <id type="integer">348460390</id>
        <tvs>0.613495,0.00172385,-0.00172385,0.613495,-1625.08,-1609.53</tvs>
        <tsv>1.62999,-0.00458009,0.00458009,1.62999,2641.5,2630.97</tsv>
      </alignment2d>
    </section-image>
    <section-image>
      <annotated type="boolean">false</annotated>
      <axes nil="true"/>
      <bits-per-component type="integer">8</bits-per-component>
      <data-set-id type="integer">927</data-set-id>
      <expression type="boolean" nil="true"/>
      <expression-path>/external/aibssan/production32/prod32/b.927.1/b.927.1_13_expression.aff</expression-path>
      <failed type="boolean">false</failed>
      <height type="integer">4520</height>
      <id type="integer">101327920</id>
      <image-height type="integer">4520</image-height>
      <image-type>Primary</image-type>
      <image-width type="integer">4696</image-width>
      <isi-experiment-id type="integer" nil="true"/>
      <lims1-id type="integer">64212</lims1-id>
      <number-of-components type="integer">3</number-of-components>
      <ophys-experiment-id type="integer" nil="true"/>
      <path>/external/aibssan/production4/Satb1_Baylor_8152/zoomify/primary/null/Satb1_13_null_B.aff</path>
      <projection-function nil="true"/>
      <resolution type="float">1.63</resolution>
      <section-number type="integer">13</section-number>
      <specimen-id type="integer" nil="true"/>
      <structure-id type="integer" nil="true"/>
      <tier-count type="integer">6</tier-count>
      <width type="integer">4696</width>
      <x type="integer">0</x>
      <y type="integer">0</y>
      <alignment2d>
        <id type="integer">348460394</id>
        <tvs>0.613484,0.00400342,-0.00400342,0.613484,-1551.71,-1677.07</tvs>
        <tsv>1.62997,-0.0106367,0.0106367,1.62997,2511.4,2750.07</tsv>
      </alignment2d>
    </section-image>
    <section-image>
      <annotated type="boolean">false</annotated>
      <axes nil="true"/>
      <bits-per-component type="integer">8</bits-per-component>
      <data-set-id type="integer">927</data-set-id>
      <expression type="boolean" nil="true"/>
      <expression-path>/external/aibssan/production32/prod32/b.927.1/b.927.1_21_expression.aff</expression-path>
      <failed type="boolean">false</failed>
      <height type="integer">4496</height>
      <id type="integer">101327925</id>
      <image-height type="integer">4496</image-height>
      <image-type>Primary</image-type>
      <image-width type="integer">4912</image-width>
      <isi-experiment-id type="integer" nil="true"/>
      <lims1-id type="integer">64214</lims1-id>
      <number-of-components type="integer">3</number-of-components>
      <ophys-experiment-id type="integer" nil="true"/>
      <path>/external/aibssan/production4/Satb1_Baylor_8152/zoomify/primary/null/Satb1_21_null_C.aff</path>
      <projection-function nil="true"/>
      <resolution type="float">1.63</resolution>
      <section-number type="integer">21</section-number>
      <specimen-id type="integer" nil="true"/>
      <structure-id type="integer" nil="true"/>
      <tier-count type="integer">6</tier-count>
      <width type="integer">4912</width>
      <x type="integer">0</x>
      <y type="integer">0</y>
      <alignment2d>
        <id type="integer">348460398</id>
        <tvs>0.61349,0.00289755,-0.00289755,0.61349,-1441.45,-1603.61</tvs>
        <tsv>1.62998,-0.0076985,0.0076985,1.62998,2337.2,2624.96</tsv>
      </alignment2d>
    </section-image>
    <section-image>
      <annotated type="boolean">false</annotated>
      <axes nil="true"/>
      <bits-per-component type="integer">8</bits-per-component>
      <data-set-id type="integer">927</data-set-id>
      <expression type="boolean" nil="true"/>
      <expression-path>/external/aibssan/production32/prod32/b.927.2/b.927.2_37_expression.aff</expression-path>
      <failed type="boolean">false</failed>
      <height type="integer">4472</height>
      <id type="integer">101327935</id>
      <image-height type="integer">4472</image-height>
      <image-type>Primary</image-type>
      <image-width type="integer">5128</image-width>
      <isi-experiment-id type="integer" nil="true"/>
      <lims1-id type="integer">64244</lims1-id>
      <number-of-components type="integer">3</number-of-components>
      <ophys-experiment-id type="integer" nil="true"/>
      <path>/external/aibssan/production4/Satb1_Baylor_8152/zoomify/primary/null/Satb1_37_null_A.aff</path>
      <projection-function nil="true"/>
      <resolution type="float">1.63</resolution>
      <section-number type="integer">37</section-number>
      <specimen-id type="integer" nil="true"/>
      <structure-id type="integer" nil="true"/>
      <tier-count type="integer">6</tier-count>
      <width type="integer">5128</width>
      <x type="integer">0</x>
      <y type="integer">0</y>
      <alignment2d>
        <id type="integer">348460402</id>
        <tvs>0.613497,-1.42598e-05,1.42598e-05,0.613497,-1502.6,-1486.45</tvs>
        <tsv>1.63,3.78868e-05,-3.78868e-05,1.63,2449.3,2422.86</tsv>
      </alignment2d>
    </section-image>
    <section-image>
      <annotated type="boolean">false</annotated>
      <axes nil="true"/>
      <bits-per-component type="integer">8</bits-per-component>
      <data-set-id type="integer">927</data-set-id>
      <expression type="boolean" nil="true"/>
      <expression-path>/external/aibssan/production32/prod32/b.927.2/b.927.2_45_expression.aff</expression-path>
      <failed type="boolean">false</failed>
      <height type="integer">4712</height>
      <id type="integer">101327940</id>
      <image-height type="integer">4712</image-height>
      <image-type>Primary</image-type>
      <image-width type="integer">5200</image-width>
      <isi-experiment-id type="integer" nil="true"/>
      <lims1-id type="integer">64246</lims1-id>
      <number-of-components type="integer">3</number-of-components>
      <ophys-experiment-id type="integer" nil="true"/>
      <path>/external/aibssan/production4/Satb1_Baylor_8152/zoomify/primary/null/Satb1_45_null_B.aff</path>
      <projection-function nil="true"/>
      <resolution type="float">1.63</resolution>
      <section-number type="integer">45</section-number>
      <specimen-id type="integer" nil="true"/>
      <structure-id type="integer" nil="true"/>
      <tier-count type="integer">6</tier-count>
      <width type="integer">5200</width>
      <x type="integer">0</x>
      <y type="integer">0</y>
      <alignment2d>
        <id type="integer">348460406</id>
        <tvs>0.613494,0.00189235,-0.00189235,0.613494,-1540.89,-1404.63</tvs>
        <tsv>1.62999,-0.00502777,0.00502777,1.62999,2504.58,2297.28</tsv>
      </alignment2d>
    </section-image>
    <section-image>
      <annotated type="boolean">false</annotated>
      <axes nil="true"/>
      <bits-per-component type="integer">8</bits-per-component>
      <data-set-id type="integer">927</data-set-id>
      <expression type="boolean" nil="true"/>
      <expression-path>/external/aibssan/production32/prod32/b.927.2/b.927.2_53_expression.aff</expression-path>
      <failed type="boolean">false</failed>
      <height type="integer">4592</height>
      <id type="integer">101327945</id>
      <image-height type="integer">4592</image-height>
      <image-type>Primary</image-type>
      <image-width type="integer">5240</image-width>
      <isi-experiment-id type="integer" nil="true"/>
      <lims1-id type="integer">64273</lims1-id>
      <number-of-components type="integer">3</number-of-components>
      <ophys-experiment-id type="integer" nil="true"/>
      <path>/external/aibssan/production4/Satb1_Baylor_8152/zoomify/primary/null/Satb1_53_null_C.aff</path>
      <projection-function nil="true"/>
      <resolution type="float">1.63</resolution>
      <section-number type="integer">53</section-number>
      <specimen-id type="integer" nil="true"/>
      <structure-id type="integer" nil="true"/>
      <tier-count type="integer">6</tier-count>
      <width type="integer">5240</width>
      <x type="integer">0</x>
      <y type="integer">0</y>
      <alignment2d>
        <id type="integer">348460410</id>
        <tvs>0.613494,0.00189331,-0.00189331,0.613494,-1469.88,-1246.68</tvs>
        <tsv>1.62999,-0.00503034,0.00503034,1.62999,2389.63,2039.48</tsv>
      </alignment2d>
    </section-image>
    <section-image>
      <annotated type="boolean">false</annotated>
      <axes nil="true"/>
      <bits-per-component type="integer">8</bits-per-component>
      <data-set-id type="integer">927</data-set-id>
      <expression type="boolean" nil="true"/>
      <expression-path>/external/aibssan/production32/prod32/b.927.3/b.927.3_69_expression.aff</expression-path>
      <failed type="boolean">false</failed>
      <height type="integer">4592</height>
      <id type="integer">101327955</id>
      <image-height type="integer">4592</image-height>
      <image-type>Primary</image-type>
      <image-width type="integer">5496</image-width>
      <isi-experiment-id type="integer" nil="true"/>
      <lims1-id type="integer">64277</lims1-id>
      <number-of-components type="integer">3</number-of-components>
      <ophys-experiment-id type="integer" nil="true"/>
      <path>/external/aibssan/production4/Satb1_Baylor_8152/zoomify/primary/null/Satb1_69_null_A.aff</path>
      <projection-function nil="true"/>
      <resolution type="float">1.63</resolution>
      <section-number type="integer">69</section-number>
      <specimen-id type="integer" nil="true"/>
      <structure-id type="integer" nil="true"/>
      <tier-count type="integer">6</tier-count>
      <width type="integer">5496</width>
      <x type="integer">0</x>
      <y type="integer">0</y>
      <alignment2d>
        <id type="integer">348460414</id>
        <tvs>0.613457,0.00700516,-0.00700516,0.613457,-1216.35,-1528.39</tvs>
        <tsv>1.62989,-0.018612,0.018612,1.62989,1954.08,2513.75</tsv>
      </alignment2d>
    </section-image>
    <section-image>
      <annotated type="boolean">false</annotated>
      <axes nil="true"/>
      <bits-per-component type="integer">8</bits-per-component>
      <data-set-id type="integer">927</data-set-id>
      <expression type="boolean" nil="true"/>
      <expression-path>/external/aibssan/production32/prod32/b.927.3/b.927.3_77_expression.aff</expression-path>
      <failed type="boolean">false</failed>
      <height type="integer">4440</height>
      <id type="integer">101327960</id>
      <image-height type="integer">4440</image-height>
      <image-type>Primary</image-type>
      <image-width type="integer">5840</image-width>
      <isi-experiment-id type="integer" nil="true"/>
      <lims1-id type="integer">64305</lims1-id>
      <number-of-components type="integer">3</number-of-components>
      <ophys-experiment-id type="integer" nil="true"/>
      <path>/external/aibssan/production4/Satb1_Baylor_8152/zoomify/primary/null/Satb1_77_null_B.aff</path>
      <projection-function nil="true"/>
      <resolution type="float">1.63</resolution>
      <section-number type="integer">77</section-number>
      <specimen-id type="integer" nil="true"/>
      <structure-id type="integer" nil="true"/>
      <tier-count type="integer">6</tier-count>
      <width type="integer">5840</width>
      <x type="integer">0</x>
      <y type="integer">0</y>
      <alignment2d>
        <id type="integer">348460418</id>
        <tvs>0.613496,-0.000786516,0.000786516,0.613496,-957.253,-1575.28</tvs>
        <tsv>1.63,0.00208969,-0.00208969,1.63,1563.61,2565.7</tsv>
      </alignment2d>
    </section-image>
    <section-image>
      <annotated type="boolean">false</annotated>
      <axes nil="true"/>
      <bits-per-component type="integer">8</bits-per-component>
      <data-set-id type="integer">927</data-set-id>
      <expression type="boolean" nil="true"/>
      <expression-path>/external/aibssan/production32/prod32/b.927.3/b.927.3_85_expression.aff</expression-path>
      <failed type="boolean">false</failed>
      <height type="integer">4448</height>
      <id type="integer">101327965</id>
      <image-height type="integer">4448</image-height>
      <image-type>Primary</image-type>
      <image-width type="integer">5960</image-width>
      <isi-experiment-id type="integer" nil="true"/>
      <lims1-id type="integer">64307</lims1-id>
      <number-of-components type="integer">3</number-of-components>
      <ophys-experiment-id type="integer" nil="true"/>
      <path>/external/aibssan/production4/Satb1_Baylor_8152/zoomify/primary/null/Satb1_85_null_C.aff</path>
      <projection-function nil="true"/>
      <resolution type="float">1.63</resolution>
      <section-number type="integer">85</section-number>
      <specimen-id type="integer" nil="true"/>
      <structure-id type="integer" nil="true"/>
      <tier-count type="integer">6</tier-count>
      <width type="integer">5960</width>
      <x type="integer">0</x>
      <y type="integer">0</y>
      <alignment2d>
        <id type="integer">348460422</id>
        <tvs>0.613496,0.00117044,-0.00117044,0.613496,-917.988,-1543.59</tvs>
        <tsv>1.63,-0.00310975,0.00310975,1.63,1491.52,2518.91</tsv>
      </alignment2d>
    </section-image>
    <section-image>
      <annotated type="boolean">false</annotated>
      <axes nil="true"/>
      <bits-per-component type="integer">8</bits-per-component>
      <data-set-id type="integer">927</data-set-id>
      <expression type="boolean" nil="true"/>
      <expression-path>/external/aibssan/production32/prod32/b.927.3/b.927.3_93_expression.aff</expression-path>
      <failed type="boolean">false</failed>
      <height type="integer">4368</height>
      <id type="integer">101327970</id>
      <image-height type="integer">4368</image-height>
      <image-type>Primary</image-type>
      <image-width type="integer">6032</image-width>
      <isi-experiment-id type="integer" nil="true"/>
      <lims1-id type="integer">64309</lims1-id>
      <number-of-components type="integer">3</number-of-components>
      <ophys-experiment-id type="integer" nil="true"/>
      <path>/external/aibssan/production4/Satb1_Baylor_8152/zoomify/primary/null/Satb1_93_null_D.aff</path>
      <projection-function nil="true"/>
      <resolution type="float">1.63</resolution>
      <section-number type="integer">93</section-number>
      <specimen-id type="integer" nil="true"/>
      <structure-id type="integer" nil="true"/>
      <tier-count type="integer">6</tier-count>
      <width type="integer">6032</width>
      <x type="integer">0</x>
      <y type="integer">0</y>
      <alignment2d>
        <id type="integer">348460426</id>
        <tvs>0.613486,0.00369691,-0.00369691,0.613486,-792.294,-1463.98</tvs>
        <tsv>1.62997,-0.00982233,0.00982233,1.62997,1277.04,2394.02</tsv>
      </alignment2d>
    </section-image>
    <section-image>
      <annotated type="boolean">false</annotated>
      <axes nil="true"/>
      <bits-per-component type="integer">8</bits-per-component>
      <data-set-id type="integer">927</data-set-id>
      <expression type="boolean" nil="true"/>
      <expression-path>/external/aibssan/production32/prod32/b.927.4/b.927.4_101_expression.aff</expression-path>
      <failed type="boolean">false</failed>
      <height type="integer">4480</height>
      <id type="integer">101327975</id>
      <image-height type="integer">4480</image-height>
      <image-type>Primary</image-type>
      <image-width type="integer">6096</image-width>
      <isi-experiment-id type="integer" nil="true"/>
      <lims1-id type="integer">64337</lims1-id>
      <number-of-components type="integer">3</number-of-components>
      <ophys-experiment-id type="integer" nil="true"/>
      <path>/external/aibssan/production4/Satb1_Baylor_8152/zoomify/primary/null/Satb1_101_null_A.aff</path>
      <projection-function nil="true"/>
      <resolution type="float">1.63</resolution>
      <section-number type="integer">101</section-number>
      <specimen-id type="integer" nil="true"/>
      <structure-id type="integer" nil="true"/>
      <tier-count type="integer">6</tier-count>
      <width type="integer">6096</width>
      <x type="integer">0</x>
      <y type="integer">0</y>
      <alignment2d>
        <id type="integer">348460430</id>
        <tvs>0.613497,0.000671673,-0.000671673,0.613497,-734.753,-1428.06</tvs>
        <tsv>1.63,-0.00178457,0.00178457,1.63,1195.1,2329.05</tsv>
      </alignment2d>
    </section-image>
    <section-image>
      <annotated type="boolean">false</annotated>
      <axes nil="true"/>
      <bits-per-component type="integer">8</bits-per-component>
      <data-set-id type="integer">927</data-set-id>
      <expression type="boolean" nil="true"/>
      <expression-path>/external/aibssan/production32/prod32/b.927.4/b.927.4_109_expression.aff</expression-path>
      <failed type="boolean">false</failed>
      <height type="integer">4696</height>
      <id type="integer">101327980</id>
      <image-height type="integer">4696</image-height>
      <image-type>Primary</image-type>
      <image-width type="integer">5656</image-width>
      <isi-experiment-id type="integer" nil="true"/>
      <lims1-id type="integer">64339</lims1-id>
      <number-of-components type="integer">3</number-of-components>
      <ophys-experiment-id type="integer" nil="true"/>
      <path>/external/aibssan/production4/Satb1_Baylor_8152/zoomify/primary/null/Satb1_109_null_B.aff</path>
      <projection-function nil="true"/>
      <resolution type="float">1.63</resolution>
      <section-number type="integer">109</section-number>
      <specimen-id type="integer" nil="true"/>
      <structure-id type="integer" nil="true"/>
      <tier-count type="integer">6</tier-count>
      <width type="integer">5656</width>
      <x type="integer">0</x>
      <y type="integer">0</y>
      <alignment2d>
        <id type="integer">348460434</id>
        <tvs>0.613461,0.00667912,-0.00667912,0.613461,-1088.07,-1396.14</tvs>
        <tsv>1.6299,-0.0177458,0.0177458,1.6299,1748.67,2294.88</tsv>
      </alignment2d>
    </section-image>
    <section-image>
      <annotated type="boolean">false</annotated>
      <axes nil="true"/>
      <bits-per-component type="integer">8</bits-per-component>
      <data-set-id type="integer">927</data-set-id>
      <expression type="boolean" nil="true"/>
      <expression-path>/external/aibssan/production32/prod32/b.927.4/b.927.4_117_expression.aff</expression-path>
      <failed type="boolean">false</failed>
      <height type="integer">4648</height>
      <id type="integer">101327985</id>
      <image-height type="integer">4648</image-height>
      <image-type>Primary</image-type>
      <image-width type="integer">5840</image-width>
      <isi-experiment-id type="integer" nil="true"/>
      <lims1-id type="integer">64341</lims1-id>
      <number-of-components type="integer">3</number-of-components>
      <ophys-experiment-id type="integer" nil="true"/>
      <path>/external/aibssan/production4/Satb1_Baylor_8152/zoomify/primary/null/Satb1_117_null_C.aff</path>
      <projection-function nil="true"/>
      <resolution type="float">1.63</resolution>
      <section-number type="integer">117</section-number>
      <specimen-id type="integer" nil="true"/>
      <structure-id type="integer" nil="true"/>
      <tier-count type="integer">6</tier-count>
      <width type="integer">5840</width>
      <x type="integer">0</x>
      <y type="integer">0</y>
      <alignment2d>
        <id type="integer">348460437</id>
        <tvs>0.613477,0.00494114,-0.00494114,0.613477,-929.923,-1414.9</tvs>
        <tsv>1.62995,-0.0131281,0.0131281,1.62995,1497.15,2318.42</tsv>
      </alignment2d>
    </section-image>
    <section-image>
      <annotated type="boolean">false</annotated>
      <axes nil="true"/>
      <bits-per-component type="integer">8</bits-per-component>
      <data-set-id type="integer">927</data-set-id>
      <expression type="boolean" nil="true"/>
      <expression-path>/external/aibssan/production32/prod32/b.927.4/b.927.4_125_expression.aff</expression-path>
      <failed type="boolean">false</failed>
      <height type="integer">4760</height>
      <id type="integer">101327990</id>
      <image-height type="integer">4760</image-height>
      <image-type>Primary</image-type>
      <image-width type="integer">6000</image-width>
      <isi-experiment-id type="integer" nil="true"/>
      <lims1-id type="integer">64352</lims1-id>
      <number-of-components type="integer">3</number-of-components>
      <ophys-experiment-id type="integer" nil="true"/>
      <path>/external/aibssan/production4/Satb1_Baylor_8152/zoomify/primary/null/Satb1_125_null_D.aff</path>
      <projection-function nil="true"/>
      <resolution type="float">1.63</resolution>
      <section-number type="integer">125</section-number>
      <specimen-id type="integer" nil="true"/>
      <structure-id type="integer" nil="true"/>
      <tier-count type="integer">6</tier-count>
      <width type="integer">6000</width>
      <x type="integer">0</x>
      <y type="integer">0</y>
      <alignment2d>
        <id type="integer">348460441</id>
        <tvs>0.613475,0.00521582,-0.00521582,0.613475,-862.107,-1371.43</tvs>
        <tsv>1.62994,-0.0138579,0.0138579,1.62994,1386.18,2247.3</tsv>
      </alignment2d>
    </section-image>
    <section-image>
      <annotated type="boolean">false</annotated>
      <axes nil="true"/>
      <bits-per-component type="integer">8</bits-per-component>
      <data-set-id type="integer">927</data-set-id>
      <expression type="boolean" nil="true"/>
      <expression-path>/external/aibssan/production32/prod32/b.927.5/b.927.5_133_expression.aff</expression-path>
      <failed type="boolean">false</failed>
      <height type="integer">4584</height>
      <id type="integer">101327995</id>
      <image-height type="integer">4584</image-height>
      <image-type>Primary</image-type>
      <image-width type="integer">6336</image-width>
      <isi-experiment-id type="integer" nil="true"/>
      <lims1-id type="integer">64353</lims1-id>
      <number-of-components type="integer">3</number-of-components>
      <ophys-experiment-id type="integer" nil="true"/>
      <path>/external/aibssan/production4/Satb1_Baylor_8152/zoomify/primary/null/Satb1_133_null_A.aff</path>
      <projection-function nil="true"/>
      <resolution type="float">1.63</resolution>
      <section-number type="integer">133</section-number>
      <specimen-id type="integer" nil="true"/>
      <structure-id type="integer" nil="true"/>
      <tier-count type="integer">6</tier-count>
      <width type="integer">6336</width>
      <x type="integer">0</x>
      <y type="integer">0</y>
      <alignment2d>
        <id type="integer">348460445</id>
        <tvs>0.613374,0.0123002,-0.0123002,0.613374,-718.886,-1333.21</tvs>
        <tsv>1.62967,-0.0326803,0.0326803,1.62967,1127.98,2196.18</tsv>
      </alignment2d>
    </section-image>
    <section-image>
      <annotated type="boolean">false</annotated>
      <axes nil="true"/>
      <bits-per-component type="integer">8</bits-per-component>
      <data-set-id type="integer">927</data-set-id>
      <expression type="boolean" nil="true"/>
      <expression-path>/external/aibssan/production32/prod32/b.927.5/b.927.5_141_expression.aff</expression-path>
      <failed type="boolean">false</failed>
      <height type="integer">4792</height>
      <id type="integer">101328000</id>
      <image-height type="integer">4792</image-height>
      <image-type>Primary</image-type>
      <image-width type="integer">6528</image-width>
      <isi-experiment-id type="integer" nil="true"/>
      <lims1-id type="integer">64355</lims1-id>
      <number-of-components type="integer">3</number-of-components>
      <ophys-experiment-id type="integer" nil="true"/>
      <path>/external/aibssan/production4/Satb1_Baylor_8152/zoomify/primary/null/Satb1_141_null_B.aff</path>
      <projection-function nil="true"/>
      <resolution type="float">1.63</resolution>
      <section-number type="integer">141</section-number>
      <specimen-id type="integer" nil="true"/>
      <structure-id type="integer" nil="true"/>
      <tier-count type="integer">6</tier-count>
      <width type="integer">6528</width>
      <x type="integer">0</x>
      <y type="integer">0</y>
      <alignment2d>
        <id type="integer">348460448</id>
        <tvs>0.613495,0.00170474,-0.00170474,0.613495,-541.472,-1254.65</tvs>
        <tsv>1.62999,-0.00452933,0.00452933,1.62999,876.914,2047.53</tsv>
      </alignment2d>
    </section-image>
    <section-image>
      <annotated type="boolean">false</annotated>
      <axes nil="true"/>
      <bits-per-component type="integer">8</bits-per-component>
      <data-set-id type="integer">927</data-set-id>
      <expression type="boolean" nil="true"/>
      <expression-path>/external/aibssan/production32/prod32/b.927.5/b.927.5_149_expression.aff</expression-path>
      <failed type="boolean">false</failed>
      <height type="integer">4992</height>
      <id type="integer">101328005</id>
      <image-height type="integer">4992</image-height>
      <image-type>Primary</image-type>
      <image-width type="integer">6640</image-width>
      <isi-experiment-id type="integer" nil="true"/>
      <lims1-id type="integer">64357</lims1-id>
      <number-of-components type="integer">3</number-of-components>
      <ophys-experiment-id type="integer" nil="true"/>
      <path>/external/aibssan/production4/Satb1_Baylor_8152/zoomify/primary/null/Satb1_149_null_C.aff</path>
      <projection-function nil="true"/>
      <resolution type="float">1.63</resolution>
      <section-number type="integer">149</section-number>
      <specimen-id type="integer" nil="true"/>
      <structure-id type="integer" nil="true"/>
      <tier-count type="integer">6</tier-count>
      <width type="integer">6640</width>
      <x type="integer">0</x>
      <y type="integer">0</y>
      <alignment2d>
        <id type="integer">348460452</id>
        <tvs>0.613437,0.00854482,-0.00854482,0.613437,-541.675,-1103.3</tvs>
        <tsv>1.62984,-0.0227027,0.0227027,1.62984,857.797,1810.49</tsv>
      </alignment2d>
    </section-image>
    <section-image>
      <annotated type="boolean">false</annotated>
      <axes nil="true"/>
      <bits-per-component type="integer">8</bits-per-component>
      <data-set-id type="integer">927</data-set-id>
      <expression type="boolean" nil="true"/>
      <expression-path>/external/aibssan/production32/prod32/b.927.5/b.927.5_157_expression.aff</expression-path>
      <failed type="boolean">false</failed>
      <height type="integer">4856</height>
      <id type="integer">101328010</id>
      <image-height type="integer">4856</image-height>
      <image-type>Primary</image-type>
      <image-width type="integer">6592</image-width>
      <isi-experiment-id type="integer" nil="true"/>
      <lims1-id type="integer">64359</lims1-id>
      <number-of-components type="integer">3</number-of-components>
      <ophys-experiment-id type="integer" nil="true"/>
      <path>/external/aibssan/production4/Satb1_Baylor_8152/zoomify/primary/null/Satb1_157_null_D.aff</path>
      <projection-function nil="true"/>
      <resolution type="float">1.63</resolution>
      <section-number type="integer">157</section-number>
      <specimen-id type="integer" nil="true"/>
      <structure-id type="integer" nil="true"/>
      <tier-count type="integer">6</tier-count>
      <width type="integer">6592</width>
      <x type="integer">0</x>
      <y type="integer">0</y>
      <alignment2d>
        <id type="integer">348460455</id>
        <tvs>0.613497,-6.1757e-05,6.1757e-05,0.613497,-590.908,-1195.12</tvs>
        <tsv>1.63,0.000164082,-0.000164082,1.63,963.376,1947.95</tsv>
      </alignment2d>
    </section-image>
    <section-image>
      <annotated type="boolean">false</annotated>
      <axes nil="true"/>
      <bits-per-component type="integer">8</bits-per-component>
      <data-set-id type="integer">927</data-set-id>
      <expression type="boolean" nil="true"/>
      <expression-path>/external/aibssan/production32/prod32/b.927.6/b.927.6_165_expression.aff</expression-path>
      <failed type="boolean">false</failed>
      <height type="integer">5000</height>
      <id type="integer">101328015</id>
      <image-height type="integer">5000</image-height>
      <image-type>Primary</image-type>
      <image-width type="integer">6856</image-width>
      <isi-experiment-id type="integer" nil="true"/>
      <lims1-id type="integer">64361</lims1-id>
      <number-of-components type="integer">3</number-of-components>
      <ophys-experiment-id type="integer" nil="true"/>
      <path>/external/aibssan/production4/Satb1_Baylor_8152/zoomify/primary/null/Satb1_165_null_A.aff</path>
      <projection-function nil="true"/>
      <resolution type="float">1.63</resolution>
      <section-number type="integer">165</section-number>
      <specimen-id type="integer" nil="true"/>
      <structure-id type="integer" nil="true"/>
      <tier-count type="integer">6</tier-count>
      <width type="integer">6856</width>
      <x type="integer">0</x>
      <y type="integer">0</y>
      <alignment2d>
        <id type="integer">348460459</id>
        <tvs>0.613494,0.00191383,-0.00191383,0.613494,-456.735,-1039.33</tvs>
        <tsv>1.62999,-0.00508485,0.00508485,1.62999,739.19,1696.43</tsv>
      </alignment2d>
    </section-image>
    <section-image>
      <annotated type="boolean">false</annotated>
      <axes nil="true"/>
      <bits-per-component type="integer">8</bits-per-component>
      <data-set-id type="integer">927</data-set-id>
      <expression type="boolean" nil="true"/>
      <expression-path>/external/aibssan/production32/prod32/b.927.6/b.927.6_173_expression.aff</expression-path>
      <failed type="boolean">false</failed>
      <height type="integer">4664</height>
      <id type="integer">101328020</id>
      <image-height type="integer">4664</image-height>
      <image-type>Primary</image-type>
      <image-width type="integer">6424</image-width>
      <isi-experiment-id type="integer" nil="true"/>
      <lims1-id type="integer">64362</lims1-id>
      <number-of-components type="integer">3</number-of-components>
      <ophys-experiment-id type="integer" nil="true"/>
      <path>/external/aibssan/production4/Satb1_Baylor_8152/zoomify/primary/null/Satb1_173_null_B.aff</path>
      <projection-function nil="true"/>
      <resolution type="float">1.63</resolution>
      <section-number type="integer">173</section-number>
      <specimen-id type="integer" nil="true"/>
      <structure-id type="integer" nil="true"/>
      <tier-count type="integer">6</tier-count>
      <width type="integer">6424</width>
      <x type="integer">0</x>
      <y type="integer">0</y>
      <alignment2d>
        <id type="integer">348460463</id>
        <tvs>0.613494,0.00188662,-0.00188662,0.613494,-619.875,-1229.17</tvs>
        <tsv>1.62999,-0.00501257,0.00501257,1.62999,1004.23,2006.65</tsv>
      </alignment2d>
    </section-image>
    <section-image>
      <annotated type="boolean">false</annotated>
      <axes nil="true"/>
      <bits-per-component type="integer">8</bits-per-component>
      <data-set-id type="integer">927</data-set-id>
      <expression type="boolean" nil="true"/>
      <expression-path>/external/aibssan/production32/prod32/b.927.6/b.927.6_181_expression.aff</expression-path>
      <failed type="boolean">false</failed>
      <height type="integer">4624</height>
      <id type="integer">101328025</id>
      <image-height type="integer">4624</image-height>
      <image-type>Primary</image-type>
      <image-width type="integer">6400</image-width>
      <isi-experiment-id type="integer" nil="true"/>
      <lims1-id type="integer">64363</lims1-id>
      <number-of-components type="integer">3</number-of-components>
      <ophys-experiment-id type="integer" nil="true"/>
      <path>/external/aibssan/production4/Satb1_Baylor_8152/zoomify/primary/null/Satb1_181_null_C.aff</path>
      <projection-function nil="true"/>
      <resolution type="float">1.63</resolution>
      <section-number type="integer">181</section-number>
      <specimen-id type="integer" nil="true"/>
      <structure-id type="integer" nil="true"/>
      <tier-count type="integer">6</tier-count>
      <width type="integer">6400</width>
      <x type="integer">0</x>
      <y type="integer">0</y>
      <alignment2d>
        <id type="integer">348460466</id>
        <tvs>0.613481,0.00446864,-0.00446864,0.613481,-663.934,-1204.76</tvs>
        <tsv>1.62996,-0.0118727,0.0118727,1.62996,1067.88,1971.6</tsv>
      </alignment2d>
    </section-image>
    <section-image>
      <annotated type="boolean">false</annotated>
      <axes nil="true"/>
      <bits-per-component type="integer">8</bits-per-component>
      <data-set-id type="integer">927</data-set-id>
      <expression type="boolean" nil="true"/>
      <expression-path>/external/aibssan/production32/prod32/b.927.6/b.927.6_189_expression.aff</expression-path>
      <failed type="boolean">false</failed>
      <height type="integer">4592</height>
      <id type="integer">101328030</id>
      <image-height type="integer">4592</image-height>
      <image-type>Primary</image-type>
      <image-width type="integer">6416</image-width>
      <isi-experiment-id type="integer" nil="true"/>
      <lims1-id type="integer">64365</lims1-id>
      <number-of-components type="integer">3</number-of-components>
      <ophys-experiment-id type="integer" nil="true"/>
      <path>/external/aibssan/production4/Satb1_Baylor_8152/zoomify/primary/null/Satb1_189_null_D.aff</path>
      <projection-function nil="true"/>
      <resolution type="float">1.63</resolution>
      <section-number type="integer">189</section-number>
      <specimen-id type="integer" nil="true"/>
      <structure-id type="integer" nil="true"/>
      <tier-count type="integer">6</tier-count>
      <width type="integer">6416</width>
      <x type="integer">0</x>
      <y type="integer">0</y>
      <alignment2d>
        <id type="integer">348460470</id>
        <tvs>0.613483,0.00414264,-0.00414264,0.613483,-621.148,-1264.06</tvs>
        <tsv>1.62996,-0.0110066,0.0110066,1.62996,998.534,2067.21</tsv>
      </alignment2d>
    </section-image>
    <section-image>
      <annotated type="boolean">false</annotated>
      <axes nil="true"/>
      <bits-per-component type="integer">8</bits-per-component>
      <data-set-id type="integer">927</data-set-id>
      <expression type="boolean" nil="true"/>
      <expression-path>/external/aibssan/production32/prod32/b.927.7/b.927.7_197_expression.aff</expression-path>
      <failed type="boolean">false</failed>
      <height type="integer">4712</height>
      <id type="integer">101328035</id>
      <image-height type="integer">4712</image-height>
      <image-type>Primary</image-type>
      <image-width type="integer">6464</image-width>
      <isi-experiment-id type="integer" nil="true"/>
      <lims1-id type="integer">64367</lims1-id>
      <number-of-components type="integer">3</number-of-components>
      <ophys-experiment-id type="integer" nil="true"/>
      <path>/external/aibssan/production4/Satb1_Baylor_8152/zoomify/primary/null/Satb1_197_null_A.aff</path>
      <projection-function nil="true"/>
      <resolution type="float">1.63</resolution>
      <section-number type="integer">197</section-number>
      <specimen-id type="integer" nil="true"/>
      <structure-id type="integer" nil="true"/>
      <tier-count type="integer">6</tier-count>
      <width type="integer">6464</width>
      <x type="integer">0</x>
      <y type="integer">0</y>
      <alignment2d>
        <id type="integer">348460474</id>
        <tvs>0.613484,0.00394208,-0.00394208,0.613484,-657.193,-1137.43</tvs>
        <tsv>1.62997,-0.0104737,0.0104737,1.62997,1059.29,1860.86</tsv>
      </alignment2d>
    </section-image>
    <section-image>
      <annotated type="boolean">false</annotated>
      <axes nil="true"/>
      <bits-per-component type="integer">8</bits-per-component>
      <data-set-id type="integer">927</data-set-id>
      <expression type="boolean" nil="true"/>
      <expression-path>/external/aibssan/production32/prod32/b.927.7/b.927.7_205_expression.aff</expression-path>
      <failed type="boolean">false</failed>
      <height type="integer">4696</height>
      <id type="integer">101328040</id>
      <image-height type="integer">4696</image-height>
      <image-type>Primary</image-type>
      <image-width type="integer">6424</image-width>
      <isi-experiment-id type="integer" nil="true"/>
      <lims1-id type="integer">64369</lims1-id>
      <number-of-components type="integer">3</number-of-components>
      <ophys-experiment-id type="integer" nil="true"/>
      <path>/external/aibssan/production4/Satb1_Baylor_8152/zoomify/primary/null/Satb1_205_null_B.aff</path>
      <projection-function nil="true"/>
      <resolution type="float">1.63</resolution>
      <section-number type="integer">205</section-number>
      <specimen-id type="integer" nil="true"/>
      <structure-id type="integer" nil="true"/>
      <tier-count type="integer">6</tier-count>
      <width type="integer">6424</width>
      <x type="integer">0</x>
      <y type="integer">0</y>
      <alignment2d>
        <id type="integer">348460477</id>
        <tvs>0.61344,0.00838398,-0.00838398,0.61344,-789.467,-1157.23</tvs>
        <tsv>1.62985,-0.0222754,0.0222754,1.62985,1260.93,1903.7</tsv>
      </alignment2d>
    </section-image>
    <section-image>
      <annotated type="boolean">false</annotated>
      <axes nil="true"/>
      <bits-per-component type="integer">8</bits-per-component>
      <data-set-id type="integer">927</data-set-id>
      <expression type="boolean" nil="true"/>
      <expression-path>/external/aibssan/production32/prod32/b.927.7/b.927.7_213_expression.aff</expression-path>
      <failed type="boolean">false</failed>
      <height type="integer">4768</height>
      <id type="integer">101328045</id>
      <image-height type="integer">4768</image-height>
      <image-type>Primary</image-type>
      <image-width type="integer">6376</image-width>
      <isi-experiment-id type="integer" nil="true"/>
      <lims1-id type="integer">64371</lims1-id>
      <number-of-components type="integer">3</number-of-components>
      <ophys-experiment-id type="integer" nil="true"/>
      <path>/external/aibssan/production4/Satb1_Baylor_8152/zoomify/primary/null/Satb1_213_null_C.aff</path>
      <projection-function nil="true"/>
      <resolution type="float">1.63</resolution>
      <section-number type="integer">213</section-number>
      <specimen-id type="integer" nil="true"/>
      <structure-id type="integer" nil="true"/>
      <tier-count type="integer">6</tier-count>
      <width type="integer">6376</width>
      <x type="integer">0</x>
      <y type="integer">0</y>
      <alignment2d>
        <id type="integer">348460481</id>
        <tvs>0.613392,0.0113672,-0.0113672,0.613392,-714.071,-1161.55</tvs>
        <tsv>1.62972,-0.0302016,0.0302016,1.62972,1128.66,1914.57</tsv>
      </alignment2d>
    </section-image>
    <section-image>
      <annotated type="boolean">false</annotated>
      <axes nil="true"/>
      <bits-per-component type="integer">8</bits-per-component>
      <data-set-id type="integer">927</data-set-id>
      <expression type="boolean" nil="true"/>
      <expression-path>/external/aibssan/production32/prod32/b.927.8/b.927.8_229_expression.aff</expression-path>
      <failed type="boolean">false</failed>
      <height type="integer">4584</height>
      <id type="integer">101328055</id>
      <image-height type="integer">4584</image-height>
      <image-type>Primary</image-type>
      <image-width type="integer">6344</image-width>
      <isi-experiment-id type="integer" nil="true"/>
      <lims1-id type="integer">64373</lims1-id>
      <number-of-components type="integer">3</number-of-components>
      <ophys-experiment-id type="integer" nil="true"/>
      <path>/external/aibssan/production4/Satb1_Baylor_8152/zoomify/primary/null/Satb1_229_null_A.aff</path>
      <projection-function nil="true"/>
      <resolution type="float">1.63</resolution>
      <section-number type="integer">229</section-number>
      <specimen-id type="integer" nil="true"/>
      <structure-id type="integer" nil="true"/>
      <tier-count type="integer">6</tier-count>
      <width type="integer">6344</width>
      <x type="integer">0</x>
      <y type="integer">0</y>
      <alignment2d>
        <id type="integer">348460484</id>
        <tvs>0.613409,0.0103745,-0.0103745,0.613409,-702.038,-1233.76</tvs>
        <tsv>1.62977,-0.0275641,0.0275641,1.62977,1110.15,2030.09</tsv>
      </alignment2d>
    </section-image>
    <section-image>
      <annotated type="boolean">false</annotated>
      <axes nil="true"/>
      <bits-per-component type="integer">8</bits-per-component>
      <data-set-id type="integer">927</data-set-id>
      <expression type="boolean" nil="true"/>
      <expression-path>/external/aibssan/production32/prod32/b.927.8/b.927.8_237_expression.aff</expression-path>
      <failed type="boolean">false</failed>
      <height type="integer">4744</height>
      <id type="integer">101328060</id>
      <image-height type="integer">4744</image-height>
      <image-type>Primary</image-type>
      <image-width type="integer">6304</image-width>
      <isi-experiment-id type="integer" nil="true"/>
      <lims1-id type="integer">64375</lims1-id>
      <number-of-components type="integer">3</number-of-components>
      <ophys-experiment-id type="integer" nil="true"/>
      <path>/external/aibssan/production4/Satb1_Baylor_8152/zoomify/primary/null/Satb1_237_null_B.aff</path>
      <projection-function nil="true"/>
      <resolution type="float">1.63</resolution>
      <section-number type="integer">237</section-number>
      <specimen-id type="integer" nil="true"/>
      <structure-id type="integer" nil="true"/>
      <tier-count type="integer">6</tier-count>
      <width type="integer">6304</width>
      <x type="integer">0</x>
      <y type="integer">0</y>
      <alignment2d>
        <id type="integer">348460488</id>
        <tvs>0.613445,0.00799492,-0.00799492,0.613445,-714.711,-1153.08</tvs>
        <tsv>1.62986,-0.0212417,0.0212417,1.62986,1140.39,1894.54</tsv>
      </alignment2d>
    </section-image>
    <section-image>
      <annotated type="boolean">false</annotated>
      <axes nil="true"/>
      <bits-per-component type="integer">8</bits-per-component>
      <data-set-id type="integer">927</data-set-id>
      <expression type="boolean" nil="true"/>
      <expression-path>/external/aibssan/production32/prod32/b.927.8/b.927.8_245_expression.aff</expression-path>
      <failed type="boolean">false</failed>
      <height type="integer">4552</height>
      <id type="integer">101328065</id>
      <image-height type="integer">4552</image-height>
      <image-type>Primary</image-type>
      <image-width type="integer">6312</image-width>
      <isi-experiment-id type="integer" nil="true"/>
      <lims1-id type="integer">64377</lims1-id>
      <number-of-components type="integer">3</number-of-components>
      <ophys-experiment-id type="integer" nil="true"/>
      <path>/external/aibssan/production4/Satb1_Baylor_8152/zoomify/primary/null/Satb1_245_null_C.aff</path>
      <projection-function nil="true"/>
      <resolution type="float">1.63</resolution>
      <section-number type="integer">245</section-number>
      <specimen-id type="integer" nil="true"/>
      <structure-id type="integer" nil="true"/>
      <tier-count type="integer">6</tier-count>
      <width type="integer">6312</width>
      <x type="integer">0</x>
      <y type="integer">0</y>
      <alignment2d>
        <id type="integer">348460492</id>
        <tvs>0.613438,0.00850326,-0.00850326,0.613438,-698.088,-1330.41</tvs>
        <tsv>1.62984,-0.0225923,0.0225923,1.62984,1107.72,2184.13</tsv>
      </alignment2d>
    </section-image>
    <section-image>
      <annotated type="boolean">false</annotated>
      <axes nil="true"/>
      <bits-per-component type="integer">8</bits-per-component>
      <data-set-id type="integer">927</data-set-id>
      <expression type="boolean" nil="true"/>
      <expression-path>/external/aibssan/production32/prod32/b.927.8/b.927.8_253_expression.aff</expression-path>
      <failed type="boolean">false</failed>
      <height type="integer">4600</height>
      <id type="integer">101328070</id>
      <image-height type="integer">4600</image-height>
      <image-type>Primary</image-type>
      <image-width type="integer">6312</image-width>
      <isi-experiment-id type="integer" nil="true"/>
      <lims1-id type="integer">64379</lims1-id>
      <number-of-components type="integer">3</number-of-components>
      <ophys-experiment-id type="integer" nil="true"/>
      <path>/external/aibssan/production4/Satb1_Baylor_8152/zoomify/primary/null/Satb1_253_null_D.aff</path>
      <projection-function nil="true"/>
      <resolution type="float">1.63</resolution>
      <section-number type="integer">253</section-number>
      <specimen-id type="integer" nil="true"/>
      <structure-id type="integer" nil="true"/>
      <tier-count type="integer">6</tier-count>
      <width type="integer">6312</width>
      <x type="integer">0</x>
      <y type="integer">0</y>
      <alignment2d>
        <id type="integer">348460495</id>
        <tvs>0.613458,0.0069127,-0.0069127,0.613458,-746.875,-1339.09</tvs>
        <tsv>1.6299,-0.0183664,0.0183664,1.6299,1192.73,2196.3</tsv>
      </alignment2d>
    </section-image>
    <section-image>
      <annotated type="boolean">false</annotated>
      <axes nil="true"/>
      <bits-per-component type="integer">8</bits-per-component>
      <data-set-id type="integer">927</data-set-id>
      <expression type="boolean" nil="true"/>
      <expression-path>/external/aibssan/production32/prod32/b.927.9/b.927.9_261_expression.aff</expression-path>
      <failed type="boolean">false</failed>
      <height type="integer">4608</height>
      <id type="integer">101328075</id>
      <image-height type="integer">4608</image-height>
      <image-type>Primary</image-type>
      <image-width type="integer">6296</image-width>
      <isi-experiment-id type="integer" nil="true"/>
      <lims1-id type="integer">64381</lims1-id>
      <number-of-components type="integer">3</number-of-components>
      <ophys-experiment-id type="integer" nil="true"/>
      <path>/external/aibssan/production4/Satb1_Baylor_8152/zoomify/primary/null/Satb1_261_null_A.aff</path>
      <projection-function nil="true"/>
      <resolution type="float">1.63</resolution>
      <section-number type="integer">261</section-number>
      <specimen-id type="integer" nil="true"/>
      <structure-id type="integer" nil="true"/>
      <tier-count type="integer">6</tier-count>
      <width type="integer">6296</width>
      <x type="integer">0</x>
      <y type="integer">0</y>
      <alignment2d>
        <id type="integer">348460499</id>
        <tvs>0.61348,0.00461714,-0.00461714,0.61348,-685.421,-1336.26</tvs>
        <tsv>1.62995,-0.0122673,0.0122673,1.62995,1100.81,2186.45</tsv>
      </alignment2d>
    </section-image>
    <section-image>
      <annotated type="boolean">false</annotated>
      <axes nil="true"/>
      <bits-per-component type="integer">8</bits-per-component>
      <data-set-id type="integer">927</data-set-id>
      <expression type="boolean" nil="true"/>
      <expression-path>/external/aibssan/production32/prod32/b.927.9/b.927.9_277_expression.aff</expression-path>
      <failed type="boolean">false</failed>
      <height type="integer">4672</height>
      <id type="integer">101328085</id>
      <image-height type="integer">4672</image-height>
      <image-type>Primary</image-type>
      <image-width type="integer">6176</image-width>
      <isi-experiment-id type="integer" nil="true"/>
      <lims1-id type="integer">64383</lims1-id>
      <number-of-components type="integer">3</number-of-components>
      <ophys-experiment-id type="integer" nil="true"/>
      <path>/external/aibssan/production4/Satb1_Baylor_8152/zoomify/primary/null/Satb1_277_null_C.aff</path>
      <projection-function nil="true"/>
      <resolution type="float">1.63</resolution>
      <section-number type="integer">277</section-number>
      <specimen-id type="integer" nil="true"/>
      <structure-id type="integer" nil="true"/>
      <tier-count type="integer">6</tier-count>
      <width type="integer">6176</width>
      <x type="integer">0</x>
      <y type="integer">0</y>
      <alignment2d>
        <id type="integer">348460503</id>
        <tvs>0.613455,0.00717016,-0.00717016,0.613455,-786.455,-1296.67</tvs>
        <tsv>1.62989,-0.0190504,0.0190504,1.62989,1257.13,2128.41</tsv>
      </alignment2d>
    </section-image>
    <section-image>
      <annotated type="boolean">false</annotated>
      <axes nil="true"/>
      <bits-per-component type="integer">8</bits-per-component>
      <data-set-id type="integer">927</data-set-id>
      <expression type="boolean" nil="true"/>
      <expression-path>/external/aibssan/production32/prod32/b.927.9/b.927.9_285_expression.aff</expression-path>
      <failed type="boolean">false</failed>
      <height type="integer">4464</height>
      <id type="integer">101328090</id>
      <image-height type="integer">4464</image-height>
      <image-type>Primary</image-type>
      <image-width type="integer">6064</image-width>
      <isi-experiment-id type="integer" nil="true"/>
      <lims1-id type="integer">64385</lims1-id>
      <number-of-components type="integer">3</number-of-components>
      <ophys-experiment-id type="integer" nil="true"/>
      <path>/external/aibssan/production4/Satb1_Baylor_8152/zoomify/primary/null/Satb1_285_null_D.aff</path>
      <projection-function nil="true"/>
      <resolution type="float">1.63</resolution>
      <section-number type="integer">285</section-number>
      <specimen-id type="integer" nil="true"/>
      <structure-id type="integer" nil="true"/>
      <tier-count type="integer">6</tier-count>
      <width type="integer">6064</width>
      <x type="integer">0</x>
      <y type="integer">0</y>
      <alignment2d>
        <id type="integer">348460506</id>
        <tvs>0.613482,0.00430814,-0.00430814,0.613482,-796.293,-1471.77</tvs>
        <tsv>1.62996,-0.0114463,0.0114463,1.62996,1281.08,2408.03</tsv>
      </alignment2d>
    </section-image>
    <section-image>
      <annotated type="boolean">false</annotated>
      <axes nil="true"/>
      <bits-per-component type="integer">8</bits-per-component>
      <data-set-id type="integer">927</data-set-id>
      <expression type="boolean" nil="true"/>
      <expression-path>/external/aibssan/production32/prod32/b.927.10/b.927.10_293_expression.aff</expression-path>
      <failed type="boolean">false</failed>
      <height type="integer">4584</height>
      <id type="integer">101328095</id>
      <image-height type="integer">4584</image-height>
      <image-type>Primary</image-type>
      <image-width type="integer">5976</image-width>
      <isi-experiment-id type="integer" nil="true"/>
      <lims1-id type="integer">64387</lims1-id>
      <number-of-components type="integer">3</number-of-components>
      <ophys-experiment-id type="integer" nil="true"/>
      <path>/external/aibssan/production4/Satb1_Baylor_8152/zoomify/primary/null/Satb1_293_null_A.aff</path>
      <projection-function nil="true"/>
      <resolution type="float">1.63</resolution>
      <section-number type="integer">293</section-number>
      <specimen-id type="integer" nil="true"/>
      <structure-id type="integer" nil="true"/>
      <tier-count type="integer">6</tier-count>
      <width type="integer">5976</width>
      <x type="integer">0</x>
      <y type="integer">0</y>
      <alignment2d>
        <id type="integer">348460510</id>
        <tvs>0.613481,0.00443362,-0.00443362,0.613481,-848.846,-1397.73</tvs>
        <tsv>1.62996,-0.0117797,0.0117797,1.62996,1367.12,2288.24</tsv>
      </alignment2d>
    </section-image>
    <section-image>
      <annotated type="boolean">false</annotated>
      <axes nil="true"/>
      <bits-per-component type="integer">8</bits-per-component>
      <data-set-id type="integer">927</data-set-id>
      <expression type="boolean" nil="true"/>
      <expression-path>/external/aibssan/production32/prod32/b.927.10/b.927.10_301_expression.aff</expression-path>
      <failed type="boolean">false</failed>
      <height type="integer">4520</height>
      <id type="integer">101328100</id>
      <image-height type="integer">4520</image-height>
      <image-type>Primary</image-type>
      <image-width type="integer">5832</image-width>
      <isi-experiment-id type="integer" nil="true"/>
      <lims1-id type="integer">64389</lims1-id>
      <number-of-components type="integer">3</number-of-components>
      <ophys-experiment-id type="integer" nil="true"/>
      <path>/external/aibssan/production4/Satb1_Baylor_8152/zoomify/primary/null/Satb1_301_null_B.aff</path>
      <projection-function nil="true"/>
      <resolution type="float">1.63</resolution>
      <section-number type="integer">301</section-number>
      <specimen-id type="integer" nil="true"/>
      <structure-id type="integer" nil="true"/>
      <tier-count type="integer">6</tier-count>
      <width type="integer">5832</width>
      <x type="integer">0</x>
      <y type="integer">0</y>
      <alignment2d>
        <id type="integer">348460513</id>
        <tvs>0.613477,0.00496563,-0.00496563,0.613477,-926.766,-1322.68</tvs>
        <tsv>1.62995,-0.0131932,0.0131932,1.62995,1493.13,2168.12</tsv>
      </alignment2d>
    </section-image>
    <section-image>
      <annotated type="boolean">false</annotated>
      <axes nil="true"/>
      <bits-per-component type="integer">8</bits-per-component>
      <data-set-id type="integer">927</data-set-id>
      <expression type="boolean" nil="true"/>
      <expression-path>/external/aibssan/production32/prod32/b.927.10/b.927.10_309_expression.aff</expression-path>
      <failed type="boolean">false</failed>
      <height type="integer">4304</height>
      <id type="integer">101328105</id>
      <image-height type="integer">4304</image-height>
      <image-type>Primary</image-type>
      <image-width type="integer">5720</image-width>
      <isi-experiment-id type="integer" nil="true"/>
      <lims1-id type="integer">64391</lims1-id>
      <number-of-components type="integer">3</number-of-components>
      <ophys-experiment-id type="integer" nil="true"/>
      <path>/external/aibssan/production4/Satb1_Baylor_8152/zoomify/primary/null/Satb1_309_null_C.aff</path>
      <projection-function nil="true"/>
      <resolution type="float">1.63</resolution>
      <section-number type="integer">309</section-number>
      <specimen-id type="integer" nil="true"/>
      <structure-id type="integer" nil="true"/>
      <tier-count type="integer">6</tier-count>
      <width type="integer">5720</width>
      <x type="integer">0</x>
      <y type="integer">0</y>
      <alignment2d>
        <id type="integer">348460517</id>
        <tvs>0.613443,0.00816939,-0.00816939,0.613443,-996.466,-1406.58</tvs>
        <tsv>1.62986,-0.0217052,0.0217052,1.62986,1593.56,2314.14</tsv>
      </alignment2d>
    </section-image>
    <section-image>
      <annotated type="boolean">false</annotated>
      <axes nil="true"/>
      <bits-per-component type="integer">8</bits-per-component>
      <data-set-id type="integer">927</data-set-id>
      <expression type="boolean" nil="true"/>
      <expression-path>/external/aibssan/production32/prod32/b.927.10/b.927.10_317_expression.aff</expression-path>
      <failed type="boolean">false</failed>
      <height type="integer">4200</height>
      <id type="integer">101328110</id>
      <image-height type="integer">4200</image-height>
      <image-type>Primary</image-type>
      <image-width type="integer">5560</image-width>
      <isi-experiment-id type="integer" nil="true"/>
      <lims1-id type="integer">64392</lims1-id>
      <number-of-components type="integer">3</number-of-components>
      <ophys-experiment-id type="integer" nil="true"/>
      <path>/external/aibssan/production4/Satb1_Baylor_8152/zoomify/primary/null/Satb1_317_null_D.aff</path>
      <projection-function nil="true"/>
      <resolution type="float">1.63</resolution>
      <section-number type="integer">317</section-number>
      <specimen-id type="integer" nil="true"/>
      <structure-id type="integer" nil="true"/>
      <tier-count type="integer">6</tier-count>
      <width type="integer">5560</width>
      <x type="integer">0</x>
      <y type="integer">0</y>
      <alignment2d>
        <id type="integer">348460521</id>
        <tvs>0.613458,0.00690502,-0.00690502,0.613458,-1052.8,-1527.49</tvs>
        <tsv>1.6299,-0.018346,0.018346,1.6299,1687.94,2508.97</tsv>
      </alignment2d>
    </section-image>
    <section-image>
      <annotated type="boolean">false</annotated>
      <axes nil="true"/>
      <bits-per-component type="integer">8</bits-per-component>
      <data-set-id type="integer">927</data-set-id>
      <expression type="boolean" nil="true"/>
      <expression-path>/external/aibssan/production32/prod32/b.927.11/b.927.11_325_expression.aff</expression-path>
      <failed type="boolean">false</failed>
      <height type="integer">4248</height>
      <id type="integer">101328115</id>
      <image-height type="integer">4248</image-height>
      <image-type>Primary</image-type>
      <image-width type="integer">5416</image-width>
      <isi-experiment-id type="integer" nil="true"/>
      <lims1-id type="integer">64393</lims1-id>
      <number-of-components type="integer">3</number-of-components>
      <ophys-experiment-id type="integer" nil="true"/>
      <path>/external/aibssan/production4/Satb1_Baylor_8152/zoomify/primary/null/Satb1_325_null_A.aff</path>
      <projection-function nil="true"/>
      <resolution type="float">1.63</resolution>
      <section-number type="integer">325</section-number>
      <specimen-id type="integer" nil="true"/>
      <structure-id type="integer" nil="true"/>
      <tier-count type="integer">6</tier-count>
      <width type="integer">5416</width>
      <x type="integer">0</x>
      <y type="integer">0</y>
      <alignment2d>
        <id type="integer">348460524</id>
        <tvs>0.613454,0.00723628,-0.00723628,0.613454,-1114.7,-1511.97</tvs>
        <tsv>1.62989,-0.0192261,0.0192261,1.62989,1787.77,2485.78</tsv>
      </alignment2d>
    </section-image>
    <section-image>
      <annotated type="boolean">false</annotated>
      <axes nil="true"/>
      <bits-per-component type="integer">8</bits-per-component>
      <data-set-id type="integer">927</data-set-id>
      <expression type="boolean" nil="true"/>
      <expression-path>/external/aibssan/production32/prod32/b.927.11/b.927.11_333_expression.aff</expression-path>
      <failed type="boolean">false</failed>
      <height type="integer">4200</height>
      <id type="integer">101328120</id>
      <image-height type="integer">4200</image-height>
      <image-type>Primary</image-type>
      <image-width type="integer">5168</image-width>
      <isi-experiment-id type="integer" nil="true"/>
      <lims1-id type="integer">64395</lims1-id>
      <number-of-components type="integer">3</number-of-components>
      <ophys-experiment-id type="integer" nil="true"/>
      <path>/external/aibssan/production4/Satb1_Baylor_8152/zoomify/primary/null/Satb1_333_null_B.aff</path>
      <projection-function nil="true"/>
      <resolution type="float">1.63</resolution>
      <section-number type="integer">333</section-number>
      <specimen-id type="integer" nil="true"/>
      <structure-id type="integer" nil="true"/>
      <tier-count type="integer">6</tier-count>
      <width type="integer">5168</width>
      <x type="integer">0</x>
      <y type="integer">0</y>
      <alignment2d>
        <id type="integer">348460527</id>
        <tvs>0.61347,0.00572796,-0.00572796,0.61347,-1235.5,-1551.45</tvs>
        <tsv>1.62993,-0.0152186,0.0152186,1.62993,1990.17,2547.55</tsv>
      </alignment2d>
    </section-image>
    <section-image>
      <annotated type="boolean">false</annotated>
      <axes nil="true"/>
      <bits-per-component type="integer">8</bits-per-component>
      <data-set-id type="integer">927</data-set-id>
      <expression type="boolean" nil="true"/>
      <expression-path>/external/aibssan/production32/prod32/b.927.11/b.927.11_341_expression.aff</expression-path>
      <failed type="boolean">false</failed>
      <height type="integer">4392</height>
      <id type="integer">101328125</id>
      <image-height type="integer">4392</image-height>
      <image-type>Primary</image-type>
      <image-width type="integer">5024</image-width>
      <isi-experiment-id type="integer" nil="true"/>
      <lims1-id type="integer">64397</lims1-id>
      <number-of-components type="integer">3</number-of-components>
      <ophys-experiment-id type="integer" nil="true"/>
      <path>/external/aibssan/production4/Satb1_Baylor_8152/zoomify/primary/null/Satb1_341_null_C.aff</path>
      <projection-function nil="true"/>
      <resolution type="float">1.63</resolution>
      <section-number type="integer">341</section-number>
      <specimen-id type="integer" nil="true"/>
      <structure-id type="integer" nil="true"/>
      <tier-count type="integer">6</tier-count>
      <width type="integer">5024</width>
      <x type="integer">0</x>
      <y type="integer">0</y>
      <alignment2d>
        <id type="integer">348460531</id>
        <tvs>0.613484,0.00401108,-0.00401108,0.613484,-1297.23,-1455.86</tvs>
        <tsv>1.62997,-0.010657,0.010657,1.62997,2098.92,2386.82</tsv>
      </alignment2d>
    </section-image>
    <section-image>
      <annotated type="boolean">false</annotated>
      <axes nil="true"/>
      <bits-per-component type="integer">8</bits-per-component>
      <data-set-id type="integer">927</data-set-id>
      <expression type="boolean" nil="true"/>
      <expression-path>/external/aibssan/production32/prod32/b.927.11/b.927.11_349_expression.aff</expression-path>
      <failed type="boolean">false</failed>
      <height type="integer">4416</height>
      <id type="integer">101328130</id>
      <image-height type="integer">4416</image-height>
      <image-type>Primary</image-type>
      <image-width type="integer">5360</image-width>
      <isi-experiment-id type="integer" nil="true"/>
      <lims1-id type="integer">64399</lims1-id>
      <number-of-components type="integer">3</number-of-components>
      <ophys-experiment-id type="integer" nil="true"/>
      <path>/external/aibssan/production4/Satb1_Baylor_8152/zoomify/primary/null/Satb1_349_null_D.aff</path>
      <projection-function nil="true"/>
      <resolution type="float">1.63</resolution>
      <section-number type="integer">349</section-number>
      <specimen-id type="integer" nil="true"/>
      <structure-id type="integer" nil="true"/>
      <tier-count type="integer">6</tier-count>
      <width type="integer">5360</width>
      <x type="integer">0</x>
      <y type="integer">0</y>
      <alignment2d>
        <id type="integer">348460535</id>
        <tvs>0.613488,0.00326899,-0.00326899,0.613488,-1168.79,-1398.38</tvs>
        <tsv>1.62998,-0.00868539,0.00868539,1.62998,1892.96,2289.48</tsv>
      </alignment2d>
    </section-image>
    <section-image>
      <annotated type="boolean">false</annotated>
      <axes nil="true"/>
      <bits-per-component type="integer">8</bits-per-component>
      <data-set-id type="integer">927</data-set-id>
      <expression type="boolean" nil="true"/>
      <expression-path>/external/aibssan/production32/prod32/b.927.12/b.927.12_357_expression.aff</expression-path>
      <failed type="boolean">false</failed>
      <height type="integer">4096</height>
      <id type="integer">101328135</id>
      <image-height type="integer">4096</image-height>
      <image-type>Primary</image-type>
      <image-width type="integer">4640</image-width>
      <isi-experiment-id type="integer" nil="true"/>
      <lims1-id type="integer">64401</lims1-id>
      <number-of-components type="integer">3</number-of-components>
      <ophys-experiment-id type="integer" nil="true"/>
      <path>/external/aibssan/production4/Satb1_Baylor_8152/zoomify/primary/null/Satb1_357_null_A.aff</path>
      <projection-function nil="true"/>
      <resolution type="float">1.63</resolution>
      <section-number type="integer">357</section-number>
      <specimen-id type="integer" nil="true"/>
      <structure-id type="integer" nil="true"/>
      <tier-count type="integer">6</tier-count>
      <width type="integer">4640</width>
      <x type="integer">0</x>
      <y type="integer">0</y>
      <alignment2d>
        <id type="integer">348460539</id>
        <tvs>0.61349,0.00286379,-0.00286379,0.61349,-1523.26,-1539.21</tvs>
        <tsv>1.62998,-0.00760881,0.00760881,1.62998,2471.18,2520.47</tsv>
      </alignment2d>
    </section-image>
    <section-image>
      <annotated type="boolean">false</annotated>
      <axes nil="true"/>
      <bits-per-component type="integer">8</bits-per-component>
      <data-set-id type="integer">927</data-set-id>
      <expression type="boolean" nil="true"/>
      <expression-path>/external/aibssan/production32/prod32/b.927.12/b.927.12_373_expression.aff</expression-path>
      <failed type="boolean">false</failed>
      <height type="integer">3600</height>
      <id type="integer">101328145</id>
      <image-height type="integer">3600</image-height>
      <image-type>Primary</image-type>
      <image-width type="integer">4072</image-width>
      <isi-experiment-id type="integer" nil="true"/>
      <lims1-id type="integer">64403</lims1-id>
      <number-of-components type="integer">3</number-of-components>
      <ophys-experiment-id type="integer" nil="true"/>
      <path>/external/aibssan/production4/Satb1_Baylor_8152/zoomify/primary/null/Satb1_373_null_C.aff</path>
      <projection-function nil="true"/>
      <resolution type="float">1.63</resolution>
      <section-number type="integer">373</section-number>
      <specimen-id type="integer" nil="true"/>
      <structure-id type="integer" nil="true"/>
      <tier-count type="integer">5</tier-count>
      <width type="integer">4072</width>
      <x type="integer">0</x>
      <y type="integer">0</y>
      <alignment2d>
        <id type="integer">348460543</id>
        <tvs>0.613491,0.00266648,-0.00266648,0.613491,-1853.64,-1846.42</tvs>
        <tsv>1.62998,-0.00708458,0.00708458,1.62998,3008.32,3022.77</tsv>
      </alignment2d>
    </section-image>
    <section-image>
      <annotated type="boolean">false</annotated>
      <axes nil="true"/>
      <bits-per-component type="integer">8</bits-per-component>
      <data-set-id type="integer">927</data-set-id>
      <expression type="boolean" nil="true"/>
      <expression-path>/external/aibssan/production32/prod32/b.927.13/b.927.13_389_expression.aff</expression-path>
      <failed type="boolean">false</failed>
      <height type="integer">3256</height>
      <id type="integer">101328155</id>
      <image-height type="integer">3256</image-height>
      <image-type>Primary</image-type>
      <image-width type="integer">3432</image-width>
      <isi-experiment-id type="integer" nil="true"/>
      <lims1-id type="integer">64407</lims1-id>
      <number-of-components type="integer">3</number-of-components>
      <ophys-experiment-id type="integer" nil="true"/>
      <path>/external/aibssan/production4/Satb1_Baylor_8152/zoomify/primary/null/Satb1_389_null_A.aff</path>
      <projection-function nil="true"/>
      <resolution type="float">1.63</resolution>
      <section-number type="integer">389</section-number>
      <specimen-id type="integer" nil="true"/>
      <structure-id type="integer" nil="true"/>
      <tier-count type="integer">5</tier-count>
      <width type="integer">3432</width>
      <x type="integer">0</x>
      <y type="integer">0</y>
      <alignment2d>
        <id type="integer">348460547</id>
        <tvs>0.613497,-0.000440053,0.000440053,0.613497,-2111.94,-2042.19</tvs>
        <tsv>1.63,0.00116918,-0.00116918,1.63,3444.84,3326.29</tsv>
      </alignment2d>
    </section-image>
    <section-image>
      <annotated type="boolean">false</annotated>
      <axes nil="true"/>
      <bits-per-component type="integer">8</bits-per-component>
      <data-set-id type="integer">927</data-set-id>
      <expression type="boolean" nil="true"/>
      <expression-path>/external/aibssan/production32/prod32/b.927.13/b.927.13_397_expression.aff</expression-path>
      <failed type="boolean">false</failed>
      <height type="integer">2872</height>
      <id type="integer">101328160</id>
      <image-height type="integer">2872</image-height>
      <image-type>Primary</image-type>
      <image-width type="integer">3080</image-width>
      <isi-experiment-id type="integer" nil="true"/>
      <lims1-id type="integer">64409</lims1-id>
      <number-of-components type="integer">3</number-of-components>
      <ophys-experiment-id type="integer" nil="true"/>
      <path>/external/aibssan/production4/Satb1_Baylor_8152/zoomify/primary/null/Satb1_397_null_B.aff</path>
      <projection-function nil="true"/>
      <resolution type="float">1.63</resolution>
      <section-number type="integer">397</section-number>
      <specimen-id type="integer" nil="true"/>
      <structure-id type="integer" nil="true"/>
      <tier-count type="integer">5</tier-count>
      <width type="integer">3080</width>
      <x type="integer">0</x>
      <y type="integer">0</y>
      <alignment2d>
        <id type="integer">348460550</id>
        <tvs>0.61348,-0.00453358,0.00453358,0.61348,-2271.26,-2233.31</tvs>
        <tsv>1.62996,0.0120453,-0.0120453,1.62996,3728.95,3612.85</tsv>
      </alignment2d>
    </section-image>
    <section-image>
      <annotated type="boolean">false</annotated>
      <axes nil="true"/>
      <bits-per-component type="integer">8</bits-per-component>
      <data-set-id type="integer">927</data-set-id>
      <expression type="boolean" nil="true"/>
      <expression-path>/external/aibssan/production32/prod32/b.927.13/b.927.13_405_expression.aff</expression-path>
      <failed type="boolean">false</failed>
      <height type="integer">2480</height>
      <id type="integer">101328165</id>
      <image-height type="integer">2480</image-height>
      <image-type>Primary</image-type>
      <image-width type="integer">2752</image-width>
      <isi-experiment-id type="integer" nil="true"/>
      <lims1-id type="integer">64411</lims1-id>
      <number-of-components type="integer">3</number-of-components>
      <ophys-experiment-id type="integer" nil="true"/>
      <path>/external/aibssan/production4/Satb1_Baylor_8152/zoomify/primary/null/Satb1_405_null_C.aff</path>
      <projection-function nil="true"/>
      <resolution type="float">1.63</resolution>
      <section-number type="integer">405</section-number>
      <specimen-id type="integer" nil="true"/>
      <structure-id type="integer" nil="true"/>
      <tier-count type="integer">5</tier-count>
      <width type="integer">2752</width>
      <x type="integer">0</x>
      <y type="integer">0</y>
      <alignment2d>
        <id type="integer">348460554</id>
        <tvs>0.613488,0.00328753,-0.00328753,0.613488,-2384.77,-2373.25</tvs>
        <tsv>1.62998,-0.00873464,0.00873464,1.62998,3866.38,3889.17</tsv>
      </alignment2d>
    </section-image>
    <section-image>
      <annotated type="boolean">false</annotated>
      <axes nil="true"/>
      <bits-per-component type="integer">8</bits-per-component>
      <data-set-id type="integer">927</data-set-id>
      <expression type="boolean" nil="true"/>
      <expression-path>/external/aibssan/production32/prod32/b.927.13/b.927.13_413_expression.aff</expression-path>
      <failed type="boolean">false</failed>
      <height type="integer">2608</height>
      <id type="integer">101328170</id>
      <image-height type="integer">2608</image-height>
      <image-type>Primary</image-type>
      <image-width type="integer">2768</image-width>
      <isi-experiment-id type="integer" nil="true"/>
      <lims1-id type="integer">64412</lims1-id>
      <number-of-components type="integer">3</number-of-components>
      <ophys-experiment-id type="integer" nil="true"/>
      <path>/external/aibssan/production4/Satb1_Baylor_8152/zoomify/primary/null/Satb1_413_null_D.aff</path>
      <projection-function nil="true"/>
      <resolution type="float">1.63</resolution>
      <section-number type="integer">413</section-number>
      <specimen-id type="integer" nil="true"/>
      <structure-id type="integer" nil="true"/>
      <tier-count type="integer">5</tier-count>
      <width type="integer">2768</width>
      <x type="integer">0</x>
      <y type="integer">0</y>
      <alignment2d>
        <id type="integer">348460558</id>
        <tvs>0.613482,0.00428065,-0.00428065,0.613482,-2489.91,-2377.03</tvs>
        <tsv>1.62996,-0.0113733,0.0113733,1.62996,4031.42,3902.78</tsv>
      </alignment2d>
    </section-image>
    <section-image>
      <annotated type="boolean">false</annotated>
      <axes nil="true"/>
      <bits-per-component type="integer">8</bits-per-component>
      <data-set-id type="integer">927</data-set-id>
      <expression type="boolean" nil="true"/>
      <expression-path>/external/aibssan/production32/prod32/b.927.14/b.927.14_421_expression.aff</expression-path>
      <failed type="boolean">false</failed>
      <height type="integer">2656</height>
      <id type="integer">101328175</id>
      <image-height type="integer">2656</image-height>
      <image-type>Primary</image-type>
      <image-width type="integer">2832</image-width>
      <isi-experiment-id type="integer" nil="true"/>
      <lims1-id type="integer">64413</lims1-id>
      <number-of-components type="integer">3</number-of-components>
      <ophys-experiment-id type="integer" nil="true"/>
      <path>/external/aibssan/production4/Satb1_Baylor_8152/zoomify/primary/null/Satb1_421_null_A.aff</path>
      <projection-function nil="true"/>
      <resolution type="float">1.63</resolution>
      <section-number type="integer">421</section-number>
      <specimen-id type="integer" nil="true"/>
      <structure-id type="integer" nil="true"/>
      <tier-count type="integer">5</tier-count>
      <width type="integer">2832</width>
      <x type="integer">0</x>
      <y type="integer">0</y>
      <alignment2d>
        <id type="integer">348460561</id>
        <tvs>0.613495,0.00164701,-0.00164701,0.613495,-2434.77,-2456.95</tvs>
        <tsv>1.62999,-0.00437595,0.00437595,1.62999,3957.91,4015.46</tsv>
      </alignment2d>
    </section-image>
    <section-image>
      <annotated type="boolean">false</annotated>
      <axes nil="true"/>
      <bits-per-component type="integer">8</bits-per-component>
      <data-set-id type="integer">927</data-set-id>
      <expression type="boolean" nil="true"/>
      <expression-path>/external/aibssan/production32/prod32/b.927.14/b.927.14_437_expression.aff</expression-path>
      <failed type="boolean">false</failed>
      <height type="integer">2936</height>
      <id type="integer">101328185</id>
      <image-height type="integer">2936</image-height>
      <image-type>Primary</image-type>
      <image-width type="integer">2864</image-width>
      <isi-experiment-id type="integer" nil="true"/>
      <lims1-id type="integer">64416</lims1-id>
      <number-of-components type="integer">3</number-of-components>
      <ophys-experiment-id type="integer" nil="true"/>
      <path>/external/aibssan/production4/Satb1_Baylor_8152/zoomify/primary/null/Satb1_437_null_C.aff</path>
      <projection-function nil="true"/>
      <resolution type="float">1.63</resolution>
      <section-number type="integer">437</section-number>
      <specimen-id type="integer" nil="true"/>
      <structure-id type="integer" nil="true"/>
      <tier-count type="integer">5</tier-count>
      <width type="integer">2864</width>
      <x type="integer">0</x>
      <y type="integer">0</y>
      <alignment2d>
        <id type="integer">348460565</id>
        <tvs>0.613494,0.00203167,-0.00203167,0.613494,-2386.76,-2302.89</tvs>
        <tsv>1.62999,-0.00539794,0.00539794,1.62999,3877.97,3766.57</tsv>
      </alignment2d>
    </section-image>
    <section-image>
      <annotated type="boolean">false</annotated>
      <axes nil="true"/>
      <bits-per-component type="integer">8</bits-per-component>
      <data-set-id type="integer">927</data-set-id>
      <expression type="boolean" nil="true"/>
      <expression-path>/external/aibssan/production32/prod32/b.927.14/b.927.14_445_expression.aff</expression-path>
      <failed type="boolean">false</failed>
      <height type="integer">3064</height>
      <id type="integer">101328190</id>
      <image-height type="integer">3064</image-height>
      <image-type>Primary</image-type>
      <image-width type="integer">2904</image-width>
      <isi-experiment-id type="integer" nil="true"/>
      <lims1-id type="integer">64418</lims1-id>
      <number-of-components type="integer">3</number-of-components>
      <ophys-experiment-id type="integer" nil="true"/>
      <path>/external/aibssan/production4/Satb1_Baylor_8152/zoomify/primary/null/Satb1_445_null_D.aff</path>
      <projection-function nil="true"/>
      <resolution type="float">1.63</resolution>
      <section-number type="integer">445</section-number>
      <specimen-id type="integer" nil="true"/>
      <structure-id type="integer" nil="true"/>
      <tier-count type="integer">5</tier-count>
      <width type="integer">2904</width>
      <x type="integer">0</x>
      <y type="integer">0</y>
      <alignment2d>
        <id type="integer">348460569</id>
        <tvs>0.613466,0.00616649,-0.00616649,0.613466,-2403.65,-2111.43</tvs>
        <tsv>1.62992,-0.0163838,0.0163838,1.62992,3883.15,3480.83</tsv>
      </alignment2d>
    </section-image>
  </section-images>
  <plane_of_section/>
  <age>P56</age>
</section-data-set>
