<?xml version="1.0" encoding="UTF-8"?>
<section-data-set>
  <blue-channel nil="true"/>
  <delegate>false</delegate>
  <expression>false</expression>
  <failed>false</failed>
  <failed-facet>734881840</failed-facet>
  <green-channel nil="true"/>
  <id>2545</id>
  <name nil="true"/>
  <qc-date nil="true"/>
  <red-channel nil="true"/>
  <reference-space-id>9</reference-space-id>
  <rnaseq-design-id nil="true"/>
  <section-thickness>25.0</section-thickness>
  <specimen-id>702764</specimen-id>
  <sphinx-id>132087</sphinx-id>
  <storage-directory>/external/mouse/prod2/image_series_2545/</storage-directory>
  <weight>5470</weight>
  <products>
    <product>
      <abbreviation>DevMouse</abbreviation>
      <description>High-resolution ISH data detailing expression patterns of ~2,000 genes across mouse brain development.</description>
      <id type="integer">3</id>
      <name>Developing Mouse Brain</name>
      <product-name-facet type="integer">2290087187</product-name-facet>
      <resource>Allen Developing Mouse Brain Atlas</resource>
      <species>Mouse</species>
      <species-name-facet type="integer">1861523945</species-name-facet>
      <tags nil="true"/>
    </product>
    <product>
      <abbreviation>Mouse</abbreviation>
      <description>Genome-wide, high-resolution ISH data detailing gene expression throughout the adult mouse brain.</description>
      <id type="integer">1</id>
      <name>Mouse Brain</name>
      <product-name-facet type="integer">2757464828</product-name-facet>
      <resource>Allen Mouse Brain Atlas</resource>
      <species>Mouse</species>
      <species-name-facet type="integer">1861523945</species-name-facet>
      <tags nil="true"/>
    </product>
  </products>
  <specimen>
    <cell-prep-sample-id type="integer" nil="true"/>
    <cell-reporter-id type="integer" nil="true"/>
    <cortex-layer-id type="integer" nil="true"/>
    <data nil="true"/>
    <donor-id type="integer">10471</donor-id>
    <ephys-result-id type="integer" nil="true"/>
    <external-specimen-name nil="true"/>
    <failed-facet type="integer">734881840</failed-facet>
    <hemisphere nil="true"/>
    <id type="integer">702764</id>
    <is-cell-specimen type="boolean">false</is-cell-specimen>
    <is-ish type="boolean">false</is-ish>
    <name>2313</name>
    <parent-id type="integer" nil="true"/>
    <parent-x-coord type="integer" nil="true"/>
    <parent-y-coord type="integer" nil="true"/>
    <parent-z-coord type="integer" nil="true"/>
    <pinned-radius type="float" nil="true"/>
    <rna-integrity-number type="float" nil="true"/>
    <specimen-id-path>/702764/</specimen-id-path>
    <sphinx-id type="integer">19653</sphinx-id>
    <structure-id type="integer" nil="true"/>
    <tissue-ph type="float" nil="true"/>
    <treatment-id type="integer" nil="true"/>
    <weight type="integer">9000</weight>
    <donor>
      <age-id type="integer">15</age-id>
      <chemotherapy nil="true"/>
      <condition-description nil="true"/>
      <data nil="true"/>
      <date-of-birth type="datetime" nil="true"/>
      <donor-condition-description-facet type="integer" nil="true"/>
      <donor-race-only-facet type="integer" nil="true"/>
      <donor-sex-facet type="integer">4122955671</donor-sex-facet>
      <donor-strain-facet type="integer">4276187917</donor-strain-facet>
      <donor-strain-only-facet type="integer">4276187917</donor-strain-only-facet>
      <egfr-amplification nil="true"/>
      <extent-of-resection nil="true"/>
      <external-donor-name nil="true"/>
      <full-genotype nil="true"/>
      <handedness nil="true"/>
      <id type="integer">10471</id>
      <initial-kps nil="true"/>
      <mgmt-ihc type="integer" nil="true"/>
      <mgmt-methylation nil="true"/>
      <molecular-subtype nil="true"/>
      <multifocal nil="true"/>
      <name>2313</name>
      <organism-id type="integer">2</organism-id>
      <pmi type="float" nil="true"/>
      <primary-tissue-source>Baylor</primary-tissue-source>
      <pten-deletion nil="true"/>
      <race-only nil="true"/>
      <radiation-therapy nil="true"/>
      <recurrence-by-six-months nil="true"/>
      <sex>M</sex>
      <sex-full-name>Male</sex-full-name>
      <sleep-state nil="true"/>
      <smoker nil="true"/>
      <strain>C57BL/6J</strain>
      <strain-only>C57BL/6J</strain-only>
      <survival-days type="integer" nil="true"/>
      <tags>2313 </tags>
      <theiler-stage nil="true"/>
      <time-to-progression-or-recurrence nil="true"/>
      <transgenic-mouse-id type="integer" nil="true"/>
      <tumor-status nil="true"/>
      <weight-grams type="float" nil="true"/>
    </donor>
  </specimen>
  <alignment3d>
    <id type="integer">348267708</id>
    <trv>0.00525716,-0.0357194,0.931431,0.0392637,1.02682,0.038149,-0.947108,0.041375,0.0067375,1369.25,1591.87,12492.3</trv>
    <tvr>0.00587649,0.0426766,-1.05404,-0.0400542,0.970878,0.0400268,1.07205,0.0369913,0.00748419,13091.5,-1990.7,-1620.28</tvr>
  </alignment3d>
  <section-images>
    <section-image>
      <annotated type="boolean">false</annotated>
      <axes nil="true"/>
      <bits-per-component type="integer">8</bits-per-component>
      <data-set-id type="integer">2545</data-set-id>
      <expression type="boolean" nil="true"/>
      <expression-path>/external/aibssan/production32/prod37/b.2545.1/b.2545.1_3_expression.aff</expression-path>
      <failed type="boolean">false</failed>
      <height type="integer">3840</height>
      <id type="integer">101349474</id>
      <image-height type="integer">3840</image-height>
      <image-type>Primary</image-type>
      <image-width type="integer">4456</image-width>
      <isi-experiment-id type="integer" nil="true"/>
      <lims1-id type="integer">107005</lims1-id>
      <number-of-components type="integer">3</number-of-components>
      <ophys-experiment-id type="integer" nil="true"/>
      <path>/external/aibssan/production13/Satb1_2313_28041/zoomify/primary/null/Satb1_3_null_A.aff</path>
      <projection-function nil="true"/>
      <resolution type="float">1.63</resolution>
      <section-number type="integer">3</section-number>
      <specimen-id type="integer" nil="true"/>
      <structure-id type="integer" nil="true"/>
      <tier-count type="integer">6</tier-count>
      <width type="integer">4456</width>
      <x type="integer">0</x>
      <y type="integer">0</y>
      <alignment2d>
        <id type="integer">348267845</id>
        <tvs>0.613497,0.0,0.0,0.613497,-1868.87,-1963.05</tvs>
        <tsv>1.63,0.0,0.0,1.63,3046.26,3199.76</tsv>
      </alignment2d>
    </section-image>
    <section-image>
      <annotated type="boolean">false</annotated>
      <axes nil="true"/>
      <bits-per-component type="integer">8</bits-per-component>
      <data-set-id type="integer">2545</data-set-id>
      <expression type="boolean" nil="true"/>
      <expression-path>/external/aibssan/production32/prod37/b.2545.1/b.2545.1_11_expression.aff</expression-path>
      <failed type="boolean">false</failed>
      <height type="integer">4248</height>
      <id type="integer">101349479</id>
      <image-height type="integer">4248</image-height>
      <image-type>Primary</image-type>
      <image-width type="integer">4480</image-width>
      <isi-experiment-id type="integer" nil="true"/>
      <lims1-id type="integer">107006</lims1-id>
      <number-of-components type="integer">3</number-of-components>
      <ophys-experiment-id type="integer" nil="true"/>
      <path>/external/aibssan/production13/Satb1_2313_28041/zoomify/primary/null/Satb1_11_null_B.aff</path>
      <projection-function nil="true"/>
      <resolution type="float">1.63</resolution>
      <section-number type="integer">11</section-number>
      <specimen-id type="integer" nil="true"/>
      <structure-id type="integer" nil="true"/>
      <tier-count type="integer">6</tier-count>
      <width type="integer">4480</width>
      <x type="integer">0</x>
      <y type="integer">0</y>
      <alignment2d>
        <id type="integer">348267848</id>
        <tvs>0.613497,0.0,0.0,0.613497,-1744.21,-1598.36</tvs>
        <tsv>1.63,0.0,0.0,1.63,2843.07,2605.33</tsv>
      </alignment2d>
    </section-image>
    <section-image>
      <annotated type="boolean">false</annotated>
      <axes nil="true"/>
      <bits-per-component type="integer">8</bits-per-component>
      <data-set-id type="integer">2545</data-set-id>
      <expression type="boolean" nil="true"/>
      <expression-path>/external/aibssan/production32/prod37/b.2545.1/b.2545.1_19_expression.aff</expression-path>
      <failed type="boolean">false</failed>
      <height type="integer">4560</height>
      <id type="integer">101349484</id>
      <image-height type="integer">4560</image-height>
      <image-type>Primary</image-type>
      <image-width type="integer">4752</image-width>
      <isi-experiment-id type="integer" nil="true"/>
      <lims1-id type="integer">107008</lims1-id>
      <number-of-components type="integer">3</number-of-components>
      <ophys-experiment-id type="integer" nil="true"/>
      <path>/external/aibssan/production13/Satb1_2313_28041/zoomify/primary/null/Satb1_19_null_C.aff</path>
      <projection-function nil="true"/>
      <resolution type="float">1.63</resolution>
      <section-number type="integer">19</section-number>
      <specimen-id type="integer" nil="true"/>
      <structure-id type="integer" nil="true"/>
      <tier-count type="integer">6</tier-count>
      <width type="integer">4752</width>
      <x type="integer">0</x>
      <y type="integer">0</y>
      <alignment2d>
        <id type="integer">348267850</id>
        <tvs>0.613497,0.0,0.0,0.613497,-1607.37,-1480.25</tvs>
        <tsv>1.63,0.0,0.0,1.63,2620.01,2412.82</tsv>
      </alignment2d>
    </section-image>
    <section-image>
      <annotated type="boolean">false</annotated>
      <axes nil="true"/>
      <bits-per-component type="integer">8</bits-per-component>
      <data-set-id type="integer">2545</data-set-id>
      <expression type="boolean" nil="true"/>
      <expression-path>/external/aibssan/production32/prod37/b.2545.1/b.2545.1_27_expression.aff</expression-path>
      <failed type="boolean">false</failed>
      <height type="integer">4144</height>
      <id type="integer">101349489</id>
      <image-height type="integer">4144</image-height>
      <image-type>Primary</image-type>
      <image-width type="integer">5104</image-width>
      <isi-experiment-id type="integer" nil="true"/>
      <lims1-id type="integer">107010</lims1-id>
      <number-of-components type="integer">3</number-of-components>
      <ophys-experiment-id type="integer" nil="true"/>
      <path>/external/aibssan/production13/Satb1_2313_28041/zoomify/primary/null/Satb1_27_null_D.aff</path>
      <projection-function nil="true"/>
      <resolution type="float">1.63</resolution>
      <section-number type="integer">27</section-number>
      <specimen-id type="integer" nil="true"/>
      <structure-id type="integer" nil="true"/>
      <tier-count type="integer">6</tier-count>
      <width type="integer">5104</width>
      <x type="integer">0</x>
      <y type="integer">0</y>
      <alignment2d>
        <id type="integer">348267857</id>
        <tvs>0.613497,0.0,0.0,0.613497,-1391.63,-1731.09</tvs>
        <tsv>1.63,0.0,0.0,1.63,2268.36,2821.67</tsv>
      </alignment2d>
    </section-image>
    <section-image>
      <annotated type="boolean">false</annotated>
      <axes nil="true"/>
      <bits-per-component type="integer">8</bits-per-component>
      <data-set-id type="integer">2545</data-set-id>
      <expression type="boolean" nil="true"/>
      <expression-path>/external/aibssan/production32/prod37/b.2545.2/b.2545.2_35_expression.aff</expression-path>
      <failed type="boolean">false</failed>
      <height type="integer">4400</height>
      <id type="integer">101349494</id>
      <image-height type="integer">4400</image-height>
      <image-type>Primary</image-type>
      <image-width type="integer">5248</image-width>
      <isi-experiment-id type="integer" nil="true"/>
      <lims1-id type="integer">107012</lims1-id>
      <number-of-components type="integer">3</number-of-components>
      <ophys-experiment-id type="integer" nil="true"/>
      <path>/external/aibssan/production13/Satb1_2313_28041/zoomify/primary/null/Satb1_35_null_A.aff</path>
      <projection-function nil="true"/>
      <resolution type="float">1.63</resolution>
      <section-number type="integer">35</section-number>
      <specimen-id type="integer" nil="true"/>
      <structure-id type="integer" nil="true"/>
      <tier-count type="integer">6</tier-count>
      <width type="integer">5248</width>
      <x type="integer">0</x>
      <y type="integer">0</y>
      <alignment2d>
        <id type="integer">348267859</id>
        <tvs>0.613497,0.0,0.0,0.613497,-1294.72,-1592.37</tvs>
        <tsv>1.63,0.0,0.0,1.63,2110.39,2595.57</tsv>
      </alignment2d>
    </section-image>
    <section-image>
      <annotated type="boolean">false</annotated>
      <axes nil="true"/>
      <bits-per-component type="integer">8</bits-per-component>
      <data-set-id type="integer">2545</data-set-id>
      <expression type="boolean" nil="true"/>
      <expression-path>/external/aibssan/production32/prod37/b.2545.2/b.2545.2_43_expression.aff</expression-path>
      <failed type="boolean">false</failed>
      <height type="integer">4776</height>
      <id type="integer">101349499</id>
      <image-height type="integer">4776</image-height>
      <image-type>Primary</image-type>
      <image-width type="integer">5632</image-width>
      <isi-experiment-id type="integer" nil="true"/>
      <lims1-id type="integer">107014</lims1-id>
      <number-of-components type="integer">3</number-of-components>
      <ophys-experiment-id type="integer" nil="true"/>
      <path>/external/aibssan/production13/Satb1_2313_28041/zoomify/primary/null/Satb1_43_null_B.aff</path>
      <projection-function nil="true"/>
      <resolution type="float">1.63</resolution>
      <section-number type="integer">43</section-number>
      <specimen-id type="integer" nil="true"/>
      <structure-id type="integer" nil="true"/>
      <tier-count type="integer">6</tier-count>
      <width type="integer">5632</width>
      <x type="integer">0</x>
      <y type="integer">0</y>
      <alignment2d>
        <id type="integer">348267861</id>
        <tvs>0.613497,0.0,0.0,0.613497,-1107.93,-1383.57</tvs>
        <tsv>1.63,0.0,0.0,1.63,1805.93,2255.22</tsv>
      </alignment2d>
    </section-image>
    <section-image>
      <annotated type="boolean">false</annotated>
      <axes nil="true"/>
      <bits-per-component type="integer">8</bits-per-component>
      <data-set-id type="integer">2545</data-set-id>
      <expression type="boolean" nil="true"/>
      <expression-path>/external/aibssan/production32/prod37/b.2545.2/b.2545.2_51_expression.aff</expression-path>
      <failed type="boolean">false</failed>
      <height type="integer">4712</height>
      <id type="integer">101349504</id>
      <image-height type="integer">4712</image-height>
      <image-type>Primary</image-type>
      <image-width type="integer">5504</image-width>
      <isi-experiment-id type="integer" nil="true"/>
      <lims1-id type="integer">107015</lims1-id>
      <number-of-components type="integer">3</number-of-components>
      <ophys-experiment-id type="integer" nil="true"/>
      <path>/external/aibssan/production13/Satb1_2313_28041/zoomify/primary/null/Satb1_51_null_C.aff</path>
      <projection-function nil="true"/>
      <resolution type="float">1.63</resolution>
      <section-number type="integer">51</section-number>
      <specimen-id type="integer" nil="true"/>
      <structure-id type="integer" nil="true"/>
      <tier-count type="integer">6</tier-count>
      <width type="integer">5504</width>
      <x type="integer">0</x>
      <y type="integer">0</y>
      <alignment2d>
        <id type="integer">348267863</id>
        <tvs>0.613497,0.0,0.0,0.613497,-1183.75,-1408.48</tvs>
        <tsv>1.63,0.0,0.0,1.63,1929.51,2295.82</tsv>
      </alignment2d>
    </section-image>
    <section-image>
      <annotated type="boolean">false</annotated>
      <axes nil="true"/>
      <bits-per-component type="integer">8</bits-per-component>
      <data-set-id type="integer">2545</data-set-id>
      <expression type="boolean" nil="true"/>
      <expression-path>/external/aibssan/production32/prod37/b.2545.2/b.2545.2_59_expression.aff</expression-path>
      <failed type="boolean">false</failed>
      <height type="integer">4376</height>
      <id type="integer">101349509</id>
      <image-height type="integer">4376</image-height>
      <image-type>Primary</image-type>
      <image-width type="integer">5464</image-width>
      <isi-experiment-id type="integer" nil="true"/>
      <lims1-id type="integer">107016</lims1-id>
      <number-of-components type="integer">3</number-of-components>
      <ophys-experiment-id type="integer" nil="true"/>
      <path>/external/aibssan/production13/Satb1_2313_28041/zoomify/primary/null/Satb1_59_null_D.aff</path>
      <projection-function nil="true"/>
      <resolution type="float">1.63</resolution>
      <section-number type="integer">59</section-number>
      <specimen-id type="integer" nil="true"/>
      <structure-id type="integer" nil="true"/>
      <tier-count type="integer">6</tier-count>
      <width type="integer">5464</width>
      <x type="integer">0</x>
      <y type="integer">0</y>
      <alignment2d>
        <id type="integer">348267865</id>
        <tvs>0.613497,0.0,0.0,0.613497,-1212.24,-1610.98</tvs>
        <tsv>1.63,0.0,0.0,1.63,1975.94,2625.9</tsv>
      </alignment2d>
    </section-image>
    <section-image>
      <annotated type="boolean">false</annotated>
      <axes nil="true"/>
      <bits-per-component type="integer">8</bits-per-component>
      <data-set-id type="integer">2545</data-set-id>
      <expression type="boolean" nil="true"/>
      <expression-path>/external/aibssan/production32/prod37/b.2545.3/b.2545.3_67_expression.aff</expression-path>
      <failed type="boolean">false</failed>
      <height type="integer">4728</height>
      <id type="integer">101349514</id>
      <image-height type="integer">4728</image-height>
      <image-type>Primary</image-type>
      <image-width type="integer">5680</image-width>
      <isi-experiment-id type="integer" nil="true"/>
      <lims1-id type="integer">107018</lims1-id>
      <number-of-components type="integer">3</number-of-components>
      <ophys-experiment-id type="integer" nil="true"/>
      <path>/external/aibssan/production13/Satb1_2313_28041/zoomify/primary/null/Satb1_67_null_A.aff</path>
      <projection-function nil="true"/>
      <resolution type="float">1.63</resolution>
      <section-number type="integer">67</section-number>
      <specimen-id type="integer" nil="true"/>
      <structure-id type="integer" nil="true"/>
      <tier-count type="integer">6</tier-count>
      <width type="integer">5680</width>
      <x type="integer">0</x>
      <y type="integer">0</y>
      <alignment2d>
        <id type="integer">348267867</id>
        <tvs>0.613497,0.0,0.0,0.613497,-1135.57,-1460.72</tvs>
        <tsv>1.63,0.0,0.0,1.63,1850.98,2380.97</tsv>
      </alignment2d>
    </section-image>
    <section-image>
      <annotated type="boolean">false</annotated>
      <axes nil="true"/>
      <bits-per-component type="integer">8</bits-per-component>
      <data-set-id type="integer">2545</data-set-id>
      <expression type="boolean" nil="true"/>
      <expression-path>/external/aibssan/production32/prod37/b.2545.3/b.2545.3_75_expression.aff</expression-path>
      <failed type="boolean">false</failed>
      <height type="integer">4704</height>
      <id type="integer">101349519</id>
      <image-height type="integer">4704</image-height>
      <image-type>Primary</image-type>
      <image-width type="integer">6296</image-width>
      <isi-experiment-id type="integer" nil="true"/>
      <lims1-id type="integer">107020</lims1-id>
      <number-of-components type="integer">3</number-of-components>
      <ophys-experiment-id type="integer" nil="true"/>
      <path>/external/aibssan/production13/Satb1_2313_28041/zoomify/primary/null/Satb1_75_null_B.aff</path>
      <projection-function nil="true"/>
      <resolution type="float">1.63</resolution>
      <section-number type="integer">75</section-number>
      <specimen-id type="integer" nil="true"/>
      <structure-id type="integer" nil="true"/>
      <tier-count type="integer">6</tier-count>
      <width type="integer">6296</width>
      <x type="integer">0</x>
      <y type="integer">0</y>
      <alignment2d>
        <id type="integer">348267869</id>
        <tvs>0.613497,0.0,0.0,0.613497,-873.937,-1383.04</tvs>
        <tsv>1.63,0.0,0.0,1.63,1424.52,2254.35</tsv>
      </alignment2d>
    </section-image>
    <section-image>
      <annotated type="boolean">false</annotated>
      <axes nil="true"/>
      <bits-per-component type="integer">8</bits-per-component>
      <data-set-id type="integer">2545</data-set-id>
      <expression type="boolean" nil="true"/>
      <expression-path>/external/aibssan/production32/prod37/b.2545.3/b.2545.3_83_expression.aff</expression-path>
      <failed type="boolean">false</failed>
      <height type="integer">4352</height>
      <id type="integer">101349524</id>
      <image-height type="integer">4352</image-height>
      <image-type>Primary</image-type>
      <image-width type="integer">6344</image-width>
      <isi-experiment-id type="integer" nil="true"/>
      <lims1-id type="integer">107022</lims1-id>
      <number-of-components type="integer">3</number-of-components>
      <ophys-experiment-id type="integer" nil="true"/>
      <path>/external/aibssan/production13/Satb1_2313_28041/zoomify/primary/null/Satb1_83_null_C.aff</path>
      <projection-function nil="true"/>
      <resolution type="float">1.63</resolution>
      <section-number type="integer">83</section-number>
      <specimen-id type="integer" nil="true"/>
      <structure-id type="integer" nil="true"/>
      <tier-count type="integer">6</tier-count>
      <width type="integer">6344</width>
      <x type="integer">0</x>
      <y type="integer">0</y>
      <alignment2d>
        <id type="integer">348267872</id>
        <tvs>0.613497,0.0,0.0,0.613497,-957.275,-1499.85</tvs>
        <tsv>1.63,0.0,0.0,1.63,1560.36,2444.75</tsv>
      </alignment2d>
    </section-image>
    <section-image>
      <annotated type="boolean">false</annotated>
      <axes nil="true"/>
      <bits-per-component type="integer">8</bits-per-component>
      <data-set-id type="integer">2545</data-set-id>
      <expression type="boolean" nil="true"/>
      <expression-path>/external/aibssan/production32/prod37/b.2545.3/b.2545.3_91_expression.aff</expression-path>
      <failed type="boolean">false</failed>
      <height type="integer">4848</height>
      <id type="integer">101349529</id>
      <image-height type="integer">4848</image-height>
      <image-type>Primary</image-type>
      <image-width type="integer">6768</image-width>
      <isi-experiment-id type="integer" nil="true"/>
      <lims1-id type="integer">107024</lims1-id>
      <number-of-components type="integer">3</number-of-components>
      <ophys-experiment-id type="integer" nil="true"/>
      <path>/external/aibssan/production13/Satb1_2313_28041/zoomify/primary/null/Satb1_91_null_D.aff</path>
      <projection-function nil="true"/>
      <resolution type="float">1.63</resolution>
      <section-number type="integer">91</section-number>
      <specimen-id type="integer" nil="true"/>
      <structure-id type="integer" nil="true"/>
      <tier-count type="integer">6</tier-count>
      <width type="integer">6768</width>
      <x type="integer">0</x>
      <y type="integer">0</y>
      <alignment2d>
        <id type="integer">348267876</id>
        <tvs>0.613497,0.0,0.0,0.613497,-821.14,-1381.92</tvs>
        <tsv>1.63,0.0,0.0,1.63,1338.46,2252.52</tsv>
      </alignment2d>
    </section-image>
    <section-image>
      <annotated type="boolean">false</annotated>
      <axes nil="true"/>
      <bits-per-component type="integer">8</bits-per-component>
      <data-set-id type="integer">2545</data-set-id>
      <expression type="boolean" nil="true"/>
      <expression-path>/external/aibssan/production32/prod37/b.2545.4/b.2545.4_99_expression.aff</expression-path>
      <failed type="boolean">false</failed>
      <height type="integer">4272</height>
      <id type="integer">101349534</id>
      <image-height type="integer">4272</image-height>
      <image-type>Primary</image-type>
      <image-width type="integer">6368</image-width>
      <isi-experiment-id type="integer" nil="true"/>
      <lims1-id type="integer">107025</lims1-id>
      <number-of-components type="integer">3</number-of-components>
      <ophys-experiment-id type="integer" nil="true"/>
      <path>/external/aibssan/production13/Satb1_2313_28041/zoomify/primary/null/Satb1_99_null_A.aff</path>
      <projection-function nil="true"/>
      <resolution type="float">1.63</resolution>
      <section-number type="integer">99</section-number>
      <specimen-id type="integer" nil="true"/>
      <structure-id type="integer" nil="true"/>
      <tier-count type="integer">6</tier-count>
      <width type="integer">6368</width>
      <x type="integer">0</x>
      <y type="integer">0</y>
      <alignment2d>
        <id type="integer">348267880</id>
        <tvs>0.613497,0.0,0.0,0.613497,-729.209,-1379.66</tvs>
        <tsv>1.63,0.0,0.0,1.63,1188.61,2248.84</tsv>
      </alignment2d>
    </section-image>
    <section-image>
      <annotated type="boolean">false</annotated>
      <axes nil="true"/>
      <bits-per-component type="integer">8</bits-per-component>
      <data-set-id type="integer">2545</data-set-id>
      <expression type="boolean" nil="true"/>
      <expression-path>/external/aibssan/production32/prod37/b.2545.4/b.2545.4_107_expression.aff</expression-path>
      <failed type="boolean">false</failed>
      <height type="integer">4584</height>
      <id type="integer">101349539</id>
      <image-height type="integer">4584</image-height>
      <image-type>Primary</image-type>
      <image-width type="integer">6192</image-width>
      <isi-experiment-id type="integer" nil="true"/>
      <lims1-id type="integer">107026</lims1-id>
      <number-of-components type="integer">3</number-of-components>
      <ophys-experiment-id type="integer" nil="true"/>
      <path>/external/aibssan/production13/Satb1_2313_28041/zoomify/primary/null/Satb1_107_null_B.aff</path>
      <projection-function nil="true"/>
      <resolution type="float">1.63</resolution>
      <section-number type="integer">107</section-number>
      <specimen-id type="integer" nil="true"/>
      <structure-id type="integer" nil="true"/>
      <tier-count type="integer">6</tier-count>
      <width type="integer">6192</width>
      <x type="integer">0</x>
      <y type="integer">0</y>
      <alignment2d>
        <id type="integer">348267883</id>
        <tvs>0.613497,0.0,0.0,0.613497,-1024.71,-1384.98</tvs>
        <tsv>1.63,0.0,0.0,1.63,1670.28,2257.51</tsv>
      </alignment2d>
    </section-image>
    <section-image>
      <annotated type="boolean">false</annotated>
      <axes nil="true"/>
      <bits-per-component type="integer">8</bits-per-component>
      <data-set-id type="integer">2545</data-set-id>
      <expression type="boolean" nil="true"/>
      <expression-path>/external/aibssan/production32/prod37/b.2545.4/b.2545.4_115_expression.aff</expression-path>
      <failed type="boolean">false</failed>
      <height type="integer">4248</height>
      <id type="integer">101349544</id>
      <image-height type="integer">4248</image-height>
      <image-type>Primary</image-type>
      <image-width type="integer">5888</image-width>
      <isi-experiment-id type="integer" nil="true"/>
      <lims1-id type="integer">107028</lims1-id>
      <number-of-components type="integer">3</number-of-components>
      <ophys-experiment-id type="integer" nil="true"/>
      <path>/external/aibssan/production13/Satb1_2313_28041/zoomify/primary/null/Satb1_115_null_C.aff</path>
      <projection-function nil="true"/>
      <resolution type="float">1.63</resolution>
      <section-number type="integer">115</section-number>
      <specimen-id type="integer" nil="true"/>
      <structure-id type="integer" nil="true"/>
      <tier-count type="integer">6</tier-count>
      <width type="integer">5888</width>
      <x type="integer">0</x>
      <y type="integer">0</y>
      <alignment2d>
        <id type="integer">348267887</id>
        <tvs>0.613497,0.0,0.0,0.613497,-1071.18,-1520.53</tvs>
        <tsv>1.63,0.0,0.0,1.63,1746.02,2478.46</tsv>
      </alignment2d>
    </section-image>
    <section-image>
      <annotated type="boolean">false</annotated>
      <axes nil="true"/>
      <bits-per-component type="integer">8</bits-per-component>
      <data-set-id type="integer">2545</data-set-id>
      <expression type="boolean" nil="true"/>
      <expression-path>/external/aibssan/production32/prod37/b.2545.4/b.2545.4_123_expression.aff</expression-path>
      <failed type="boolean">false</failed>
      <height type="integer">4688</height>
      <id type="integer">101349549</id>
      <image-height type="integer">4688</image-height>
      <image-type>Primary</image-type>
      <image-width type="integer">6304</image-width>
      <isi-experiment-id type="integer" nil="true"/>
      <lims1-id type="integer">107030</lims1-id>
      <number-of-components type="integer">3</number-of-components>
      <ophys-experiment-id type="integer" nil="true"/>
      <path>/external/aibssan/production13/Satb1_2313_28041/zoomify/primary/null/Satb1_123_null_D.aff</path>
      <projection-function nil="true"/>
      <resolution type="float">1.63</resolution>
      <section-number type="integer">123</section-number>
      <specimen-id type="integer" nil="true"/>
      <structure-id type="integer" nil="true"/>
      <tier-count type="integer">6</tier-count>
      <width type="integer">6304</width>
      <x type="integer">0</x>
      <y type="integer">0</y>
      <alignment2d>
        <id type="integer">348267891</id>
        <tvs>0.613497,0.0,0.0,0.613497,-829.401,-1329.86</tvs>
        <tsv>1.63,0.0,0.0,1.63,1351.92,2167.67</tsv>
      </alignment2d>
    </section-image>
    <section-image>
      <annotated type="boolean">false</annotated>
      <axes nil="true"/>
      <bits-per-component type="integer">8</bits-per-component>
      <data-set-id type="integer">2545</data-set-id>
      <expression type="boolean" nil="true"/>
      <expression-path>/external/aibssan/production32/prod37/b.2545.5/b.2545.5_131_expression.aff</expression-path>
      <failed type="boolean">false</failed>
      <height type="integer">5064</height>
      <id type="integer">101349554</id>
      <image-height type="integer">5064</image-height>
      <image-type>Primary</image-type>
      <image-width type="integer">6336</image-width>
      <isi-experiment-id type="integer" nil="true"/>
      <lims1-id type="integer">107032</lims1-id>
      <number-of-components type="integer">3</number-of-components>
      <ophys-experiment-id type="integer" nil="true"/>
      <path>/external/aibssan/production13/Satb1_2313_28041/zoomify/primary/null/Satb1_131_null_A.aff</path>
      <projection-function nil="true"/>
      <resolution type="float">1.63</resolution>
      <section-number type="integer">131</section-number>
      <specimen-id type="integer" nil="true"/>
      <structure-id type="integer" nil="true"/>
      <tier-count type="integer">6</tier-count>
      <width type="integer">6336</width>
      <x type="integer">0</x>
      <y type="integer">0</y>
      <alignment2d>
        <id type="integer">348267894</id>
        <tvs>0.613497,0.0,0.0,0.613497,-807.583,-1327.37</tvs>
        <tsv>1.63,0.0,0.0,1.63,1316.36,2163.61</tsv>
      </alignment2d>
    </section-image>
    <section-image>
      <annotated type="boolean">false</annotated>
      <axes nil="true"/>
      <bits-per-component type="integer">8</bits-per-component>
      <data-set-id type="integer">2545</data-set-id>
      <expression type="boolean" nil="true"/>
      <expression-path>/external/aibssan/production32/prod37/b.2545.5/b.2545.5_139_expression.aff</expression-path>
      <failed type="boolean">false</failed>
      <height type="integer">5016</height>
      <id type="integer">101349559</id>
      <image-height type="integer">5016</image-height>
      <image-type>Primary</image-type>
      <image-width type="integer">6408</image-width>
      <isi-experiment-id type="integer" nil="true"/>
      <lims1-id type="integer">107034</lims1-id>
      <number-of-components type="integer">3</number-of-components>
      <ophys-experiment-id type="integer" nil="true"/>
      <path>/external/aibssan/production13/Satb1_2313_28041/zoomify/primary/null/Satb1_139_null_B.aff</path>
      <projection-function nil="true"/>
      <resolution type="float">1.63</resolution>
      <section-number type="integer">139</section-number>
      <specimen-id type="integer" nil="true"/>
      <structure-id type="integer" nil="true"/>
      <tier-count type="integer">6</tier-count>
      <width type="integer">6408</width>
      <x type="integer">0</x>
      <y type="integer">0</y>
      <alignment2d>
        <id type="integer">348267898</id>
        <tvs>0.613497,0.0,0.0,0.613497,-792.963,-1260.29</tvs>
        <tsv>1.63,0.0,0.0,1.63,1292.53,2054.27</tsv>
      </alignment2d>
    </section-image>
    <section-image>
      <annotated type="boolean">false</annotated>
      <axes nil="true"/>
      <bits-per-component type="integer">8</bits-per-component>
      <data-set-id type="integer">2545</data-set-id>
      <expression type="boolean" nil="true"/>
      <expression-path>/external/aibssan/production32/prod37/b.2545.5/b.2545.5_147_expression.aff</expression-path>
      <failed type="boolean">false</failed>
      <height type="integer">4768</height>
      <id type="integer">101349564</id>
      <image-height type="integer">4768</image-height>
      <image-type>Primary</image-type>
      <image-width type="integer">6576</image-width>
      <isi-experiment-id type="integer" nil="true"/>
      <lims1-id type="integer">107035</lims1-id>
      <number-of-components type="integer">3</number-of-components>
      <ophys-experiment-id type="integer" nil="true"/>
      <path>/external/aibssan/production13/Satb1_2313_28041/zoomify/primary/null/Satb1_147_null_C.aff</path>
      <projection-function nil="true"/>
      <resolution type="float">1.63</resolution>
      <section-number type="integer">147</section-number>
      <specimen-id type="integer" nil="true"/>
      <structure-id type="integer" nil="true"/>
      <tier-count type="integer">6</tier-count>
      <width type="integer">6576</width>
      <x type="integer">0</x>
      <y type="integer">0</y>
      <alignment2d>
        <id type="integer">348267902</id>
        <tvs>0.613497,0.0,0.0,0.613497,-496.982,-1265.6</tvs>
        <tsv>1.63,0.0,0.0,1.63,810.081,2062.93</tsv>
      </alignment2d>
    </section-image>
    <section-image>
      <annotated type="boolean">false</annotated>
      <axes nil="true"/>
      <bits-per-component type="integer">8</bits-per-component>
      <data-set-id type="integer">2545</data-set-id>
      <expression type="boolean" nil="true"/>
      <expression-path>/external/aibssan/production32/prod37/b.2545.5/b.2545.5_155_expression.aff</expression-path>
      <failed type="boolean">false</failed>
      <height type="integer">4920</height>
      <id type="integer">101349569</id>
      <image-height type="integer">4920</image-height>
      <image-type>Primary</image-type>
      <image-width type="integer">6792</image-width>
      <isi-experiment-id type="integer" nil="true"/>
      <lims1-id type="integer">107036</lims1-id>
      <number-of-components type="integer">3</number-of-components>
      <ophys-experiment-id type="integer" nil="true"/>
      <path>/external/aibssan/production13/Satb1_2313_28041/zoomify/primary/null/Satb1_155_null_D.aff</path>
      <projection-function nil="true"/>
      <resolution type="float">1.63</resolution>
      <section-number type="integer">155</section-number>
      <specimen-id type="integer" nil="true"/>
      <structure-id type="integer" nil="true"/>
      <tier-count type="integer">6</tier-count>
      <width type="integer">6792</width>
      <x type="integer">0</x>
      <y type="integer">0</y>
      <alignment2d>
        <id type="integer">348267905</id>
        <tvs>0.613497,0.0,0.0,0.613497,-542.448,-1120.74</tvs>
        <tsv>1.63,0.0,0.0,1.63,884.19,1826.8</tsv>
      </alignment2d>
    </section-image>
    <section-image>
      <annotated type="boolean">false</annotated>
      <axes nil="true"/>
      <bits-per-component type="integer">8</bits-per-component>
      <data-set-id type="integer">2545</data-set-id>
      <expression type="boolean" nil="true"/>
      <expression-path>/external/aibssan/production32/prod37/b.2545.6/b.2545.6_163_expression.aff</expression-path>
      <failed type="boolean">false</failed>
      <height type="integer">4544</height>
      <id type="integer">101349574</id>
      <image-height type="integer">4544</image-height>
      <image-type>Primary</image-type>
      <image-width type="integer">6944</image-width>
      <isi-experiment-id type="integer" nil="true"/>
      <lims1-id type="integer">107038</lims1-id>
      <number-of-components type="integer">3</number-of-components>
      <ophys-experiment-id type="integer" nil="true"/>
      <path>/external/aibssan/production13/Satb1_2313_28041/zoomify/primary/null/Satb1_163_null_A.aff</path>
      <projection-function nil="true"/>
      <resolution type="float">1.63</resolution>
      <section-number type="integer">163</section-number>
      <specimen-id type="integer" nil="true"/>
      <structure-id type="integer" nil="true"/>
      <tier-count type="integer">6</tier-count>
      <width type="integer">6944</width>
      <x type="integer">0</x>
      <y type="integer">0</y>
      <alignment2d>
        <id type="integer">348267909</id>
        <tvs>0.613497,0.0,0.0,0.613497,-435.726,-1417.06</tvs>
        <tsv>1.63,0.0,0.0,1.63,710.233,2309.8</tsv>
      </alignment2d>
    </section-image>
    <section-image>
      <annotated type="boolean">false</annotated>
      <axes nil="true"/>
      <bits-per-component type="integer">8</bits-per-component>
      <data-set-id type="integer">2545</data-set-id>
      <expression type="boolean" nil="true"/>
      <expression-path>/external/aibssan/production32/prod37/b.2545.6/b.2545.6_171_expression.aff</expression-path>
      <failed type="boolean">false</failed>
      <height type="integer">4688</height>
      <id type="integer">101349579</id>
      <image-height type="integer">4688</image-height>
      <image-type>Primary</image-type>
      <image-width type="integer">6712</image-width>
      <isi-experiment-id type="integer" nil="true"/>
      <lims1-id type="integer">107040</lims1-id>
      <number-of-components type="integer">3</number-of-components>
      <ophys-experiment-id type="integer" nil="true"/>
      <path>/external/aibssan/production13/Satb1_2313_28041/zoomify/primary/null/Satb1_171_null_B.aff</path>
      <projection-function nil="true"/>
      <resolution type="float">1.63</resolution>
      <section-number type="integer">171</section-number>
      <specimen-id type="integer" nil="true"/>
      <structure-id type="integer" nil="true"/>
      <tier-count type="integer">6</tier-count>
      <width type="integer">6712</width>
      <x type="integer">0</x>
      <y type="integer">0</y>
      <alignment2d>
        <id type="integer">348267913</id>
        <tvs>0.613497,0.0,0.0,0.613497,-496.831,-1313.48</tvs>
        <tsv>1.63,0.0,0.0,1.63,809.834,2140.97</tsv>
      </alignment2d>
    </section-image>
    <section-image>
      <annotated type="boolean">false</annotated>
      <axes nil="true"/>
      <bits-per-component type="integer">8</bits-per-component>
      <data-set-id type="integer">2545</data-set-id>
      <expression type="boolean" nil="true"/>
      <expression-path>/external/aibssan/production32/prod37/b.2545.6/b.2545.6_179_expression.aff</expression-path>
      <failed type="boolean">false</failed>
      <height type="integer">4872</height>
      <id type="integer">101349584</id>
      <image-height type="integer">4872</image-height>
      <image-type>Primary</image-type>
      <image-width type="integer">6920</image-width>
      <isi-experiment-id type="integer" nil="true"/>
      <lims1-id type="integer">107042</lims1-id>
      <number-of-components type="integer">3</number-of-components>
      <ophys-experiment-id type="integer" nil="true"/>
      <path>/external/aibssan/production13/Satb1_2313_28041/zoomify/primary/null/Satb1_179_null_C.aff</path>
      <projection-function nil="true"/>
      <resolution type="float">1.63</resolution>
      <section-number type="integer">179</section-number>
      <specimen-id type="integer" nil="true"/>
      <structure-id type="integer" nil="true"/>
      <tier-count type="integer">6</tier-count>
      <width type="integer">6920</width>
      <x type="integer">0</x>
      <y type="integer">0</y>
      <alignment2d>
        <id type="integer">348267916</id>
        <tvs>0.613497,0.0,0.0,0.613497,-404.178,-1224.67</tvs>
        <tsv>1.63,0.0,0.0,1.63,658.81,1996.22</tsv>
      </alignment2d>
    </section-image>
    <section-image>
      <annotated type="boolean">false</annotated>
      <axes nil="true"/>
      <bits-per-component type="integer">8</bits-per-component>
      <data-set-id type="integer">2545</data-set-id>
      <expression type="boolean" nil="true"/>
      <expression-path>/external/aibssan/production32/prod37/b.2545.6/b.2545.6_187_expression.aff</expression-path>
      <failed type="boolean">false</failed>
      <height type="integer">4504</height>
      <id type="integer">101349589</id>
      <image-height type="integer">4504</image-height>
      <image-type>Primary</image-type>
      <image-width type="integer">6816</image-width>
      <isi-experiment-id type="integer" nil="true"/>
      <lims1-id type="integer">107044</lims1-id>
      <number-of-components type="integer">3</number-of-components>
      <ophys-experiment-id type="integer" nil="true"/>
      <path>/external/aibssan/production13/Satb1_2313_28041/zoomify/primary/null/Satb1_187_null_D.aff</path>
      <projection-function nil="true"/>
      <resolution type="float">1.63</resolution>
      <section-number type="integer">187</section-number>
      <specimen-id type="integer" nil="true"/>
      <structure-id type="integer" nil="true"/>
      <tier-count type="integer">6</tier-count>
      <width type="integer">6816</width>
      <x type="integer">0</x>
      <y type="integer">0</y>
      <alignment2d>
        <id type="integer">348267920</id>
        <tvs>0.613497,0.0,0.0,0.613497,-426.654,-1406.78</tvs>
        <tsv>1.63,0.0,0.0,1.63,695.446,2293.05</tsv>
      </alignment2d>
    </section-image>
    <section-image>
      <annotated type="boolean">false</annotated>
      <axes nil="true"/>
      <bits-per-component type="integer">8</bits-per-component>
      <data-set-id type="integer">2545</data-set-id>
      <expression type="boolean" nil="true"/>
      <expression-path>/external/aibssan/production32/prod37/b.2545.7/b.2545.7_195_expression.aff</expression-path>
      <failed type="boolean">false</failed>
      <height type="integer">4544</height>
      <id type="integer">101349594</id>
      <image-height type="integer">4544</image-height>
      <image-type>Primary</image-type>
      <image-width type="integer">6944</image-width>
      <isi-experiment-id type="integer" nil="true"/>
      <lims1-id type="integer">107045</lims1-id>
      <number-of-components type="integer">3</number-of-components>
      <ophys-experiment-id type="integer" nil="true"/>
      <path>/external/aibssan/production13/Satb1_2313_28041/zoomify/primary/null/Satb1_195_null_A.aff</path>
      <projection-function nil="true"/>
      <resolution type="float">1.63</resolution>
      <section-number type="integer">195</section-number>
      <specimen-id type="integer" nil="true"/>
      <structure-id type="integer" nil="true"/>
      <tier-count type="integer">6</tier-count>
      <width type="integer">6944</width>
      <x type="integer">0</x>
      <y type="integer">0</y>
      <alignment2d>
        <id type="integer">348267924</id>
        <tvs>0.613497,0.0,0.0,0.613497,-422.434,-1330.15</tvs>
        <tsv>1.63,0.0,0.0,1.63,688.568,2168.14</tsv>
      </alignment2d>
    </section-image>
    <section-image>
      <annotated type="boolean">false</annotated>
      <axes nil="true"/>
      <bits-per-component type="integer">8</bits-per-component>
      <data-set-id type="integer">2545</data-set-id>
      <expression type="boolean" nil="true"/>
      <expression-path>/external/aibssan/production32/prod37/b.2545.7/b.2545.7_203_expression.aff</expression-path>
      <failed type="boolean">false</failed>
      <height type="integer">4728</height>
      <id type="integer">101349599</id>
      <image-height type="integer">4728</image-height>
      <image-type>Primary</image-type>
      <image-width type="integer">6944</image-width>
      <isi-experiment-id type="integer" nil="true"/>
      <lims1-id type="integer">107046</lims1-id>
      <number-of-components type="integer">3</number-of-components>
      <ophys-experiment-id type="integer" nil="true"/>
      <path>/external/aibssan/production13/Satb1_2313_28041/zoomify/primary/null/Satb1_203_null_B.aff</path>
      <projection-function nil="true"/>
      <resolution type="float">1.63</resolution>
      <section-number type="integer">203</section-number>
      <specimen-id type="integer" nil="true"/>
      <structure-id type="integer" nil="true"/>
      <tier-count type="integer">6</tier-count>
      <width type="integer">6944</width>
      <x type="integer">0</x>
      <y type="integer">0</y>
      <alignment2d>
        <id type="integer">348267927</id>
        <tvs>0.613497,0.0,0.0,0.613497,-641.541,-1250.2</tvs>
        <tsv>1.63,0.0,0.0,1.63,1045.71,2037.82</tsv>
      </alignment2d>
    </section-image>
    <section-image>
      <annotated type="boolean">false</annotated>
      <axes nil="true"/>
      <bits-per-component type="integer">8</bits-per-component>
      <data-set-id type="integer">2545</data-set-id>
      <expression type="boolean" nil="true"/>
      <expression-path>/external/aibssan/production32/prod37/b.2545.7/b.2545.7_211_expression.aff</expression-path>
      <failed type="boolean">false</failed>
      <height type="integer">4936</height>
      <id type="integer">101349604</id>
      <image-height type="integer">4936</image-height>
      <image-type>Primary</image-type>
      <image-width type="integer">7072</image-width>
      <isi-experiment-id type="integer" nil="true"/>
      <lims1-id type="integer">107048</lims1-id>
      <number-of-components type="integer">3</number-of-components>
      <ophys-experiment-id type="integer" nil="true"/>
      <path>/external/aibssan/production13/Satb1_2313_28041/zoomify/primary/null/Satb1_211_null_C.aff</path>
      <projection-function nil="true"/>
      <resolution type="float">1.63</resolution>
      <section-number type="integer">211</section-number>
      <specimen-id type="integer" nil="true"/>
      <structure-id type="integer" nil="true"/>
      <tier-count type="integer">6</tier-count>
      <width type="integer">7072</width>
      <x type="integer">0</x>
      <y type="integer">0</y>
      <alignment2d>
        <id type="integer">348267931</id>
        <tvs>0.613497,0.0,0.0,0.613497,-354.905,-1305.9</tvs>
        <tsv>1.63,0.0,0.0,1.63,578.495,2128.61</tsv>
      </alignment2d>
    </section-image>
    <section-image>
      <annotated type="boolean">false</annotated>
      <axes nil="true"/>
      <bits-per-component type="integer">8</bits-per-component>
      <data-set-id type="integer">2545</data-set-id>
      <expression type="boolean" nil="true"/>
      <expression-path>/external/aibssan/production32/prod37/b.2545.7/b.2545.7_219_expression.aff</expression-path>
      <failed type="boolean">false</failed>
      <height type="integer">4432</height>
      <id type="integer">101349609</id>
      <image-height type="integer">4432</image-height>
      <image-type>Primary</image-type>
      <image-width type="integer">6768</image-width>
      <isi-experiment-id type="integer" nil="true"/>
      <lims1-id type="integer">107050</lims1-id>
      <number-of-components type="integer">3</number-of-components>
      <ophys-experiment-id type="integer" nil="true"/>
      <path>/external/aibssan/production13/Satb1_2313_28041/zoomify/primary/null/Satb1_219_null_D.aff</path>
      <projection-function nil="true"/>
      <resolution type="float">1.63</resolution>
      <section-number type="integer">219</section-number>
      <specimen-id type="integer" nil="true"/>
      <structure-id type="integer" nil="true"/>
      <tier-count type="integer">6</tier-count>
      <width type="integer">6768</width>
      <x type="integer">0</x>
      <y type="integer">0</y>
      <alignment2d>
        <id type="integer">348267934</id>
        <tvs>0.613497,0.0,0.0,0.613497,-475.988,-1435.1</tvs>
        <tsv>1.63,0.0,0.0,1.63,775.86,2339.21</tsv>
      </alignment2d>
    </section-image>
    <section-image>
      <annotated type="boolean">false</annotated>
      <axes nil="true"/>
      <bits-per-component type="integer">8</bits-per-component>
      <data-set-id type="integer">2545</data-set-id>
      <expression type="boolean" nil="true"/>
      <expression-path>/external/aibssan/production32/prod37/b.2545.8/b.2545.8_227_expression.aff</expression-path>
      <failed type="boolean">false</failed>
      <height type="integer">5024</height>
      <id type="integer">101349614</id>
      <image-height type="integer">5024</image-height>
      <image-type>Primary</image-type>
      <image-width type="integer">6728</image-width>
      <isi-experiment-id type="integer" nil="true"/>
      <lims1-id type="integer">107052</lims1-id>
      <number-of-components type="integer">3</number-of-components>
      <ophys-experiment-id type="integer" nil="true"/>
      <path>/external/aibssan/production13/Satb1_2313_28041/zoomify/primary/null/Satb1_227_null_A.aff</path>
      <projection-function nil="true"/>
      <resolution type="float">1.63</resolution>
      <section-number type="integer">227</section-number>
      <specimen-id type="integer" nil="true"/>
      <structure-id type="integer" nil="true"/>
      <tier-count type="integer">6</tier-count>
      <width type="integer">6728</width>
      <x type="integer">0</x>
      <y type="integer">0</y>
      <alignment2d>
        <id type="integer">348267938</id>
        <tvs>0.613497,0.0,0.0,0.613497,-421.811,-1185.0</tvs>
        <tsv>1.63,0.0,0.0,1.63,687.552,1931.55</tsv>
      </alignment2d>
    </section-image>
    <section-image>
      <annotated type="boolean">false</annotated>
      <axes nil="true"/>
      <bits-per-component type="integer">8</bits-per-component>
      <data-set-id type="integer">2545</data-set-id>
      <expression type="boolean" nil="true"/>
      <expression-path>/external/aibssan/production32/prod37/b.2545.8/b.2545.8_235_expression.aff</expression-path>
      <failed type="boolean">false</failed>
      <height type="integer">5056</height>
      <id type="integer">101349619</id>
      <image-height type="integer">5056</image-height>
      <image-type>Primary</image-type>
      <image-width type="integer">6832</image-width>
      <isi-experiment-id type="integer" nil="true"/>
      <lims1-id type="integer">107054</lims1-id>
      <number-of-components type="integer">3</number-of-components>
      <ophys-experiment-id type="integer" nil="true"/>
      <path>/external/aibssan/production13/Satb1_2313_28041/zoomify/primary/null/Satb1_235_null_B.aff</path>
      <projection-function nil="true"/>
      <resolution type="float">1.63</resolution>
      <section-number type="integer">235</section-number>
      <specimen-id type="integer" nil="true"/>
      <structure-id type="integer" nil="true"/>
      <tier-count type="integer">6</tier-count>
      <width type="integer">6832</width>
      <x type="integer">0</x>
      <y type="integer">0</y>
      <alignment2d>
        <id type="integer">348267942</id>
        <tvs>0.613497,0.0,0.0,0.613497,-581.86,-1075.92</tvs>
        <tsv>1.63,0.0,0.0,1.63,948.431,1753.75</tsv>
      </alignment2d>
    </section-image>
    <section-image>
      <annotated type="boolean">false</annotated>
      <axes nil="true"/>
      <bits-per-component type="integer">8</bits-per-component>
      <data-set-id type="integer">2545</data-set-id>
      <expression type="boolean" nil="true"/>
      <expression-path>/external/aibssan/production32/prod37/b.2545.8/b.2545.8_243_expression.aff</expression-path>
      <failed type="boolean">false</failed>
      <height type="integer">5000</height>
      <id type="integer">101349624</id>
      <image-height type="integer">5000</image-height>
      <image-type>Primary</image-type>
      <image-width type="integer">6640</image-width>
      <isi-experiment-id type="integer" nil="true"/>
      <lims1-id type="integer">107055</lims1-id>
      <number-of-components type="integer">3</number-of-components>
      <ophys-experiment-id type="integer" nil="true"/>
      <path>/external/aibssan/production13/Satb1_2313_28041/zoomify/primary/null/Satb1_243_null_C.aff</path>
      <projection-function nil="true"/>
      <resolution type="float">1.63</resolution>
      <section-number type="integer">243</section-number>
      <specimen-id type="integer" nil="true"/>
      <structure-id type="integer" nil="true"/>
      <tier-count type="integer">6</tier-count>
      <width type="integer">6640</width>
      <x type="integer">0</x>
      <y type="integer">0</y>
      <alignment2d>
        <id type="integer">348267945</id>
        <tvs>0.613497,0.0,0.0,0.613497,-575.356,-1219.48</tvs>
        <tsv>1.63,0.0,0.0,1.63,937.83,1987.76</tsv>
      </alignment2d>
    </section-image>
    <section-image>
      <annotated type="boolean">false</annotated>
      <axes nil="true"/>
      <bits-per-component type="integer">8</bits-per-component>
      <data-set-id type="integer">2545</data-set-id>
      <expression type="boolean" nil="true"/>
      <expression-path>/external/aibssan/production32/prod37/b.2545.8/b.2545.8_251_expression.aff</expression-path>
      <failed type="boolean">false</failed>
      <height type="integer">4952</height>
      <id type="integer">101349629</id>
      <image-height type="integer">4952</image-height>
      <image-type>Primary</image-type>
      <image-width type="integer">6496</image-width>
      <isi-experiment-id type="integer" nil="true"/>
      <lims1-id type="integer">107056</lims1-id>
      <number-of-components type="integer">3</number-of-components>
      <ophys-experiment-id type="integer" nil="true"/>
      <path>/external/aibssan/production13/Satb1_2313_28041/zoomify/primary/null/Satb1_251_null_D.aff</path>
      <projection-function nil="true"/>
      <resolution type="float">1.63</resolution>
      <section-number type="integer">251</section-number>
      <specimen-id type="integer" nil="true"/>
      <structure-id type="integer" nil="true"/>
      <tier-count type="integer">6</tier-count>
      <width type="integer">6496</width>
      <x type="integer">0</x>
      <y type="integer">0</y>
      <alignment2d>
        <id type="integer">348267949</id>
        <tvs>0.613497,0.0,0.0,0.613497,-744.613,-1180.61</tvs>
        <tsv>1.63,0.0,0.0,1.63,1213.72,1924.39</tsv>
      </alignment2d>
    </section-image>
    <section-image>
      <annotated type="boolean">false</annotated>
      <axes nil="true"/>
      <bits-per-component type="integer">8</bits-per-component>
      <data-set-id type="integer">2545</data-set-id>
      <expression type="boolean" nil="true"/>
      <expression-path>/external/aibssan/production32/prod37/b.2545.9/b.2545.9_259_expression.aff</expression-path>
      <failed type="boolean">false</failed>
      <height type="integer">4992</height>
      <id type="integer">101349634</id>
      <image-height type="integer">4992</image-height>
      <image-type>Primary</image-type>
      <image-width type="integer">6536</image-width>
      <isi-experiment-id type="integer" nil="true"/>
      <lims1-id type="integer">107058</lims1-id>
      <number-of-components type="integer">3</number-of-components>
      <ophys-experiment-id type="integer" nil="true"/>
      <path>/external/aibssan/production13/Satb1_2313_28041/zoomify/primary/null/Satb1_259_null_A.aff</path>
      <projection-function nil="true"/>
      <resolution type="float">1.63</resolution>
      <section-number type="integer">259</section-number>
      <specimen-id type="integer" nil="true"/>
      <structure-id type="integer" nil="true"/>
      <tier-count type="integer">6</tier-count>
      <width type="integer">6536</width>
      <x type="integer">0</x>
      <y type="integer">0</y>
      <alignment2d>
        <id type="integer">348267953</id>
        <tvs>0.613497,0.0,0.0,0.613497,-599.267,-1104.84</tvs>
        <tsv>1.63,0.0,0.0,1.63,976.804,1800.89</tsv>
      </alignment2d>
    </section-image>
    <section-image>
      <annotated type="boolean">false</annotated>
      <axes nil="true"/>
      <bits-per-component type="integer">8</bits-per-component>
      <data-set-id type="integer">2545</data-set-id>
      <expression type="boolean" nil="true"/>
      <expression-path>/external/aibssan/production32/prod37/b.2545.9/b.2545.9_267_expression.aff</expression-path>
      <failed type="boolean">false</failed>
      <height type="integer">4912</height>
      <id type="integer">101349639</id>
      <image-height type="integer">4912</image-height>
      <image-type>Primary</image-type>
      <image-width type="integer">6384</image-width>
      <isi-experiment-id type="integer" nil="true"/>
      <lims1-id type="integer">107060</lims1-id>
      <number-of-components type="integer">3</number-of-components>
      <ophys-experiment-id type="integer" nil="true"/>
      <path>/external/aibssan/production13/Satb1_2313_28041/zoomify/primary/null/Satb1_267_null_B.aff</path>
      <projection-function nil="true"/>
      <resolution type="float">1.63</resolution>
      <section-number type="integer">267</section-number>
      <specimen-id type="integer" nil="true"/>
      <structure-id type="integer" nil="true"/>
      <tier-count type="integer">6</tier-count>
      <width type="integer">6384</width>
      <x type="integer">0</x>
      <y type="integer">0</y>
      <alignment2d>
        <id type="integer">348267956</id>
        <tvs>0.613497,0.0,0.0,0.613497,-771.63,-1215.9</tvs>
        <tsv>1.63,0.0,0.0,1.63,1257.76,1981.92</tsv>
      </alignment2d>
    </section-image>
    <section-image>
      <annotated type="boolean">false</annotated>
      <axes nil="true"/>
      <bits-per-component type="integer">8</bits-per-component>
      <data-set-id type="integer">2545</data-set-id>
      <expression type="boolean" nil="true"/>
      <expression-path>/external/aibssan/production32/prod37/b.2545.9/b.2545.9_275_expression.aff</expression-path>
      <failed type="boolean">false</failed>
      <height type="integer">4872</height>
      <id type="integer">101349644</id>
      <image-height type="integer">4872</image-height>
      <image-type>Primary</image-type>
      <image-width type="integer">6488</image-width>
      <isi-experiment-id type="integer" nil="true"/>
      <lims1-id type="integer">107062</lims1-id>
      <number-of-components type="integer">3</number-of-components>
      <ophys-experiment-id type="integer" nil="true"/>
      <path>/external/aibssan/production13/Satb1_2313_28041/zoomify/primary/null/Satb1_275_null_C.aff</path>
      <projection-function nil="true"/>
      <resolution type="float">1.63</resolution>
      <section-number type="integer">275</section-number>
      <specimen-id type="integer" nil="true"/>
      <structure-id type="integer" nil="true"/>
      <tier-count type="integer">6</tier-count>
      <width type="integer">6488</width>
      <x type="integer">0</x>
      <y type="integer">0</y>
      <alignment2d>
        <id type="integer">348267959</id>
        <tvs>0.613497,0.0,0.0,0.613497,-626.214,-1188.81</tvs>
        <tsv>1.63,0.0,0.0,1.63,1020.73,1937.76</tsv>
      </alignment2d>
    </section-image>
    <section-image>
      <annotated type="boolean">false</annotated>
      <axes nil="true"/>
      <bits-per-component type="integer">8</bits-per-component>
      <data-set-id type="integer">2545</data-set-id>
      <expression type="boolean" nil="true"/>
      <expression-path>/external/aibssan/production32/prod37/b.2545.9/b.2545.9_283_expression.aff</expression-path>
      <failed type="boolean">false</failed>
      <height type="integer">4976</height>
      <id type="integer">101349649</id>
      <image-height type="integer">4976</image-height>
      <image-type>Primary</image-type>
      <image-width type="integer">6448</image-width>
      <isi-experiment-id type="integer" nil="true"/>
      <lims1-id type="integer">107064</lims1-id>
      <number-of-components type="integer">3</number-of-components>
      <ophys-experiment-id type="integer" nil="true"/>
      <path>/external/aibssan/production13/Satb1_2313_28041/zoomify/primary/null/Satb1_283_null_D.aff</path>
      <projection-function nil="true"/>
      <resolution type="float">1.63</resolution>
      <section-number type="integer">283</section-number>
      <specimen-id type="integer" nil="true"/>
      <structure-id type="integer" nil="true"/>
      <tier-count type="integer">6</tier-count>
      <width type="integer">6448</width>
      <x type="integer">0</x>
      <y type="integer">0</y>
      <alignment2d>
        <id type="integer">348267961</id>
        <tvs>0.613497,0.0,0.0,0.613497,-600.298,-1050.4</tvs>
        <tsv>1.63,0.0,0.0,1.63,978.486,1712.15</tsv>
      </alignment2d>
    </section-image>
    <section-image>
      <annotated type="boolean">false</annotated>
      <axes nil="true"/>
      <bits-per-component type="integer">8</bits-per-component>
      <data-set-id type="integer">2545</data-set-id>
      <expression type="boolean" nil="true"/>
      <expression-path>/external/aibssan/production32/prod37/b.2545.10/b.2545.10_291_expression.aff</expression-path>
      <failed type="boolean">false</failed>
      <height type="integer">4608</height>
      <id type="integer">101349654</id>
      <image-height type="integer">4608</image-height>
      <image-type>Primary</image-type>
      <image-width type="integer">6280</image-width>
      <isi-experiment-id type="integer" nil="true"/>
      <lims1-id type="integer">107065</lims1-id>
      <number-of-components type="integer">3</number-of-components>
      <ophys-experiment-id type="integer" nil="true"/>
      <path>/external/aibssan/production13/Satb1_2313_28041/zoomify/primary/null/Satb1_291_null_A.aff</path>
      <projection-function nil="true"/>
      <resolution type="float">1.63</resolution>
      <section-number type="integer">291</section-number>
      <specimen-id type="integer" nil="true"/>
      <structure-id type="integer" nil="true"/>
      <tier-count type="integer">6</tier-count>
      <width type="integer">6280</width>
      <x type="integer">0</x>
      <y type="integer">0</y>
      <alignment2d>
        <id type="integer">348267963</id>
        <tvs>0.613497,0.0,0.0,0.613497,-899.017,-1270.46</tvs>
        <tsv>1.63,0.0,0.0,1.63,1465.4,2070.85</tsv>
      </alignment2d>
    </section-image>
    <section-image>
      <annotated type="boolean">false</annotated>
      <axes nil="true"/>
      <bits-per-component type="integer">8</bits-per-component>
      <data-set-id type="integer">2545</data-set-id>
      <expression type="boolean" nil="true"/>
      <expression-path>/external/aibssan/production32/prod37/b.2545.10/b.2545.10_299_expression.aff</expression-path>
      <failed type="boolean">false</failed>
      <height type="integer">4752</height>
      <id type="integer">101349659</id>
      <image-height type="integer">4752</image-height>
      <image-type>Primary</image-type>
      <image-width type="integer">6232</image-width>
      <isi-experiment-id type="integer" nil="true"/>
      <lims1-id type="integer">107066</lims1-id>
      <number-of-components type="integer">3</number-of-components>
      <ophys-experiment-id type="integer" nil="true"/>
      <path>/external/aibssan/production13/Satb1_2313_28041/zoomify/primary/null/Satb1_299_null_B.aff</path>
      <projection-function nil="true"/>
      <resolution type="float">1.63</resolution>
      <section-number type="integer">299</section-number>
      <specimen-id type="integer" nil="true"/>
      <structure-id type="integer" nil="true"/>
      <tier-count type="integer">6</tier-count>
      <width type="integer">6232</width>
      <x type="integer">0</x>
      <y type="integer">0</y>
      <alignment2d>
        <id type="integer">348267965</id>
        <tvs>0.613497,0.0,0.0,0.613497,-756.617,-1248.73</tvs>
        <tsv>1.63,0.0,0.0,1.63,1233.29,2035.43</tsv>
      </alignment2d>
    </section-image>
    <section-image>
      <annotated type="boolean">false</annotated>
      <axes nil="true"/>
      <bits-per-component type="integer">8</bits-per-component>
      <data-set-id type="integer">2545</data-set-id>
      <expression type="boolean" nil="true"/>
      <expression-path>/external/aibssan/production32/prod37/b.2545.10/b.2545.10_307_expression.aff</expression-path>
      <failed type="boolean">false</failed>
      <height type="integer">5120</height>
      <id type="integer">101349664</id>
      <image-height type="integer">5120</image-height>
      <image-type>Primary</image-type>
      <image-width type="integer">6112</image-width>
      <isi-experiment-id type="integer" nil="true"/>
      <lims1-id type="integer">107068</lims1-id>
      <number-of-components type="integer">3</number-of-components>
      <ophys-experiment-id type="integer" nil="true"/>
      <path>/external/aibssan/production13/Satb1_2313_28041/zoomify/primary/null/Satb1_307_null_C.aff</path>
      <projection-function nil="true"/>
      <resolution type="float">1.63</resolution>
      <section-number type="integer">307</section-number>
      <specimen-id type="integer" nil="true"/>
      <structure-id type="integer" nil="true"/>
      <tier-count type="integer">6</tier-count>
      <width type="integer">6112</width>
      <x type="integer">0</x>
      <y type="integer">0</y>
      <alignment2d>
        <id type="integer">348267967</id>
        <tvs>0.613497,0.0,0.0,0.613497,-917.689,-1064.73</tvs>
        <tsv>1.63,0.0,0.0,1.63,1495.83,1735.51</tsv>
      </alignment2d>
    </section-image>
    <section-image>
      <annotated type="boolean">false</annotated>
      <axes nil="true"/>
      <bits-per-component type="integer">8</bits-per-component>
      <data-set-id type="integer">2545</data-set-id>
      <expression type="boolean" nil="true"/>
      <expression-path>/external/aibssan/production32/prod37/b.2545.10/b.2545.10_315_expression.aff</expression-path>
      <failed type="boolean">false</failed>
      <height type="integer">4768</height>
      <id type="integer">101349669</id>
      <image-height type="integer">4768</image-height>
      <image-type>Primary</image-type>
      <image-width type="integer">6360</image-width>
      <isi-experiment-id type="integer" nil="true"/>
      <lims1-id type="integer">107070</lims1-id>
      <number-of-components type="integer">3</number-of-components>
      <ophys-experiment-id type="integer" nil="true"/>
      <path>/external/aibssan/production13/Satb1_2313_28041/zoomify/primary/null/Satb1_315_null_D.aff</path>
      <projection-function nil="true"/>
      <resolution type="float">1.63</resolution>
      <section-number type="integer">315</section-number>
      <specimen-id type="integer" nil="true"/>
      <structure-id type="integer" nil="true"/>
      <tier-count type="integer">6</tier-count>
      <width type="integer">6360</width>
      <x type="integer">0</x>
      <y type="integer">0</y>
      <alignment2d>
        <id type="integer">348267969</id>
        <tvs>0.613497,0.0,0.0,0.613497,-870.182,-1291.04</tvs>
        <tsv>1.63,0.0,0.0,1.63,1418.4,2104.4</tsv>
      </alignment2d>
    </section-image>
    <section-image>
      <annotated type="boolean">false</annotated>
      <axes nil="true"/>
      <bits-per-component type="integer">8</bits-per-component>
      <data-set-id type="integer">2545</data-set-id>
      <expression type="boolean" nil="true"/>
      <expression-path>/external/aibssan/production32/prod37/b.2545.11/b.2545.11_323_expression.aff</expression-path>
      <failed type="boolean">false</failed>
      <height type="integer">4600</height>
      <id type="integer">101349674</id>
      <image-height type="integer">4600</image-height>
      <image-type>Primary</image-type>
      <image-width type="integer">5888</image-width>
      <isi-experiment-id type="integer" nil="true"/>
      <lims1-id type="integer">107072</lims1-id>
      <number-of-components type="integer">3</number-of-components>
      <ophys-experiment-id type="integer" nil="true"/>
      <path>/external/aibssan/production13/Satb1_2313_28041/zoomify/primary/null/Satb1_323_null_A.aff</path>
      <projection-function nil="true"/>
      <resolution type="float">1.63</resolution>
      <section-number type="integer">323</section-number>
      <specimen-id type="integer" nil="true"/>
      <structure-id type="integer" nil="true"/>
      <tier-count type="integer">6</tier-count>
      <width type="integer">5888</width>
      <x type="integer">0</x>
      <y type="integer">0</y>
      <alignment2d>
        <id type="integer">348267971</id>
        <tvs>0.613497,0.0,0.0,0.613497,-924.772,-1200.92</tvs>
        <tsv>1.63,0.0,0.0,1.63,1507.38,1957.5</tsv>
      </alignment2d>
    </section-image>
    <section-image>
      <annotated type="boolean">false</annotated>
      <axes nil="true"/>
      <bits-per-component type="integer">8</bits-per-component>
      <data-set-id type="integer">2545</data-set-id>
      <expression type="boolean" nil="true"/>
      <expression-path>/external/aibssan/production32/prod37/b.2545.11/b.2545.11_331_expression.aff</expression-path>
      <failed type="boolean">false</failed>
      <height type="integer">4728</height>
      <id type="integer">101349679</id>
      <image-height type="integer">4728</image-height>
      <image-type>Primary</image-type>
      <image-width type="integer">5656</image-width>
      <isi-experiment-id type="integer" nil="true"/>
      <lims1-id type="integer">107074</lims1-id>
      <number-of-components type="integer">3</number-of-components>
      <ophys-experiment-id type="integer" nil="true"/>
      <path>/external/aibssan/production13/Satb1_2313_28041/zoomify/primary/null/Satb1_331_null_B.aff</path>
      <projection-function nil="true"/>
      <resolution type="float">1.63</resolution>
      <section-number type="integer">331</section-number>
      <specimen-id type="integer" nil="true"/>
      <structure-id type="integer" nil="true"/>
      <tier-count type="integer">6</tier-count>
      <width type="integer">5656</width>
      <x type="integer">0</x>
      <y type="integer">0</y>
      <alignment2d>
        <id type="integer">348267973</id>
        <tvs>0.613497,0.0,0.0,0.613497,-1085.35,-1257.62</tvs>
        <tsv>1.63,0.0,0.0,1.63,1769.12,2049.92</tsv>
      </alignment2d>
    </section-image>
    <section-image>
      <annotated type="boolean">false</annotated>
      <axes nil="true"/>
      <bits-per-component type="integer">8</bits-per-component>
      <data-set-id type="integer">2545</data-set-id>
      <expression type="boolean" nil="true"/>
      <expression-path>/external/aibssan/production32/prod37/b.2545.11/b.2545.11_339_expression.aff</expression-path>
      <failed type="boolean">false</failed>
      <height type="integer">4872</height>
      <id type="integer">101349684</id>
      <image-height type="integer">4872</image-height>
      <image-type>Primary</image-type>
      <image-width type="integer">5608</image-width>
      <isi-experiment-id type="integer" nil="true"/>
      <lims1-id type="integer">107075</lims1-id>
      <number-of-components type="integer">3</number-of-components>
      <ophys-experiment-id type="integer" nil="true"/>
      <path>/external/aibssan/production13/Satb1_2313_28041/zoomify/primary/null/Satb1_339_null_C.aff</path>
      <projection-function nil="true"/>
      <resolution type="float">1.63</resolution>
      <section-number type="integer">339</section-number>
      <specimen-id type="integer" nil="true"/>
      <structure-id type="integer" nil="true"/>
      <tier-count type="integer">6</tier-count>
      <width type="integer">5608</width>
      <x type="integer">0</x>
      <y type="integer">0</y>
      <alignment2d>
        <id type="integer">348267975</id>
        <tvs>0.613497,0.0,0.0,0.613497,-1272.79,-1196.09</tvs>
        <tsv>1.63,0.0,0.0,1.63,2074.64,1949.63</tsv>
      </alignment2d>
    </section-image>
    <section-image>
      <annotated type="boolean">false</annotated>
      <axes nil="true"/>
      <bits-per-component type="integer">8</bits-per-component>
      <data-set-id type="integer">2545</data-set-id>
      <expression type="boolean" nil="true"/>
      <expression-path>/external/aibssan/production32/prod37/b.2545.11/b.2545.11_347_expression.aff</expression-path>
      <failed type="boolean">false</failed>
      <height type="integer">4440</height>
      <id type="integer">101349689</id>
      <image-height type="integer">4440</image-height>
      <image-type>Primary</image-type>
      <image-width type="integer">5896</image-width>
      <isi-experiment-id type="integer" nil="true"/>
      <lims1-id type="integer">107076</lims1-id>
      <number-of-components type="integer">3</number-of-components>
      <ophys-experiment-id type="integer" nil="true"/>
      <path>/external/aibssan/production13/Satb1_2313_28041/zoomify/primary/null/Satb1_347_null_D.aff</path>
      <projection-function nil="true"/>
      <resolution type="float">1.63</resolution>
      <section-number type="integer">347</section-number>
      <specimen-id type="integer" nil="true"/>
      <structure-id type="integer" nil="true"/>
      <tier-count type="integer">6</tier-count>
      <width type="integer">5896</width>
      <x type="integer">0</x>
      <y type="integer">0</y>
      <alignment2d>
        <id type="integer">348267977</id>
        <tvs>0.613497,0.0,0.0,0.613497,-1081.91,-1337.96</tvs>
        <tsv>1.63,0.0,0.0,1.63,1763.51,2180.87</tsv>
      </alignment2d>
    </section-image>
    <section-image>
      <annotated type="boolean">false</annotated>
      <axes nil="true"/>
      <bits-per-component type="integer">8</bits-per-component>
      <data-set-id type="integer">2545</data-set-id>
      <expression type="boolean" nil="true"/>
      <expression-path>/external/aibssan/production32/prod37/b.2545.12/b.2545.12_355_expression.aff</expression-path>
      <failed type="boolean">false</failed>
      <height type="integer">4352</height>
      <id type="integer">101349694</id>
      <image-height type="integer">4352</image-height>
      <image-type>Primary</image-type>
      <image-width type="integer">5352</image-width>
      <isi-experiment-id type="integer" nil="true"/>
      <lims1-id type="integer">107078</lims1-id>
      <number-of-components type="integer">3</number-of-components>
      <ophys-experiment-id type="integer" nil="true"/>
      <path>/external/aibssan/production13/Satb1_2313_28041/zoomify/primary/null/Satb1_355_null_A.aff</path>
      <projection-function nil="true"/>
      <resolution type="float">1.63</resolution>
      <section-number type="integer">355</section-number>
      <specimen-id type="integer" nil="true"/>
      <structure-id type="integer" nil="true"/>
      <tier-count type="integer">6</tier-count>
      <width type="integer">5352</width>
      <x type="integer">0</x>
      <y type="integer">0</y>
      <alignment2d>
        <id type="integer">348267979</id>
        <tvs>0.613497,0.0,0.0,0.613497,-1322.23,-1455.2</tvs>
        <tsv>1.63,0.0,0.0,1.63,2155.24,2371.98</tsv>
      </alignment2d>
    </section-image>
    <section-image>
      <annotated type="boolean">false</annotated>
      <axes nil="true"/>
      <bits-per-component type="integer">8</bits-per-component>
      <data-set-id type="integer">2545</data-set-id>
      <expression type="boolean" nil="true"/>
      <expression-path>/external/aibssan/production32/prod37/b.2545.12/b.2545.12_363_expression.aff</expression-path>
      <failed type="boolean">false</failed>
      <height type="integer">4192</height>
      <id type="integer">101349699</id>
      <image-height type="integer">4192</image-height>
      <image-type>Primary</image-type>
      <image-width type="integer">5208</image-width>
      <isi-experiment-id type="integer" nil="true"/>
      <lims1-id type="integer">107080</lims1-id>
      <number-of-components type="integer">3</number-of-components>
      <ophys-experiment-id type="integer" nil="true"/>
      <path>/external/aibssan/production13/Satb1_2313_28041/zoomify/primary/null/Satb1_363_null_B.aff</path>
      <projection-function nil="true"/>
      <resolution type="float">1.63</resolution>
      <section-number type="integer">363</section-number>
      <specimen-id type="integer" nil="true"/>
      <structure-id type="integer" nil="true"/>
      <tier-count type="integer">6</tier-count>
      <width type="integer">5208</width>
      <x type="integer">0</x>
      <y type="integer">0</y>
      <alignment2d>
        <id type="integer">348267981</id>
        <tvs>0.613497,0.0,0.0,0.613497,-1345.73,-1556.32</tvs>
        <tsv>1.63,0.0,0.0,1.63,2193.55,2536.79</tsv>
      </alignment2d>
    </section-image>
    <section-image>
      <annotated type="boolean">false</annotated>
      <axes nil="true"/>
      <bits-per-component type="integer">8</bits-per-component>
      <data-set-id type="integer">2545</data-set-id>
      <expression type="boolean" nil="true"/>
      <expression-path>/external/aibssan/production32/prod37/b.2545.12/b.2545.12_371_expression.aff</expression-path>
      <failed type="boolean">false</failed>
      <height type="integer">4232</height>
      <id type="integer">101349704</id>
      <image-height type="integer">4232</image-height>
      <image-type>Primary</image-type>
      <image-width type="integer">5120</image-width>
      <isi-experiment-id type="integer" nil="true"/>
      <lims1-id type="integer">107082</lims1-id>
      <number-of-components type="integer">3</number-of-components>
      <ophys-experiment-id type="integer" nil="true"/>
      <path>/external/aibssan/production13/Satb1_2313_28041/zoomify/primary/null/Satb1_371_null_C.aff</path>
      <projection-function nil="true"/>
      <resolution type="float">1.63</resolution>
      <section-number type="integer">371</section-number>
      <specimen-id type="integer" nil="true"/>
      <structure-id type="integer" nil="true"/>
      <tier-count type="integer">6</tier-count>
      <width type="integer">5120</width>
      <x type="integer">0</x>
      <y type="integer">0</y>
      <alignment2d>
        <id type="integer">348267983</id>
        <tvs>0.613497,0.0,0.0,0.613497,-1420.0,-1571.48</tvs>
        <tsv>1.63,0.0,0.0,1.63,2314.6,2561.51</tsv>
      </alignment2d>
    </section-image>
    <section-image>
      <annotated type="boolean">false</annotated>
      <axes nil="true"/>
      <bits-per-component type="integer">8</bits-per-component>
      <data-set-id type="integer">2545</data-set-id>
      <expression type="boolean" nil="true"/>
      <expression-path>/external/aibssan/production32/prod37/b.2545.12/b.2545.12_379_expression.aff</expression-path>
      <failed type="boolean">false</failed>
      <height type="integer">4168</height>
      <id type="integer">101349709</id>
      <image-height type="integer">4168</image-height>
      <image-type>Primary</image-type>
      <image-width type="integer">4800</image-width>
      <isi-experiment-id type="integer" nil="true"/>
      <lims1-id type="integer">107084</lims1-id>
      <number-of-components type="integer">3</number-of-components>
      <ophys-experiment-id type="integer" nil="true"/>
      <path>/external/aibssan/production13/Satb1_2313_28041/zoomify/primary/null/Satb1_379_null_D.aff</path>
      <projection-function nil="true"/>
      <resolution type="float">1.63</resolution>
      <section-number type="integer">379</section-number>
      <specimen-id type="integer" nil="true"/>
      <structure-id type="integer" nil="true"/>
      <tier-count type="integer">6</tier-count>
      <width type="integer">4800</width>
      <x type="integer">0</x>
      <y type="integer">0</y>
      <alignment2d>
        <id type="integer">348267985</id>
        <tvs>0.613497,0.0,0.0,0.613497,-1573.14,-1642.84</tvs>
        <tsv>1.63,0.0,0.0,1.63,2564.21,2677.82</tsv>
      </alignment2d>
    </section-image>
    <section-image>
      <annotated type="boolean">false</annotated>
      <axes nil="true"/>
      <bits-per-component type="integer">8</bits-per-component>
      <data-set-id type="integer">2545</data-set-id>
      <expression type="boolean" nil="true"/>
      <expression-path>/external/aibssan/production32/prod37/b.2545.13/b.2545.13_387_expression.aff</expression-path>
      <failed type="boolean">false</failed>
      <height type="integer">3944</height>
      <id type="integer">101349714</id>
      <image-height type="integer">3944</image-height>
      <image-type>Primary</image-type>
      <image-width type="integer">4416</image-width>
      <isi-experiment-id type="integer" nil="true"/>
      <lims1-id type="integer">107085</lims1-id>
      <number-of-components type="integer">3</number-of-components>
      <ophys-experiment-id type="integer" nil="true"/>
      <path>/external/aibssan/production13/Satb1_2313_28041/zoomify/primary/null/Satb1_387_null_A.aff</path>
      <projection-function nil="true"/>
      <resolution type="float">1.63</resolution>
      <section-number type="integer">387</section-number>
      <specimen-id type="integer" nil="true"/>
      <structure-id type="integer" nil="true"/>
      <tier-count type="integer">6</tier-count>
      <width type="integer">4416</width>
      <x type="integer">0</x>
      <y type="integer">0</y>
      <alignment2d>
        <id type="integer">348267987</id>
        <tvs>0.613497,0.0,0.0,0.613497,-1703.92,-1620.48</tvs>
        <tsv>1.63,0.0,0.0,1.63,2777.4,2641.38</tsv>
      </alignment2d>
    </section-image>
    <section-image>
      <annotated type="boolean">false</annotated>
      <axes nil="true"/>
      <bits-per-component type="integer">8</bits-per-component>
      <data-set-id type="integer">2545</data-set-id>
      <expression type="boolean" nil="true"/>
      <expression-path>/external/aibssan/production32/prod37/b.2545.13/b.2545.13_395_expression.aff</expression-path>
      <failed type="boolean">false</failed>
      <height type="integer">3648</height>
      <id type="integer">101349719</id>
      <image-height type="integer">3648</image-height>
      <image-type>Primary</image-type>
      <image-width type="integer">4248</image-width>
      <isi-experiment-id type="integer" nil="true"/>
      <lims1-id type="integer">107086</lims1-id>
      <number-of-components type="integer">3</number-of-components>
      <ophys-experiment-id type="integer" nil="true"/>
      <path>/external/aibssan/production13/Satb1_2313_28041/zoomify/primary/null/Satb1_395_null_B.aff</path>
      <projection-function nil="true"/>
      <resolution type="float">1.63</resolution>
      <section-number type="integer">395</section-number>
      <specimen-id type="integer" nil="true"/>
      <structure-id type="integer" nil="true"/>
      <tier-count type="integer">6</tier-count>
      <width type="integer">4248</width>
      <x type="integer">0</x>
      <y type="integer">0</y>
      <alignment2d>
        <id type="integer">348267989</id>
        <tvs>0.613497,0.0,0.0,0.613497,-1912.84,-1781.18</tvs>
        <tsv>1.63,0.0,0.0,1.63,3117.92,2903.32</tsv>
      </alignment2d>
    </section-image>
    <section-image>
      <annotated type="boolean">false</annotated>
      <axes nil="true"/>
      <bits-per-component type="integer">8</bits-per-component>
      <data-set-id type="integer">2545</data-set-id>
      <expression type="boolean" nil="true"/>
      <expression-path>/external/aibssan/production32/prod37/b.2545.13/b.2545.13_403_expression.aff</expression-path>
      <failed type="boolean">false</failed>
      <height type="integer">3632</height>
      <id type="integer">101349724</id>
      <image-height type="integer">3632</image-height>
      <image-type>Primary</image-type>
      <image-width type="integer">4112</image-width>
      <isi-experiment-id type="integer" nil="true"/>
      <lims1-id type="integer">107087</lims1-id>
      <number-of-components type="integer">3</number-of-components>
      <ophys-experiment-id type="integer" nil="true"/>
      <path>/external/aibssan/production13/Satb1_2313_28041/zoomify/primary/null/Satb1_403_null_C.aff</path>
      <projection-function nil="true"/>
      <resolution type="float">1.63</resolution>
      <section-number type="integer">403</section-number>
      <specimen-id type="integer" nil="true"/>
      <structure-id type="integer" nil="true"/>
      <tier-count type="integer">6</tier-count>
      <width type="integer">4112</width>
      <x type="integer">0</x>
      <y type="integer">0</y>
      <alignment2d>
        <id type="integer">348267991</id>
        <tvs>0.613497,0.0,0.0,0.613497,-1835.46,-1803.33</tvs>
        <tsv>1.63,0.0,0.0,1.63,2991.81,2939.42</tsv>
      </alignment2d>
    </section-image>
    <section-image>
      <annotated type="boolean">false</annotated>
      <axes nil="true"/>
      <bits-per-component type="integer">8</bits-per-component>
      <data-set-id type="integer">2545</data-set-id>
      <expression type="boolean" nil="true"/>
      <expression-path>/external/aibssan/production32/prod37/b.2545.13/b.2545.13_411_expression.aff</expression-path>
      <failed type="boolean">false</failed>
      <height type="integer">3192</height>
      <id type="integer">101349729</id>
      <image-height type="integer">3192</image-height>
      <image-type>Primary</image-type>
      <image-width type="integer">3616</image-width>
      <isi-experiment-id type="integer" nil="true"/>
      <lims1-id type="integer">107089</lims1-id>
      <number-of-components type="integer">3</number-of-components>
      <ophys-experiment-id type="integer" nil="true"/>
      <path>/external/aibssan/production13/Satb1_2313_28041/zoomify/primary/null/Satb1_411_null_D.aff</path>
      <projection-function nil="true"/>
      <resolution type="float">1.63</resolution>
      <section-number type="integer">411</section-number>
      <specimen-id type="integer" nil="true"/>
      <structure-id type="integer" nil="true"/>
      <tier-count type="integer">5</tier-count>
      <width type="integer">3616</width>
      <x type="integer">0</x>
      <y type="integer">0</y>
      <alignment2d>
        <id type="integer">348267993</id>
        <tvs>0.613497,0.0,0.0,0.613497,-2209.78,-2066.12</tvs>
        <tsv>1.63,0.0,0.0,1.63,3601.93,3367.78</tsv>
      </alignment2d>
    </section-image>
    <section-image>
      <annotated type="boolean">false</annotated>
      <axes nil="true"/>
      <bits-per-component type="integer">8</bits-per-component>
      <data-set-id type="integer">2545</data-set-id>
      <expression type="boolean" nil="true"/>
      <expression-path>/external/aibssan/production32/prod37/b.2545.14/b.2545.14_419_expression.aff</expression-path>
      <failed type="boolean">false</failed>
      <height type="integer">3008</height>
      <id type="integer">101349734</id>
      <image-height type="integer">3008</image-height>
      <image-type>Primary</image-type>
      <image-width type="integer">3216</image-width>
      <isi-experiment-id type="integer" nil="true"/>
      <lims1-id type="integer">107091</lims1-id>
      <number-of-components type="integer">3</number-of-components>
      <ophys-experiment-id type="integer" nil="true"/>
      <path>/external/aibssan/production13/Satb1_2313_28041/zoomify/primary/null/Satb1_419_null_A.aff</path>
      <projection-function nil="true"/>
      <resolution type="float">1.63</resolution>
      <section-number type="integer">419</section-number>
      <specimen-id type="integer" nil="true"/>
      <structure-id type="integer" nil="true"/>
      <tier-count type="integer">5</tier-count>
      <width type="integer">3216</width>
      <x type="integer">0</x>
      <y type="integer">0</y>
      <alignment2d>
        <id type="integer">348267996</id>
        <tvs>0.613497,0.0,0.0,0.613497,-2407.37,-1850.28</tvs>
        <tsv>1.63,0.0,0.0,1.63,3924.02,3015.96</tsv>
      </alignment2d>
    </section-image>
    <section-image>
      <annotated type="boolean">false</annotated>
      <axes nil="true"/>
      <bits-per-component type="integer">8</bits-per-component>
      <data-set-id type="integer">2545</data-set-id>
      <expression type="boolean" nil="true"/>
      <expression-path>/external/aibssan/production32/prod37/b.2545.14/b.2545.14_427_expression.aff</expression-path>
      <failed type="boolean">false</failed>
      <height type="integer">2696</height>
      <id type="integer">101349739</id>
      <image-height type="integer">2696</image-height>
      <image-type>Primary</image-type>
      <image-width type="integer">3240</image-width>
      <isi-experiment-id type="integer" nil="true"/>
      <lims1-id type="integer">107093</lims1-id>
      <number-of-components type="integer">3</number-of-components>
      <ophys-experiment-id type="integer" nil="true"/>
      <path>/external/aibssan/production13/Satb1_2313_28041/zoomify/primary/null/Satb1_427_null_B.aff</path>
      <projection-function nil="true"/>
      <resolution type="float">1.63</resolution>
      <section-number type="integer">427</section-number>
      <specimen-id type="integer" nil="true"/>
      <structure-id type="integer" nil="true"/>
      <tier-count type="integer">5</tier-count>
      <width type="integer">3240</width>
      <x type="integer">0</x>
      <y type="integer">0</y>
      <alignment2d>
        <id type="integer">348267999</id>
        <tvs>0.613497,0.0,0.0,0.613497,-2288.2,-2126.88</tvs>
        <tsv>1.63,0.0,0.0,1.63,3729.76,3466.81</tsv>
      </alignment2d>
    </section-image>
    <section-image>
      <annotated type="boolean">false</annotated>
      <axes nil="true"/>
      <bits-per-component type="integer">8</bits-per-component>
      <data-set-id type="integer">2545</data-set-id>
      <expression type="boolean" nil="true"/>
      <expression-path>/external/aibssan/production32/prod37/b.2545.14/b.2545.14_435_expression.aff</expression-path>
      <failed type="boolean">false</failed>
      <height type="integer">2840</height>
      <id type="integer">101349744</id>
      <image-height type="integer">2840</image-height>
      <image-type>Primary</image-type>
      <image-width type="integer">2984</image-width>
      <isi-experiment-id type="integer" nil="true"/>
      <lims1-id type="integer">107095</lims1-id>
      <number-of-components type="integer">3</number-of-components>
      <ophys-experiment-id type="integer" nil="true"/>
      <path>/external/aibssan/production13/Satb1_2313_28041/zoomify/primary/null/Satb1_435_null_C.aff</path>
      <projection-function nil="true"/>
      <resolution type="float">1.63</resolution>
      <section-number type="integer">435</section-number>
      <specimen-id type="integer" nil="true"/>
      <structure-id type="integer" nil="true"/>
      <tier-count type="integer">5</tier-count>
      <width type="integer">2984</width>
      <x type="integer">0</x>
      <y type="integer">0</y>
      <alignment2d>
        <id type="integer">348268001</id>
        <tvs>0.613497,0.0,0.0,0.613497,-2553.36,-2279.77</tvs>
        <tsv>1.63,0.0,0.0,1.63,4161.97,3716.03</tsv>
      </alignment2d>
    </section-image>
    <section-image>
      <annotated type="boolean">false</annotated>
      <axes nil="true"/>
      <bits-per-component type="integer">8</bits-per-component>
      <data-set-id type="integer">2545</data-set-id>
      <expression type="boolean" nil="true"/>
      <expression-path>/external/aibssan/production32/prod37/b.2545.14/b.2545.14_443_expression.aff</expression-path>
      <failed type="boolean">false</failed>
      <height type="integer">2944</height>
      <id type="integer">101349749</id>
      <image-height type="integer">2944</image-height>
      <image-type>Primary</image-type>
      <image-width type="integer">3152</image-width>
      <isi-experiment-id type="integer" nil="true"/>
      <lims1-id type="integer">107096</lims1-id>
      <number-of-components type="integer">3</number-of-components>
      <ophys-experiment-id type="integer" nil="true"/>
      <path>/external/aibssan/production13/Satb1_2313_28041/zoomify/primary/null/Satb1_443_null_D.aff</path>
      <projection-function nil="true"/>
      <resolution type="float">1.63</resolution>
      <section-number type="integer">443</section-number>
      <specimen-id type="integer" nil="true"/>
      <structure-id type="integer" nil="true"/>
      <tier-count type="integer">5</tier-count>
      <width type="integer">3152</width>
      <x type="integer">0</x>
      <y type="integer">0</y>
      <alignment2d>
        <id type="integer">348268004</id>
        <tvs>0.613497,0.0,0.0,0.613497,-2460.64,-2183.88</tvs>
        <tsv>1.63,0.0,0.0,1.63,4010.84,3559.73</tsv>
      </alignment2d>
    </section-image>
  </section-images>
  <plane_of_section/>
  <age>P56</age>
</section-data-set>
